,Match ID,Competition,Date,Match,Season,Nationality,Country Code,ORIGINAL JERSEY,Lookup Still Required?,Lookup Return Case,Name(s) Found,Translated Name,Original Case,To Remove
69,2588,"World Cup Qualifiers, Asia, 2022",03-06-2021,Bangladesh vs Afghanistan,2021,Bangladesh,BD,M Ra,True,Failed Using Name Looking at Season and Season +-1,['Monaem Raju Khan'],,Group 1 Fail,False
70,2592,"World Cup Qualifiers, Asia, 2022",07-06-2021,Bangladesh vs India,2021,Bangladesh,BD,M Ra,True,Failed Using Name Looking at Season and Season +-1,['Monaem Raju Khan'],,Group 1 Fail,False
71,2611,"World Cup Qualifiers, Asia, 2022",5-9-2019,Indonesia vs Malaysia,2019,Indonesia,ID,Zul,True,Failed Using Name Looking at Season and Season +-1,['Zulham Zamrun'],,Group 1 Fail,False
72,2623,"World Cup Qualifiers, Asia, 2022",10-10-2019,Bangladesh vs Qatar,2019,Bangladesh,BD,M Ra,True,Failed Using Name Looking at Season and Season +-1,['Monaem Raju Khan'],,Group 1 Fail,False
77,1935,"World Cup Qualifiers, Africa, 2018",12-11-2017,Ghana vs Egypt,2017,Ghana,GH,E Gyasi,True,Failed Using Name Looking at Season and Season +-1,['Emmanuel Gyasi'],,Group 1 Fail,False
78,3539,"African Cup of Nations, 2019",08-07-2019,Mali vs Cote d'Ivoire,2019,Mali,ML,A Diaby,True,Failed Using Name Looking at Season and Season +-1,['Alassane Diaby'],,Group 1 Fail,False
79,3569,"African Cup of Nations, 2019",28-06-2019,Tunisia vs Mali,2019,Mali,ML,A Diaby,True,Failed Using Name Looking at Season and Season +-1,['Alassane Diaby'],,Group 1 Fail,False
80,3586,"African Cup of Nations, 2019",24-06-2019,Mali vs Mauritania,2019,Mali,ML,A Diaby,True,Failed Using Name Looking at Season and Season +-1,['Alassane Diaby'],,Group 1 Fail,False
81,1879,"World Cup Intercontinental Playoffs, 2018",16-11-2017,Peru vs New Zealand,2017,Peru,PE,A Rodríguez,True,Failed Using Name Looking at Season and Season +-1,['Aldair Rodríguez'],,Group 1 Fail,False
82,1882,"World Cup Intercontinental Playoffs, 2018",11-11-2017,New Zealand vs Peru,2017,Peru,PE,A Rodríguez,True,Failed Using Name Looking at Season and Season +-1,['Aldair Rodríguez'],,Group 1 Fail,False
83,1886,"World Cup Qualifiers, Africa, 2014",08-09-2013,Cameroon vs Libya,2013,Libya,LY,Ahmed Sa'ad,True,Failed Using Name Looking at Season and Season +-1,['Ahmed Abi Lashhar'],,Group 1 Fail,False
84,1909,"World Cup Qualifiers, Africa, 2014",15-10-2013,Ghana vs Egypt,2013,Egypt,EG,Wael Gomaa,True,Failed Using Name Looking at Season and Season +-1,['Ahmed Gomaa'],,Group 1 Fail,False
87,2831,"World Cup Qualifiers, Europe, 2014",07-06-2013,Iceland vs Slovenia,2013,Iceland,IS,H Halldórsson,True,Failed Using Name Looking at Season and Season +-1,['Hilmar Árni Halldórsson'],,Group 1 Fail,False
88,2832,"World Cup Qualifiers, Europe, 2014",07-06-2013,Azerbaijan vs Luxembourg,2013,Azerbaijan,AZ,R Dadaov,True,Failed Using Name Looking at Season and Season +-1,['Renat Dadashov'],,Group 1 Fail,False
89,2833,"World Cup Qualifiers, Europe, 2014",15-11-2013,Iceland vs Croatia,2013,Iceland,IS,H Halldórsson,True,Failed Using Name Looking at Season and Season +-1,['Hilmar Árni Halldórsson'],,Group 1 Fail,False
90,2837,"World Cup Qualifiers, Europe, 2014",11-10-2013,Iceland vs Cyprus,2013,Iceland,IS,H Halldórsson,True,Failed Using Name Looking at Season and Season +-1,['Hilmar Árni Halldórsson'],,Group 1 Fail,False
91,2842,"World Cup Qualifiers, Europe, 2014",22-03-2013,Netherlands vs Estonia,2013,Estonia,EE,H Ojamaa,True,Failed Using Name Looking at Season and Season +-1,['Hindrek Ojamaa'],,Group 1 Fail,False
92,2847,"World Cup Qualifiers, Europe, 2014",15-10-2013,Switzerland vs Slovenia,2013,Slovenia,SI,A Struna,True,Failed Using Name Looking at Season and Season +-1,['Aljaz Struna'],,Group 1 Fail,False
93,2853,"World Cup Qualifiers, Europe, 2014",06-09-2013,Switzerland vs Iceland,2013,Iceland,IS,H Halldórsson,True,Failed Using Name Looking at Season and Season +-1,['Hilmar Árni Halldórsson'],,Group 1 Fail,False
94,2855,"World Cup Qualifiers, Europe, 2014",06-09-2013,Estonia vs Netherlands,2013,Estonia,EE,H Ojamaa,True,Failed Using Name Looking at Season and Season +-1,['Hindrek Ojamaa'],,Group 1 Fail,False
95,2856,"World Cup Qualifiers, Europe, 2014",10-09-2013,Cyprus vs Slovenia,2013,Slovenia,SI,A Struna,True,Failed Using Name Looking at Season and Season +-1,['Aljaz Struna'],,Group 1 Fail,False
96,2861,"World Cup Qualifiers, Europe, 2014",22-03-2013,Andorra vs Turkey,2013,Turkey,TR,S Kaya,True,Failed Using Name Looking at Season and Season +-1,['Suat Kaya'],,Group 1 Fail,False
97,2872,"World Cup Qualifiers, Europe, 2014",10-09-2013,Iceland vs Albania,2013,Iceland,IS,H Halldórsson,True,Failed Using Name Looking at Season and Season +-1,['Hilmar Árni Halldórsson'],,Group 1 Fail,False
98,2874,"World Cup Qualifiers, Europe, 2014",06-09-2013,Finland vs Spain,2013,Finland,FI,N Mäenpää,True,Failed Using Name Looking at Season and Season +-1,['Niilo Mäenpää'],,Group 1 Fail,False
99,1995,"World Cup Qualifiers, Africa, 2018",01-09-2017,Morocco vs Mali,2017,Mali,ML,A Diaby,True,Failed Using Name Looking at Season and Season +-1,['Alassane Diaby'],,Group 1 Fail,False
100,2531,"World Cup Qualifiers, Asia, 2022",10-10-2019,United Arab Emirates vs Indonesia,2019,Indonesia,ID,Zul,True,Failed Using Name Looking at Season and Season +-1,['Zulham Zamrun'],,Group 1 Fail,False
101,2537,"World Cup Qualifiers, Asia, 2022",11-06-2021,Singapore vs Saudi Arabia,2021,Singapore,SG,S Sulaiman,True,Failed Using Name Looking at Season and Season +-1,['Safirul Sulaiman'],,Group 1 Fail,False
102,2545,"World Cup Qualifiers, Asia, 2022",03-06-2021,Palestine vs Singapore,2021,Singapore,SG,S Sulaiman,True,Failed Using Name Looking at Season and Season +-1,['Safirul Sulaiman'],,Group 1 Fail,False
103,2546,"World Cup Qualifiers, Asia, 2022",15-10-2019,India vs Bangladesh,2019,Bangladesh,BD,M Ra,True,Failed Using Name Looking at Season and Season +-1,['Monaem Raju Khan'],,Group 1 Fail,False
104,2556,"World Cup Qualifiers, Asia, 2022",10-10-2019,Saudi Arabia vs Singapore,2019,Singapore,SG,S Sulaiman,True,Failed Using Name Looking at Season and Season +-1,['Safirul Sulaiman'],,Group 1 Fail,False
107,2935,"World Cup Qualifiers, Europe, 2018",08-10-2016,Azerbaijan vs Norway,2016,Azerbaijan,AZ,R Sadqov,True,Failed Using Name Looking at Season and Season +-1,['Rashad Sadiqov'],,Group 1 Fail,False
108,2936,"World Cup Qualifiers, Europe, 2018",07-10-2016,Estonia vs Gibraltar,2016,Estonia,EE,H Anier,True,Failed Using Name Looking at Season and Season +-1,['Hannes Anier'],,Group 1 Fail,False
109,2952,"World Cup Qualifiers, Europe, 2018",10-10-2017,Estonia vs Bosnia-Herzegovina-Herzegovina,2017,Estonia,EE,H Anier,True,Failed Using Name Looking at Season and Season +-1,['Hannes Anier'],,Group 1 Fail,False
110,2979,"World Cup Qualifiers, Europe, 2018",09-10-2017,Iceland vs Kosovo,2017,Kosovo,XK,B Halimi,True,Failed Using Name Looking at Season and Season +-1,['Betim Halimi'],,Group 1 Fail,False
111,2888,"World Cup Qualifiers, Europe, 2014",15-10-2013,Azerbaijan vs Russia,2013,Azerbaijan,AZ,R Dadaov,True,Failed Using Name Looking at Season and Season +-1,['Renat Dadashov'],,Group 1 Fail,False
112,2896,"World Cup Qualifiers, Europe, 2014",22-03-2013,Spain vs Finland,2013,Finland,FI,N Mäenpää,True,Failed Using Name Looking at Season and Season +-1,['Niilo Mäenpää'],,Group 1 Fail,False
113,2905,"World Cup Qualifiers, Europe, 2014",10-09-2013,Georgia vs Finland,2013,Finland,FI,N Mäenpää,True,Failed Using Name Looking at Season and Season +-1,['Niilo Mäenpää'],,Group 1 Fail,False
114,2925,"World Cup Qualifiers, Europe, 2014",15-10-2013,Turkey vs Netherlands,2013,Turkey,TR,S Kaya,True,Failed Using Name Looking at Season and Season +-1,['Suat Kaya'],,Group 1 Fail,False
115,2927,"World Cup Qualifiers, Europe, 2014",19-11-2013,Croatia vs Iceland,2013,Iceland,IS,H Halldórsson,True,Failed Using Name Looking at Season and Season +-1,['Hilmar Árni Halldórsson'],,Group 1 Fail,False
116,2789,"World Cup Qualifiers, Europe, 2014",06-09-2013,Turkey vs Andorra,2013,Turkey,TR,S Kaya,True,Failed Using Name Looking at Season and Season +-1,['Suat Kaya'],,Group 1 Fail,False
117,2794,"World Cup Qualifiers, Europe, 2014",26-03-2013,Turkey vs Hungary,2013,Turkey,TR,S Kaya,True,Failed Using Name Looking at Season and Season +-1,['Suat Kaya'],,Group 1 Fail,False
118,2802,"World Cup Qualifiers, Europe, 2014",11-06-2013,Belarus vs Finland,2013,Finland,FI,N Mäenpää,True,Failed Using Name Looking at Season and Season +-1,['Niilo Mäenpää'],,Group 1 Fail,False
119,2812,"World Cup Qualifiers, Europe, 2014",15-10-2013,France vs Finland,2013,Finland,FI,N Mäenpää,True,Failed Using Name Looking at Season and Season +-1,['Niilo Mäenpää'],,Group 1 Fail,False
120,2820,"World Cup Qualifiers, Europe, 2014",11-10-2013,Estonia vs Turkey,2013,Estonia,EE,H Ojamaa,True,Failed Using Name Looking at Season and Season +-1,['Hindrek Ojamaa'],,Group 1 Fail,False
121,2820,"World Cup Qualifiers, Europe, 2014",11-10-2013,Estonia vs Turkey,2013,Turkey,TR,S Kaya,True,Failed Using Name Looking at Season and Season +-1,['Suat Kaya'],,Group 1 Fail,False
122,2821,"World Cup Qualifiers, Europe, 2014",07-09-2013,Israel vs Azerbaijan,2013,Azerbaijan,AZ,R Dadaov,True,Failed Using Name Looking at Season and Season +-1,['Renat Dadashov'],,Group 1 Fail,False
123,2823,"World Cup Qualifiers, Europe, 2014",11-10-2013,Slovenia vs Norway,2013,Slovenia,SI,A Struna,True,Failed Using Name Looking at Season and Season +-1,['Aljaz Struna'],,Group 1 Fail,False
124,2824,"World Cup Qualifiers, Europe, 2014",10-09-2013,Romania vs Turkey,2013,Turkey,TR,S Kaya,True,Failed Using Name Looking at Season and Season +-1,['Suat Kaya'],,Group 1 Fail,False
125,2640,"World Cup Qualifiers, Asia, 2022",15-06-2021,Bangladesh vs Oman,2021,Bangladesh,BD,M Ra,True,Failed Using Name Looking at Season and Season +-1,['Monaem Raju Khan'],,Group 1 Fail,False
126,2641,"World Cup Qualifiers, Asia, 2022",15-10-2019,Singapore vs Uzbekistan,2019,Singapore,SG,S Sulaiman,True,Failed Using Name Looking at Season and Season +-1,['Safirul Sulaiman'],,Group 1 Fail,False
127,2666,"World Cup Qualifiers, Asia, 2022",19-11-2019,Yemen vs Singapore,2019,Singapore,SG,S Sulaiman,True,Failed Using Name Looking at Season and Season +-1,['Safirul Sulaiman'],,Group 1 Fail,False
128,2676,"World Cup Qualifiers, Asia, 2022",05-09-2019,Singapore vs Yemen,2019,Singapore,SG,S Sulaiman,True,Failed Using Name Looking at Season and Season +-1,['Safirul Sulaiman'],,Group 1 Fail,False
135,3350,"World Cup Qualifiers, Europe, 2022",08-09-2021,Wales vs Estonia,2021,Estonia,EE,H Anier,True,Failed Using Name Looking at Season and Season +-1,['Hannes Anier'],,Group 1 Fail,False
136,3354,"World Cup Qualifiers, Europe, 2022",13-11-2021,Belgium vs Estonia,2021,Estonia,EE,H Anier,True,Failed Using Name Looking at Season and Season +-1,['Hannes Anier'],,Group 1 Fail,False
137,3358,"World Cup Qualifiers, Europe, 2022",02-09-2021,Estonia vs Belgium,2021,Estonia,EE,H Anier,True,Failed Using Name Looking at Season and Season +-1,['Hannes Anier'],,Group 1 Fail,False
138,3101,"World Cup Qualifiers, Europe, 2018",04-09-2016,San Marino vs Azerbaijan,2016,Azerbaijan,AZ,R Sadqov,True,Failed Using Name Looking at Season and Season +-1,['Rashad Sadiqov'],,Group 1 Fail,False
139,3124,"World Cup Qualifiers, Europe, 2018",09-06-2017,Andorra vs Hungary,2017,Hungary,HU,B Tóth,True,Failed Using Name Looking at Season and Season +-1,['Balázs Tóth'],,Group 1 Fail,False
140,3126,"World Cup Qualifiers, Europe, 2018",31-08-2017,Greece vs Estonia,2017,Estonia,EE,H Anier,True,Failed Using Name Looking at Season and Season +-1,['Hannes Anier'],,Group 1 Fail,False
141,3180,"World Cup Qualifiers, Europe, 2018",06-10-2017,Kosovo vs Ukraine,2017,Kosovo,XK,B Halimi,True,Failed Using Name Looking at Season and Season +-1,['Betim Halimi'],,Group 1 Fail,False
142,2713,"World Cup Qualifiers, Asia, 2026",12-10-2023,Cambodia vs Pakistan,2023,Pakistan,PK,Y Butt,True,Failed Using Name Looking at Season and Season +-1,['Yaqoob Butt'],,Group 1 Fail,False
143,2727,"World Cup Qualifiers, Asia, 2026",16-11-2023,Saudi Arabia vs Pakistan,2023,Pakistan,PK,Y Butt,True,Failed Using Name Looking at Season and Season +-1,['Yaqoob Butt'],,Group 1 Fail,False
144,2255,"World Cup Qualifiers, Asia, 2014",18-06-2013,South Korea vs Iran,2013,Iran,IR,A Sadeghi,True,Failed Using Name Looking at Season and Season +-1,['Amirali Sadeghi'],,Group 1 Fail,False
145,3301,"World Cup Qualifiers, Europe, 2022",27-03-2021,Belarus vs Estonia,2021,Estonia,EE,H Anier,True,Failed Using Name Looking at Season and Season +-1,['Hannes Anier'],,Group 1 Fail,False
146,3672,"Gold Cup, 2015",10-07-2015,Trinidad and Tobago vs Guatemala,2015,Trinidad and Tobago,TT,K George,True,Failed Using Name Looking at Season and Season +-1,['Keston George'],,Group 1 Fail,False
147,3681,"Gold Cup, 2015",16-07-2015,Mexico vs Trinidad and Tobago,2015,Trinidad and Tobago,TT,K George,True,Failed Using Name Looking at Season and Season +-1,['Keston George'],,Group 1 Fail,False
148,3682,"Gold Cup, 2015",19-07-2015,Trinidad and Tobago vs Panama,2015,Trinidad and Tobago,TT,K George,True,Failed Using Name Looking at Season and Season +-1,['Keston George'],,Group 1 Fail,False
149,3684,"Gold Cup, 2015",12-07-2015,Trinidad and Tobago vs Cuba,2015,Trinidad and Tobago,TT,K George,True,Failed Using Name Looking at Season and Season +-1,['Keston George'],,Group 1 Fail,False
150,2502,"World Cup Qualifiers, Asia, 2022",14-11-2019,Oman vs Bangladesh,2019,Bangladesh,BD,M Ra,True,Failed Using Name Looking at Season and Season +-1,['Monaem Raju Khan'],,Group 1 Fail,False
151,2504,"World Cup Qualifiers, Asia, 2022",10-09-2019,Singapore vs Palestine,2019,Singapore,SG,S Sulaiman,True,Failed Using Name Looking at Season and Season +-1,['Safirul Sulaiman'],,Group 1 Fail,False
152,2521,"World Cup Qualifiers, Asia, 2022",07-06-2021,Uzbekistan vs Singapore,2021,Singapore,SG,S Sulaiman,True,Failed Using Name Looking at Season and Season +-1,['Safirul Sulaiman'],,Group 1 Fail,False
153,2526,"World Cup Qualifiers, Asia, 2022",05-06-2021,Lebanon vs Sri Lanka,2021,Sri Lanka,LK,Mohamed Fasal,True,Failed Using Name Looking at Season and Season +-1,['Rishad Mohamed Rasik'],,Group 1 Fail,False
158,2157,"World Cup Qualifiers, Africa, 2022",05-09-2019,Somalia vs Zimbabwe,2019,Somalia,SO,A Ahmed,True,Failed Using Name Looking at Season and Season +-1,Said Ahmed Said,,Group 1 Fail,False
160,3702,"Gold Cup, 2017",17-07-2017,Curaçao vs Mexico,2017,Mexico,MX,R López,True,Failed Using Name Looking at Season and Season +-1,['Rodrigo López'],,Group 1 Fail,False
161,3732,"Gold Cup, 2019",19-06-2019,Panama vs Trinidad and Tobago,2019,Trinidad and Tobago,TT,K George,True,Failed Using Name Looking at Season and Season +-1,['Keston George'],,Group 1 Fail,False
162,3736,"Gold Cup, 2019",27-06-2019,Trinidad and Tobago vs Guyana,2019,Trinidad and Tobago,TT,K George,True,Failed Using Name Looking at Season and Season +-1,['Keston George'],,Group 1 Fail,False
163,3737,"Gold Cup, 2019",23-06-2019,United States vs Trinidad and Tobago,2019,Trinidad and Tobago,TT,K George,True,Failed Using Name Looking at Season and Season +-1,['Keston George'],,Group 1 Fail,False
164,2983,"World Cup Qualifiers, Europe, 2018",03-09-2017,Estonia vs Cyprus,2017,Estonia,EE,H Anier,True,Failed Using Name Looking at Season and Season +-1,['Hannes Anier'],,Group 1 Fail,False
165,3010,"World Cup Qualifiers, Europe, 2018",13-11-2016,Belgium vs Estonia,2016,Estonia,EE,H Anier,True,Failed Using Name Looking at Season and Season +-1,['Hannes Anier'],,Group 1 Fail,False
166,3272,"World Cup Qualifiers, Europe, 2022",08-10-2021,Estonia vs Belarus,2021,Estonia,EE,H Anier,True,Failed Using Name Looking at Season and Season +-1,['Hannes Anier'],,Group 1 Fail,False
167,2735,"World Cup Qualifiers, Asia, 2026",21-11-2023,Palestine vs Australia,2023,Palestine,PS,A Jaber,True,Failed Using Name Looking at Season and Season +-1,"[""Ala'a Abu Saleh""]",,Group 1 Fail,False
168,2742,"World Cup Qualifiers, Asia, 2026",12-10-2023,Singapore vs Guam,2023,Singapore,SG,Z Suzliman,True,Failed Using Name Looking at Season and Season +-1,['Zulfadhmi Suzliman'],,Group 1 Fail,False
169,2744,"World Cup Qualifiers, Asia, 2026",21-11-2023,Singapore vs Thailand,2023,Singapore,SG,S Sulaiman,True,Failed Using Name Looking at Season and Season +-1,['Safirul Sulaiman'],,Group 1 Fail,False
170,2748,"World Cup Qualifiers, Asia, 2026",17-10-2023,Guam vs Singapore,2023,Singapore,SG,Z Suzliman,True,Failed Using Name Looking at Season and Season +-1,['Zulfadhmi Suzliman'],,Group 1 Fail,False
171,2749,"World Cup Qualifiers, Asia, 2026",16-11-2023,Lebanon vs Palestine,2023,Palestine,PS,A Jaber,True,Failed Using Name Looking at Season and Season +-1,"[""Ala'a Abu Saleh""]",,Group 1 Fail,False
172,2753,"World Cup Qualifiers, Asia, 2026",17-10-2023,Pakistan vs Cambodia,2023,Pakistan,PK,Y Butt,True,Failed Using Name Looking at Season and Season +-1,['Yaqoob Butt'],,Group 1 Fail,False
173,2761,"World Cup Qualifiers, Asia, 2026",21-11-2023,Pakistan vs Tajikistan,2023,Pakistan,PK,Y Butt,True,Failed Using Name Looking at Season and Season +-1,['Yaqoob Butt'],,Group 1 Fail,False
174,2763,"World Cup Qualifiers, Europe, 2014",15-10-2013,Norway vs Iceland,2013,Iceland,IS,H Halldórsson,True,Failed Using Name Looking at Season and Season +-1,['Hilmar Árni Halldórsson'],,Group 1 Fail,False
175,2764,"World Cup Qualifiers, Europe, 2014",11-10-2013,Azerbaijan vs Northern Ireland,2013,Azerbaijan,AZ,R Dadaov,True,Failed Using Name Looking at Season and Season +-1,['Renat Dadashov'],,Group 1 Fail,False
176,2770,"World Cup Qualifiers, Europe, 2014",07-06-2013,Finland vs Belarus,2013,Finland,FI,N Mäenpää,True,Failed Using Name Looking at Season and Season +-1,['Niilo Mäenpää'],,Group 1 Fail,False
177,2772,"World Cup Qualifiers, Europe, 2014",22-03-2013,Slovenia vs Iceland,2013,Iceland,IS,H Halldórsson,True,Failed Using Name Looking at Season and Season +-1,['Hilmar Árni Halldórsson'],,Group 1 Fail,False
178,1898,"World Cup Qualifiers, Africa, 2014",07-09-2013,Sierra Leone vs Equatorial Guinea,2013,Sierra Leone,SL,M Bangura,True,Failed Using Name Looking at Season and Season +-1,['Mohamed Bangura'],,Group 1 Fail,False
179,2571,"World Cup Qualifiers, Asia, 2022",04-12-2020,Qatar vs Bangladesh,2020,Bangladesh,BD,M Ra,True,Failed Using Name Looking at Season and Season +-1,['Monaem Raju Khan'],,Group 1 Fail,False
250,3134,"World Cup Qualifiers, Europe, 2018",01-09-2017,Norway vs Azerbaijan,2017,Azerbaijan,AZ,R Sadqov,True,Failed Using Name Looking at Season and Season +-1,['Rashad Sadiqov'],,Group 1 Fail,False
251,3143,"World Cup Qualifiers, Europe, 2018",10-06-2017,Azerbaijan vs Northern Ireland,2017,Azerbaijan,AZ,R Sadqov,True,Failed Using Name Looking at Season and Season +-1,['Rashad Sadiqov'],,Group 1 Fail,False
253,1936,"World Cup Qualifiers, Africa, 2018",17-10-2015,Eswatini vs Djibouti,2015,Eswatini,SZ,C Skondze,True,Failed Using Name Looking at Season and Season +-1,Colani Papi Skondze,,Group 1 Fail,False
254,1913,"World Cup Qualifiers, Africa, 2014",08-09-2013,Sudan vs Lesotho,2013,Lesotho,LS,M Ntobo,True,Failed Using Name Looking at Season and Season +-1,['Moitheri Ntobo'],,Group 1 Fail,False
255,2236,"World Cup Qualifiers, Africa, 2026",19-11-2023,Sudan vs Congo DR,2023,Sudan,SD,Mohamed Erneq,True,Failed Using Name Looking at Season and Season +-1,Mohamed Amin,,Group 1 Fail,False
256,2242,"World Cup Qualifiers, Africa, 2026",16-11-2023,Sudan vs Togo,2023,Sudan,SD,Mohamed Erneq,True,Failed Using Name Looking at Season and Season +-1,Mohamed Amin,,Group 1 Fail,False
264,2183,"World Cup Qualifiers, Africa, 2022",29-03-2022,Tunisia vs Mali,2022,Mali,ML,A Diaby,True,Failed Using Name Looking at Season and Season +-1,['Alassane Diaby'],,Group 1 Fail,False
265,2437,"World Cup Qualifiers, Asia, 2018",13-10-2015,Jordan vs Tajikistan,2015,Tajikistan,TJ,K Saidov,True,Failed Using Name Looking at Season and Season +-1,['Karomatullo Saidov'],,Group 1 Fail,False
267,2077,"World Cup Qualifiers, Africa, 2022",06-10-2021,Morocco vs Guinea-Bissau,2021,Guinea-Bissau,GW,A Mendy,True,Failed Using Name Looking at Season and Season +-1,['Alexandre Mendy'],,Group 1 Fail,False
268,3070,"World Cup Qualifiers, Europe, 2018",04-09-2017,Azerbaijan vs San Marino,2017,Azerbaijan,AZ,R Sadqov,True,Failed Using Name Looking at Season and Season +-1,['Rashad Sadiqov'],,Group 1 Fail,False
269,2948,"World Cup Qualifiers, Europe, 2018",26-03-2017,Azerbaijan vs Germany,2017,Azerbaijan,AZ,R Sadqov,True,Failed Using Name Looking at Season and Season +-1,['Rashad Sadiqov'],,Group 1 Fail,False
270,2958,"World Cup Qualifiers, Europe, 2018",05-10-2017,Azerbaijan vs Czech Republic,2017,Azerbaijan,AZ,R Sadqov,True,Failed Using Name Looking at Season and Season +-1,['Rashad Sadiqov'],,Group 1 Fail,False
271,2128,"World Cup Qualifiers, Africa, 2022",25-03-2022,Mali vs Tunisia,2022,Mali,ML,A Diaby,True,Failed Using Name Looking at Season and Season +-1,['Alassane Diaby'],,Group 1 Fail,False
272,2166,"World Cup Qualifiers, Africa, 2022",15-11-2021,Guinea-Bissau vs Sudan,2021,Guinea-Bissau,GW,A Mendy,True,Failed Using Name Looking at Season and Season +-1,['Alexandre Mendy'],,Group 1 Fail,False
273,2233,"World Cup Qualifiers, Africa, 2026",20-11-2023,Gambia vs Cote d'Ivoire,2023,Cote d'Ivoire,CI,H Traoré,True,Failed Using Name Looking at Season and Season +-1,['Hamed Junior Traorè'],,Group 1 Fail,False
274,2267,"World Cup Qualifiers, Asia, 2018",08-09-2015,Chinese Taipei vs Vietnam,2015,Vietnam,VN,V Minh Tun,True,Failed Using Name Looking at Season and Season +-1,['Van Tung Nguyen'],,Group 1 Fail,False
275,1245,Copa America 2016,19.06.16,Argentina vs Venezuela,2016,Venezuela,VE,Martinez,True,Failed Using Name Looking at Season and Season +-1,['Adrián Martínez'],,Group 1 Fail,False
276,1259,Copa America 2016,06.06.16,Jamaica vs Venezuela,2016,Venezuela,VE,Martinez,True,Failed Using Name Looking at Season and Season +-1,['Adrián Martínez'],,Group 1 Fail,False
277,1261,Copa America 2016,10.06.16,Uruguay vs Venezuela,2016,Venezuela,VE,Martinez,True,Failed Using Name Looking at Season and Season +-1,['Adrián Martínez'],,Group 1 Fail,False
278,2000,"World Cup Qualifiers, Africa, 2018",11-11-2016,Libya vs Tunisia,2016,Libya,LY,Abdelrahman Fetori,True,Failed Using Name Looking at Season and Season +-1,['Abdulrahim El-Triki'],,Group 1 Fail,False
280,2179,"World Cup Qualifiers, Africa, 2022",10-09-2019,Zimbabwe vs Somalia,2019,Somalia,SO,M Ali Mohamed,True,Failed Using Name Looking at Season and Season +-1,,,Large Dataset Said 0 Complete,False
281,2446,"World Cup Qualifiers, Asia, 2018",16-06-2015,Bangladesh vs Tajikistan,2015,Tajikistan,TJ,U Sharipov,True,Failed Using Name Looking at Season and Season +-1,Umardzhon Sharipov,,Large Dataset Said 0 Complete,False
282,2100,"World Cup Qualifiers, Africa, 2022",08-10-2021,Egypt vs Libya,2021,Libya,LY,Mohammad Zubya,True,Failed Using Name Looking at Season and Season +-1,Mohamed Zaabia,,Large Dataset Said 0 Complete,False
283,2122,"World Cup Qualifiers, Africa, 2022",11-10-2021,Libya vs Egypt,2021,Libya,LY,Mohammad Zubya,True,Failed Using Name Looking at Season and Season +-1,Mohamed Zaabia,,Large Dataset Said 0 Complete,False
284,2354,"World Cup Qualifiers, Asia, 2018",12-11-2015,South Korea vs Myanmar,2015,Myanmar,MM,Thet Naing,True,Failed Using Name Looking at Season and Season +-1,Thet Naing,,Large Dataset Said 0 Complete,False
285,1990,"World Cup Qualifiers, Africa, 2018",11-11-2017,Congo DR vs Guinea,2017,Guinea,GN,M Traoré,True,Failed Using Name Looking at Season and Season +-1,Mohamed Kalil Traoré,,Large Dataset Said 0 Complete,False
286,2156,"World Cup Qualifiers, Africa, 2022",01-09-2021,Egypt vs Angola,2021,Egypt,EG,Ahmed Zizo,True,Failed Using Name Looking at Season and Season +-1,Ahmed Ali,,Large Dataset Said 0 Complete,False
287,2101,"World Cup Qualifiers, Africa, 2022",07-09-2021,Equatorial Guinea vs Mauritania,2021,Equatorial Guinea,GQ,Rui Gomes,True,Failed Using Name Looking at Season and Season +-1,['Rui'],,Lookup Required Matches,False
288,2603,"World Cup Qualifiers, Asia, 2022",01-02-2022,Vietnam vs China PR,2022,China PR,CN,Aloísio,True,Failed Using Name Looking at Season and Season +-1,['Aloísio'],,Lookup Required Matches,False
289,2603,"World Cup Qualifiers, Asia, 2022",01-02-2022,Vietnam vs China PR,2022,China PR,CN,Alan,True,Failed Using Name Looking at Season and Season +-1,['Alan'],,Lookup Required Matches,False
290,2613,"World Cup Qualifiers, Asia, 2022",07-10-2021,China PR vs Vietnam,2021,China PR,CN,Wang Gang,True,Failed Using Name Looking at Season and Season +-1,['Gang Wang'],,Lookup Required Matches,False
291,2567,"World Cup Qualifiers, Asia, 2022",7-9-2021,China PR vs Japan,2021,China PR,CN,Wang Gang,True,Failed Using Name Looking at Season and Season +-1,['Gang Wang'],,Lookup Required Matches,False
292,2569,"World Cup Qualifiers, Asia, 2022",16-11-2021,China PR vs Australia,2021,China PR,CN,Aloísio,True,Failed Using Name Looking at Season and Season +-1,['Aloísio'],,Lookup Required Matches,False
293,2632,"World Cup Qualifiers, Asia, 2022",11-11-2021,China PR vs Oman,2021,China PR,CN,Aloísio,True,Failed Using Name Looking at Season and Season +-1,['Aloísio'],,Lookup Required Matches,False
294,2254,"World Cup Qualifiers, Asia, 2014",06-09-2013,Jordan vs Uzbekistan,2013,Uzbekistan,UZ,I Inomov,True,Failed Using Name Looking at Season and Season +-1,Farrukh Ikromov,,Lookup Required Matches,False
295,3495,"African Cup of Nations, 2015",18-01-2015,Tunisia vs Cape Verde,2015,Tunisia,TN,M Manser,True,Failed Using Name Looking at Season and Season +-1,Mohamed Ben Mansour,,Lookup Required Matches,False
296,3651,"Gold Cup, 2013",09-07-2013,El Salvador vs Trinidad and Tobago,2013,Trinidad and Tobago,TT,K Carter,True,Failed Using Name Looking at Season and Season +-1,Keron Clarke,,Lookup Required Matches,False
297,2175,"World Cup Qualifiers, Africa, 2022",10-09-2019,Sudan vs Chad,2019,Chad,TD,M Adoassou,True,Failed Using Name Looking at Season and Season +-1,Eli Matthieu Adaoussou,,Lookup Required Matches,False
298,1968,"World Cup Qualifiers, Africa, 2018",17-11-2015,Tunisia vs Mauritania,2015,Tunisia,TN,M Manser,True,Failed Using Name Looking at Season and Season +-1,Mohamed Ben Mansour,,Lookup Required Matches,False
299,1888,"World Cup Qualifiers, Africa, 2014",07-09-2013,South Africa vs Botswana,2013,Botswana,BW,M Thuma,True,Failed Using Name Looking at Season and Season +-1,Misani Ega Thupa,,Lookup Required Matches,False
300,1888,"World Cup Qualifiers, Africa, 2014",07-09-2013,South Africa vs Botswana,2013,Botswana,BW,T Motlhabankwe,True,Failed Using Name Looking at Season and Season +-1,Thabang Mosige,,Lookup Required Matches,False
301,1894,"World Cup Qualifiers, Africa, 2014",07-09-2013,Angola vs Liberia,2013,Liberia,LR,S Thompson,True,Failed Using Name Looking at Season and Season +-1,Tommy Songo,,Lookup Required Matches,False
302,1906,"World Cup Qualifiers, Africa, 2014",16-11-2013,Senegal vs Cote d'Ivoire,2013,Cote d'Ivoire,CI,B Barry,True,Failed Using Name Looking at Season and Season +-1,Vakoun Bayo,,Lookup Required Matches,False
303,1907,"World Cup Qualifiers, Africa, 2014",07-09-2013,Cote d'Ivoire vs Morocco,2013,Cote d'Ivoire,CI,B Barry,True,Failed Using Name Looking at Season and Season +-1,Vakoun Bayo,,Lookup Required Matches,False
304,1911,"World Cup Qualifiers, Africa, 2014",12-10-2013,Cote d'Ivoire vs Senegal,2013,Cote d'Ivoire,CI,B Barry,True,Failed Using Name Looking at Season and Season +-1,Vakoun Bayo,,Lookup Required Matches,False
305,1973,"World Cup Qualifiers, Africa, 2018",13-10-2015,Mauritania vs South Sudan,2015,South Sudan,SS,A Akuie,True,Failed Using Name Looking at Season and Season +-1,William Akio,,Lookup Required Matches,False
306,2136,"World Cup Qualifiers, Africa, 2022",08-09-2019,Equatorial Guinea vs South Sudan,2019,South Sudan,SS,D Daluri,True,Failed Using Name Looking at Season and Season +-1,David Alfred Urbano,,Lookup Required Matches,False
307,2714,"World Cup Qualifiers, Asia, 2026",16-11-2023,Turkmenistan vs Uzbekistan,2023,Turkmenistan,TM,Y Gurbanow,True,Failed Using Name Looking at Season and Season +-1,Yazgylyc Gurbanov,,Match Date Filter Said 0,False
308,2728,"World Cup Qualifiers, Asia, 2026",21-11-2023,Afghanistan vs Kuwait,2023,Kuwait,KW,Abdullah Ammar,True,Failed Using Name Looking at Season and Season +-1,Abdullah Al-Ammar,,Match Date Filter Said 0,False
309,2232,"World Cup Qualifiers, Africa, 2026",19-11-2023,Sierra Leone vs Egypt,2023,Sierra Leone,SL,D Kamara,True,Failed Using Name Looking at Season and Season +-1,Demba Kamara,,Match Date Filter Said 0,False
310,2236,"World Cup Qualifiers, Africa, 2026",19-11-2023,Sudan vs Congo DR,2023,Sudan,SD,Abu Agla Abdalla,True,Failed Using Name Looking at Season and Season +-1,Al Hilal Omdurman,,Match Date Filter Said 0,False
311,2751,"World Cup Qualifiers, Asia, 2026",12-10-2023,Myanmar vs Macao,2023,Macao,MF,Pang Chi-Hang,True,Failed Using Name Looking at Season and Season +-1,Must Chao Pak Kei,,Match Date Filter Said 0,False
312,2751,"World Cup Qualifiers, Asia, 2026",12-10-2023,Myanmar vs Macao,2023,Macao,MF,Cheong Hoi San,True,Failed Using Name Looking at Season and Season +-1,Hoi San Cheong,,Match Date Filter Said 0,False
313,2751,"World Cup Qualifiers, Asia, 2026",12-10-2023,Myanmar vs Macao,2023,Macao,MF,C Lei,True,Failed Using Name Looking at Season and Season +-1,Cheng Lam Lei,,Match Date Filter Said 0,False
314,2751,"World Cup Qualifiers, Asia, 2026",12-10-2023,Myanmar vs Macao,2023,Macao,MF,Ka Seng Lam,True,Failed Using Name Looking at Season and Season +-1,Ka Seng Lam,,Match Date Filter Said 0,False
315,2755,"World Cup Qualifiers, Asia, 2026",17-10-2023,Macao vs Myanmar,2023,Macao,MF,Ka Seng Lam,True,Failed Using Name Looking at Season and Season +-1,Ka Seng Lam,,Match Date Filter Said 0,False
316,2755,"World Cup Qualifiers, Asia, 2026",17-10-2023,Macao vs Myanmar,2023,Macao,MF,C Lei,True,Failed Using Name Looking at Season and Season +-1,Cheng Lam Lei,,Match Date Filter Said 0,False
317,3797,"Gold Cup, 2023",05-07-2023,Guadeloupe vs Guatemala,2023,Guatemala,GT,E García,True,Failed Using Name Looking at Season and Season +-1,Gabriel Garcia,,Match Date Filter Said 0,False
318,2442,"World Cup Qualifiers, Asia, 2018",12-03-2015,Cambodia vs Macao,2015,Macao,MF,Pang Chi-Hang,True,Failed Using Name Looking at Season and Season +-1,Must Chao Pak Kei,,Match Date Filter Said 0,False
319,2450,"World Cup Qualifiers, Asia, 2018",03-09-2015,Kuwait vs Myanmar,2015,Kuwait,KW,Abdel Aziz Al Enezi,True,Failed Using Name Looking at Season and Season +-1,Abdulaziz Wadi,,Match Date Filter Said 0,False
320,2474,"World Cup Qualifiers, Asia, 2018",11-06-2015,Lebanon vs Kuwait,2015,Kuwait,KW,Abdel Aziz Al Enezi,True,Failed Using Name Looking at Season and Season +-1,Abdulaziz Wadi,,Match Date Filter Said 0,False
326,2385,"World Cup Qualifiers, Asia, 2018",16-06-2015,Guam vs India,2015,India,IN,D Singh,True,Failed Using Name Looking at Season and Season +-1,Dheeraj Singh,,Match Date Filter Said 0,False
327,2406,"World Cup Qualifiers, Asia, 2018",12-03-2015,Sri Lanka vs Bhutan,2015,Sri Lanka,LK,D De Silva,True,Failed Using Name Looking at Season and Season +-1,Dillon De Silva,,Match Date Filter Said 0,False
328,2101,"World Cup Qualifiers, Africa, 2022",07-09-2021,Equatorial Guinea vs Mauritania,2021,Mauritania,MR,A Sy,True,Failed Using Name Looking at Season and Season +-1,Abou Sy,,Match Date Filter Said 0,False
331,2582,"World Cup Qualifiers, Asia, 2022",02-09-2021,Saudi Arabia vs Vietnam,2021,Vietnam,VN,Bùi Tn Trng,True,Failed Using Name Looking at Season and Season +-1,Bùi Tấn Trường,,Match Date Filter Said 0,False
332,2593,"World Cup Qualifiers, Asia, 2022",07-06-2021,Vietnam vs Indonesia,2021,Vietnam,VN,Bùi Tn Trng,True,Failed Using Name Looking at Season and Season +-1,Bùi Tấn Trường,,Match Date Filter Said 0,False
333,2596,"World Cup Qualifiers, Asia, 2022",11-6-2021,Malaysia vs Vietnam,2021,Vietnam,VN,Bùi Tn Trng,True,Failed Using Name Looking at Season and Season +-1,Bùi Tấn Trường,,Match Date Filter Said 0,False
334,2600,"World Cup Qualifiers, Asia, 2022",11-11-2021,Iraq vs Syria,2021,Syria,SY,Khalid Alhaji,True,Failed Using Name Looking at Season and Season +-1,Khalid Ali Al-Hajjaji,,Match Date Filter Said 0,False
335,2613,"World Cup Qualifiers, Asia, 2022",07-10-2021,China PR vs Vietnam,2021,Vietnam,VN,Bùi Tn Trng,True,Failed Using Name Looking at Season and Season +-1,Bùi Tấn Trường,,Match Date Filter Said 0,False
336,1934,"World Cup Qualifiers, Africa, 2018",13-10-2015,Namibia vs Gambia,2015,Gambia,GM,A Jammeh,True,Failed Using Name Looking at Season and Season +-1,Adama Jammeh,,Match Date Filter Said 0,False
337,1875,"World Cup Intercontinental Playoffs, 2014",20-11-2013,Uruguay vs Jordan,2013,Jordan,JO,Moh'd Khier,True,Failed Using Name Looking at Season and Season +-1,Mohammad Khater,,Match Date Filter Said 0,False
338,2552,"World Cup Qualifiers, Asia, 2022",11-11-2021,Vietnam vs Japan,2021,Vietnam,VN,Bùi Tn Trng,True,Failed Using Name Looking at Season and Season +-1,Bùi Tấn Trường,,Match Date Filter Said 0,False
339,2563,"World Cup Qualifiers, Asia, 2022",16-11-2021,Vietnam vs Saudi Arabia,2021,Vietnam,VN,Bùi Tn Trng,True,Failed Using Name Looking at Season and Season +-1,Mohamed Fasal,,Match Date Filter Said 0,False
345,2026,"World Cup Qualifiers, Africa, 2018",09-10-2015,Gambia vs Namibia,2015,Gambia,GM,A Jammeh,True,Failed Using Name Looking at Season and Season +-1,Adama Jammeh,,Match Date Filter Said 0,False
346,2068,"World Cup Qualifiers, Africa, 2022",09-10-2021,Ghana vs Zimbabwe,2021,Ghana,GH,A Fatawu,True,Failed Using Name Looking at Season and Season +-1,Hamidu Abdul Fatawu,,Match Date Filter Said 0,False
347,3383,"World Cup Qualifiers, Europe, 2022",14-11-2021,North Macedonia vs Iceland,2021,Iceland,IS,S THordarson,True,Failed Using Name Looking at Season and Season +-1,Stefan Teitur Thordarson,,Match Date Filter Said 0,False
348,3419,"World Cup Qualifiers, Europe, 2022",11-11-2021,Romania vs Iceland,2021,Iceland,IS,S THordarson,True,Failed Using Name Looking at Season and Season +-1,Stefan Teitur Thordarson,,Match Date Filter Said 0,False
349,2819,"World Cup Qualifiers, Europe, 2014",07-06-2013,Armenia vs Malta,2013,Armenia,AM,V Aleksanyan,True,Failed Using Name Looking at Season and Season +-1,Sevak Aslanyan,,Match Date Filter Said 0,False
352,2648,"World Cup Qualifiers, Asia, 2022",10-10-2019,South Korea vs Sri Lanka,2019,Sri Lanka,LK,Mohamed Fasal,True,Failed Using Name Looking at Season and Season +-1,Mohamed Fasal,,Match Date Filter Said 0,False
353,2665,"World Cup Qualifiers, Asia, 2022",16-11-2021,Syria vs Iran,2021,Syria,SY,Khalid Alhaji,True,Failed Using Name Looking at Season and Season +-1,Khalid Ali Al Hajjaji,,Match Date Filter Said 0,False
354,3220,"World Cup Qualifiers, Europe, 2022",11-10-2021,Iceland vs Liechtenstein,2021,Iceland,IS,S THordarson,True,Failed Using Name Looking at Season and Season +-1,Stefan Teitur Thordarson,,Match Date Filter Said 0,False
363,2282,"World Cup Qualifiers, Asia, 2018",11-06-2015,India vs Oman,2015,India,IN,D Singh,True,Failed Using Name Looking at Season and Season +-1,Dheeraj Singh,,Match Date Filter Said 0,False
364,2682,"World Cup Qualifiers, Asia, 2022",01-02-2022,Japan vs Saudi Arabia,2022,Japan,JP,Y sako,True,Failed Using Name Looking at Season and Season +-1,Yuya Osako,,Match Date Filter Said 0,False
365,2689,"World Cup Qualifiers, Asia, 2022",19-11-2019,Oman vs India,2019,Oman,OM,Mohsin Al Khaldi,True,Failed Using Name Looking at Season and Season +-1,Mohsin Al Harbi,,Match Date Filter Said 0,False
366,2691,"World Cup Qualifiers, Asia, 2022",05-09-2019,Cambodia vs Hong Kong,2019,Cambodia,KH,Ouk Sovann,True,Failed Using Name Looking at Season and Season +-1,Ouk Sothy,,Match Date Filter Said 0,False
367,2699,"World Cup Qualifiers, Asia, 2022",05-09-2019,Kuwait vs Nepal,2019,Kuwait,KW,Fahad Al Rashidi,True,Failed Using Name Looking at Season and Season +-1,Fahad Aidh Al-Rashidi,,Match Date Filter Said 0,False
368,2703,"World Cup Qualifiers, Asia, 2022",02-09-2021,Iran vs Syria,2021,Syria,SY,Israa Hamwiah,True,Failed Using Name Looking at Season and Season +-1,Esraa Al-Hamwiah,,Match Date Filter Said 0,False
369,2709,"World Cup Qualifiers, Asia, 2026",21-11-2023,Myanmar vs North Korea,2023,Myanmar,MM,Kyaw Soe Moe,True,Failed Using Name Looking at Season and Season +-1,Soe Kyaw Kyaw,,Match Date Filter Said 0,False
370,2709,"World Cup Qualifiers, Asia, 2026",21-11-2023,Myanmar vs North Korea,2023,Myanmar,MM,Thein Zaw Win,True,Failed Using Name Looking at Season and Season +-1,Thein Zaw,,Match Date Filter Said 0,False
371,2709,"World Cup Qualifiers, Asia, 2026",21-11-2023,Myanmar vs North Korea,2023,North Korea,KP,Choe Ok-Chol,True,Failed Using Name Looking at Season and Season +-1,Ok-Chol Jang,,Match Date Filter Said 0,False
372,2709,"World Cup Qualifiers, Asia, 2026",21-11-2023,Myanmar vs North Korea,2023,North Korea,KP,Paek Chung Song,True,Failed Using Name Looking at Season and Season +-1,Chol-ung Song,,Match Date Filter Said 0,False
373,2709,"World Cup Qualifiers, Asia, 2026",21-11-2023,Myanmar vs North Korea,2023,North Korea,KP,Choe Ju-Song,True,Failed Using Name Looking at Season and Season +-1,Chol-ung Song,,Match Date Filter Said 0,False
374,2710,"World Cup Qualifiers, Asia, 2026",12-10-2023,Maldives vs Bangladesh,2023,Bangladesh,BD,Mohamed Sohel Rana,True,Failed Using Name Looking at Season and Season +-1,Mohamed Sohel Rana,,Match Date Filter Said 0,False
375,2718,"World Cup Qualifiers, Asia, 2026",16-11-2023,Syria vs North Korea,2023,Syria,SY,Mohammed Osman,True,Failed Using Name Looking at Season and Season +-1,Mohammed Osman,,Match Date Filter Said 0,False
376,2718,"World Cup Qualifiers, Asia, 2026",16-11-2023,Syria vs North Korea,2023,North Korea,KP,Choe Ok-Chol,True,Failed Using Name Looking at Season and Season +-1,Ok-Chol Jang,,Match Date Filter Said 0,False
377,2718,"World Cup Qualifiers, Asia, 2026",16-11-2023,Syria vs North Korea,2023,North Korea,KP,Kuk-Chol Kang,True,Failed Using Name Looking at Season and Season +-1,Kuk-Chol Kang,,Match Date Filter Said 0,False
378,2718,"World Cup Qualifiers, Asia, 2026",16-11-2023,Syria vs North Korea,2023,North Korea,KP,Choe Ju-Song,True,Failed Using Name Looking at Season and Season +-1,Chol-ung Song,,Match Date Filter Said 0,False
379,2721,"World Cup Qualifiers, Asia, 2026",17-10-2023,Mongolia vs Afghanistan,2023,Mongolia,MN,M Batkhuyag,True,Failed Using Name Looking at Season and Season +-1,Batkhyag Mönkh-Erdene,,Match Date Filter Said 0,False
380,2721,"World Cup Qualifiers, Asia, 2026",17-10-2023,Mongolia vs Afghanistan,2023,Afghanistan,AF,Omid Popalzay,True,Failed Using Name Looking at Season and Season +-1,Omid Popalzay,,Match Date Filter Said 0,False
381,2721,"World Cup Qualifiers, Asia, 2026",17-10-2023,Mongolia vs Afghanistan,2023,Afghanistan,AF,Najim Haidary,True,Failed Using Name Looking at Season and Season +-1,Najim Haidary,,Match Date Filter Said 0,False
382,2721,"World Cup Qualifiers, Asia, 2026",17-10-2023,Mongolia vs Afghanistan,2023,Afghanistan,AF,Noor Husin,True,Failed Using Name Looking at Season and Season +-1,Noor Husin,,Match Date Filter Said 0,False
383,2721,"World Cup Qualifiers, Asia, 2026",17-10-2023,Mongolia vs Afghanistan,2023,Afghanistan,AF,Omran Haydary,True,Failed Using Name Looking at Season and Season +-1,Omran Haydary,,Match Date Filter Said 0,False
384,2721,"World Cup Qualifiers, Asia, 2026",17-10-2023,Mongolia vs Afghanistan,2023,Afghanistan,AF,Jabar Sharza,True,Failed Using Name Looking at Season and Season +-1,Jabar Sharza,,Match Date Filter Said 0,False
385,2723,"World Cup Qualifiers, Asia, 2026",17-10-2023,Timor-Leste vs Chinese Taipei,2023,Chinese Taipei,TW,Huang Tzu-ming,True,Failed Using Name Looking at Season and Season +-1,Hsuan Tuan,,Match Date Filter Said 0,False
386,2728,"World Cup Qualifiers, Asia, 2026",21-11-2023,Afghanistan vs Kuwait,2023,Kuwait,KW,Mohsen Falah,True,Failed Using Name Looking at Season and Season +-1,Mohsen Ghareeb,,Match Date Filter Said 0,False
387,2225,"World Cup Qualifiers, Africa, 2026",16-11-2023,Burundi vs Gambia,2023,Gambia,GM,I Jome,True,Failed Using Name Looking at Season and Season +-1,Ismaila Jome,,Match Date Filter Said 0,False
388,2241,"World Cup Qualifiers, Africa, 2026",16-11-2023,Nigeria vs Lesotho,2023,Nigeria,NG,J Collins,True,Failed Using Name Looking at Season and Season +-1,Jamilu Collins,,Match Date Filter Said 0,False
389,2243,"World Cup Qualifiers, Africa, 2026",20-11-2023,Liberia vs Equatorial Guinea,2023,Liberia,LR,A Williams,True,Failed Using Name Looking at Season and Season +-1,Ashley Williams,,Match Date Filter Said 0,False
390,2247,"World Cup Qualifiers, Africa, 2026",17-11-2023,Cote d'Ivoire vs Seychelles,2023,Seychelles,SC,L Panayi,True,Failed Using Name Looking at Season and Season +-1,Lucas Panayi,,Match Date Filter Said 0,False
391,2247,"World Cup Qualifiers, Africa, 2026",17-11-2023,Cote d'Ivoire vs Seychelles,2023,Seychelles,SC,E Sopha,True,Failed Using Name Looking at Season and Season +-1,Ellie Sopha,,Match Date Filter Said 0,False
392,2247,"World Cup Qualifiers, Africa, 2026",17-11-2023,Cote d'Ivoire vs Seychelles,2023,Seychelles,SC,I Raheriniaina,True,Failed Using Name Looking at Season and Season +-1,Imra Raheriniaina,,Match Date Filter Said 0,False
393,2247,"World Cup Qualifiers, Africa, 2026",17-11-2023,Cote d'Ivoire vs Seychelles,2023,Seychelles,SC,N Bibi,True,Failed Using Name Looking at Season and Season +-1,Norris Bibi,,Match Date Filter Said 0,False
394,2247,"World Cup Qualifiers, Africa, 2026",17-11-2023,Cote d'Ivoire vs Seychelles,2023,Seychelles,SC,M Freminot,True,Failed Using Name Looking at Season and Season +-1,Majid Freminot,,Match Date Filter Said 0,False
395,2248,"World Cup Qualifiers, Africa, 2026",21-11-2023,Botswana vs Guinea,2023,Botswana,BW,M Ngele,True,Failed Using Name Looking at Season and Season +-1,Mogakolodi Ngele,,Match Date Filter Said 0,False
396,2254,"World Cup Qualifiers, Asia, 2014",06-09-2013,Jordan vs Uzbekistan,2013,Jordan,JO,Mohammad Ali,True,Failed Using Name Looking at Season and Season +-1,Mohammad Al-Zoubi,,Match Date Filter Said 0,False
397,2256,"World Cup Qualifiers, Asia, 2014",18-06-2013,Uzbekistan vs Qatar,2013,Qatar,QA,Yousef Ahmad,True,Failed Using Name Looking at Season and Season +-1,Yousef Aymen,,Match Date Filter Said 0,False
398,2259,"World Cup Qualifiers, Asia, 2014",18-06-2013,Jordan vs Oman,2013,Jordan,JO,Mohammad Ali,True,Failed Using Name Looking at Season and Season +-1,Mohammad Al-Zoubi,,Match Date Filter Said 0,False
399,2261,"World Cup Qualifiers, Asia, 2014",10-09-2013,Uzbekistan vs Jordan,2013,Jordan,JO,Mohammad Ali,True,Failed Using Name Looking at Season and Season +-1,Mohammad Al-Zoubi,,Match Date Filter Said 0,False
400,2266,"World Cup Qualifiers, Asia, 2018",08-09-2015,Laos vs Kuwait,2015,Kuwait,KW,Musaed Al Enazi,True,Failed Using Name Looking at Season and Season +-1,Mesaed Al-Enezi,,Match Date Filter Said 0,False
401,2267,"World Cup Qualifiers, Asia, 2018",08-09-2015,Chinese Taipei vs Vietnam,2015,Vietnam,VN,Phm Thành Lng,True,Failed Using Name Looking at Season and Season +-1,Pham Thanh Long Le,,Match Date Filter Said 0,False
403,3487,"African Cup of Nations, 2015",17-01-2015,Burkina Faso vs Gabon,2015,Burkina Faso,BF,M Ko,True,Failed Using Name Looking at Season and Season +-1,Mbah Koné,,Match Date Filter Said 0,False
405,2177,"World Cup Qualifiers, Africa, 2022",07-10-2021,Equatorial Guinea vs Zambia,2021,Zambia,ZM,D Chapa,True,Failed Using Name Looking at Season and Season +-1,Dickson Chapa,,Match Date Filter Said 0,False
406,2179,"World Cup Qualifiers, Africa, 2022",10-09-2019,Zimbabwe vs Somalia,2019,Somalia,SO,A Hussein,True,Failed Using Name Looking at Season and Season +-1,Ayman Mohamed Hussein,,Match Date Filter Said 0,False
407,2186,"World Cup Qualifiers, Africa, 2022",02-09-2021,Kenya vs Uganda,2021,Kenya,KE,E Asike,True,Failed Using Name Looking at Season and Season +-1,Eugene Asike,,Match Date Filter Said 0,False
408,2188,"World Cup Qualifiers, Africa, 2022",14-11-2021,Zimbabwe vs Ethiopia,2021,Zimbabwe,ZW,K Moyo,True,Failed Using Name Looking at Season and Season +-1,Kelvin Moyo,,Match Date Filter Said 0,False
409,2189,"World Cup Qualifiers, Africa, 2022",05-09-2021,Rwanda vs Kenya,2021,Kenya,KE,E Asike,True,Failed Using Name Looking at Season and Season +-1,Eugene Asike,,Match Date Filter Said 0,False
410,2191,"World Cup Qualifiers, Africa, 2022",08-10-2021,Malawi vs Cote d'Ivoire,2021,Malawi,MW,R Chipuwa,True,Failed Using Name Looking at Season and Season +-1,Richard Chipuwa,,Match Date Filter Said 0,False
411,2192,"World Cup Qualifiers, Africa, 2022",29-03-2022,Senegal vs Egypt,2022,Egypt,EG,Rami Rabia,True,Failed Using Name Looking at Season and Season +-1,Rami Rabia,,Match Date Filter Said 0,False
412,2193,"World Cup Qualifiers, Africa, 2022",09-10-2021,Ethiopia vs South Africa,2021,South Africa,ZA,T Mabasa,True,Failed Using Name Looking at Season and Season +-1,Tshegofatso Mabasa,,Match Date Filter Said 0,False
413,2194,"World Cup Qualifiers, Africa, 2022",07-09-2021,Angola vs Libya,2021,Angola,AO,Fábio Abreu,True,Failed Using Name Looking at Season and Season +-1,Fabio Abreu,,Match Date Filter Said 0,False
414,2197,"World Cup Qualifiers, Africa, 2022",08-10-2021,Cameroon vs Mozambique,2021,Mozambique,MZ,N Norberto,True,Failed Using Name Looking at Season and Season +-1,Norberto,,Match Date Filter Said 0,False
415,2210,"World Cup Qualifiers, Africa, 2026",16-11-2023,Botswana vs Mozambique,2023,Mozambique,MZ,Faisal Bangal,True,Failed Using Name Looking at Season and Season +-1,Faisal Bangal,,Match Date Filter Said 0,False
416,2212,"World Cup Qualifiers, Africa, 2026",21-11-2023,Libya vs Cameroon,2023,Libya,LY,Abdelaziz Ali,True,Failed Using Name Looking at Season and Season +-1,Abdelaziz Ali,,Match Date Filter Said 0,False
417,2212,"World Cup Qualifiers, Africa, 2026",21-11-2023,Libya vs Cameroon,2023,Libya,LY,Abdallah Dagou,True,Failed Using Name Looking at Season and Season +-1,Abdallah Dagou,,Match Date Filter Said 0,False
418,2216,"World Cup Qualifiers, Africa, 2026",17-11-2023,Eswatini vs Libya,2023,Libya,LY,Abdelaziz Ali,True,Failed Using Name Looking at Season and Season +-1,Abdelaziz Ali,,Match Date Filter Said 0,False
419,2220,"World Cup Qualifiers, Africa, 2026",20-11-2023,Seychelles vs Kenya,2023,Seychelles,SC,L Panayi,True,Failed Using Name Looking at Season and Season +-1,Lucas Panayi,,Match Date Filter Said 0,False
420,2220,"World Cup Qualifiers, Africa, 2026",20-11-2023,Seychelles vs Kenya,2023,Seychelles,SC,E Sopha,True,Failed Using Name Looking at Season and Season +-1,Ellie Sopha,,Match Date Filter Said 0,False
421,2220,"World Cup Qualifiers, Africa, 2026",20-11-2023,Seychelles vs Kenya,2023,Seychelles,SC,I Raheriniaina,True,Failed Using Name Looking at Season and Season +-1,Imra Raheriniaina,,Match Date Filter Said 0,False
422,2736,"World Cup Qualifiers, Asia, 2026",21-11-2023,India vs Qatar,2023,India,IN,L Ralte,True,Failed Using Name Looking at Season and Season +-1,Lalrindika Ralte,,Match Date Filter Said 0,False
423,2737,"World Cup Qualifiers, Asia, 2026",21-11-2023,Jordan vs Saudi Arabia,2023,Saudi Arabia,SA,Ali Abdullah Hazzazi,True,Failed Using Name Looking at Season and Season +-1,Ali Abdullah Hazazi,,Match Date Filter Said 0,False
424,2740,"World Cup Qualifiers, Asia, 2026",21-11-2023,Bangladesh vs Lebanon,2023,Bangladesh,BD,Mohamed Sohel Rana,True,Failed Using Name Looking at Season and Season +-1,Mohamed Sohel Rana,,Match Date Filter Said 0,False
425,2743,"World Cup Qualifiers, Asia, 2026",16-11-2023,Thailand vs China PR,2023,Thailand,TH,T Do,True,Failed Using Name Looking at Season and Season +-1,Tristan Do,,Match Date Filter Said 0,False
426,2744,"World Cup Qualifiers, Asia, 2026",21-11-2023,Singapore vs Thailand,2023,Thailand,TH,N Selanon,True,Failed Using Name Looking at Season and Season +-1,Nitipong Selanon,,Match Date Filter Said 0,False
427,2749,"World Cup Qualifiers, Asia, 2026",16-11-2023,Lebanon vs Palestine,2023,Lebanon,LB,Majed Osman,True,Failed Using Name Looking at Season and Season +-1,Majed Osman,,Match Date Filter Said 0,False
428,2750,"World Cup Qualifiers, Asia, 2026",16-11-2023,Kuwait vs India,2023,Kuwait,KW,Mohsen Falah,True,Failed Using Name Looking at Season and Season +-1,Mohsen Ghareeb,,Match Date Filter Said 0,False
429,2750,"World Cup Qualifiers, Asia, 2026",16-11-2023,Kuwait vs India,2023,India,IN,L Ralte,True,Failed Using Name Looking at Season and Season +-1,Lalrindika Ralte,,Match Date Filter Said 0,False
430,2751,"World Cup Qualifiers, Asia, 2026",12-10-2023,Myanmar vs Macao,2023,Myanmar,MM,Kyaw Soe Moe,True,Failed Using Name Looking at Season and Season +-1,Soe Kyaw Kyaw,,Match Date Filter Said 0,False
431,2756,"World Cup Qualifiers, Asia, 2026",17-10-2023,Bangladesh vs Maldives,2023,Bangladesh,BD,Mohamed Sohel Rana,True,Failed Using Name Looking at Season and Season +-1,Mohamed Sohel Rana,,Match Date Filter Said 0,False
432,2757,"World Cup Qualifiers, Asia, 2026",21-11-2023,Syria vs Japan,2023,Syria,SY,Mohammed Osman,True,Failed Using Name Looking at Season and Season +-1,Mohammed Osman,,Match Date Filter Said 0,False
433,2759,"World Cup Qualifiers, Asia, 2026",12-10-2023,Afghanistan vs Mongolia,2023,Afghanistan,AF,Omid Popalzay,True,Failed Using Name Looking at Season and Season +-1,Omid Popalzay,,Match Date Filter Said 0,False
434,2759,"World Cup Qualifiers, Asia, 2026",12-10-2023,Afghanistan vs Mongolia,2023,Afghanistan,AF,Najim Haidary,True,Failed Using Name Looking at Season and Season +-1,Najim Haidary,,Match Date Filter Said 0,False
435,2759,"World Cup Qualifiers, Asia, 2026",12-10-2023,Afghanistan vs Mongolia,2023,Afghanistan,AF,Noor Husin,True,Failed Using Name Looking at Season and Season +-1,Noor Husin,,Match Date Filter Said 0,False
436,2759,"World Cup Qualifiers, Asia, 2026",12-10-2023,Afghanistan vs Mongolia,2023,Afghanistan,AF,Omran Haydary,True,Failed Using Name Looking at Season and Season +-1,Omran Haydary,,Match Date Filter Said 0,False
440,2436,"World Cup Qualifiers, Asia, 2018",24-03-2016,Oman vs Guam,2016,Oman,OM,Ahmed Mubarak,True,Failed Using Name Looking at Season and Season +-1,Ahmed Mubarak,,Match Date Filter Said 0,False
441,2442,"World Cup Qualifiers, Asia, 2018",12-03-2015,Cambodia vs Macao,2015,Cambodia,KH,Sovan Sok,True,Failed Using Name Looking at Season and Season +-1,Sovann Ouk,,Match Date Filter Said 0,False
442,2450,"World Cup Qualifiers, Asia, 2018",03-09-2015,Kuwait vs Myanmar,2015,Kuwait,KW,Musaed Al Enazi,True,Failed Using Name Looking at Season and Season +-1,Mesaed Al-Enezi,,Match Date Filter Said 0,False
443,2450,"World Cup Qualifiers, Asia, 2018",03-09-2015,Kuwait vs Myanmar,2015,Myanmar,MM,Pyaye Phyo Aung,True,Failed Using Name Looking at Season and Season +-1,Pyaye Phyo Aung,,Match Date Filter Said 0,False
444,2450,"World Cup Qualifiers, Asia, 2018",03-09-2015,Kuwait vs Myanmar,2015,Myanmar,MM,Hein Zar Aung,True,Failed Using Name Looking at Season and Season +-1,Hein Htet Aung,,Match Date Filter Said 0,False
445,2451,"World Cup Qualifiers, Asia, 2018",29-03-2016,Maldives vs Bhutan,2016,Bhutan,BT,D Tshering,True,Failed Using Name Looking at Season and Season +-1,Dawa Tshering Sr.,,Match Date Filter Said 0,False
446,2460,"World Cup Qualifiers, Asia, 2018",13-10-2015,Kuwait vs Lebanon,2015,Kuwait,KW,Musaed Al Enazi,True,Failed Using Name Looking at Season and Season +-1,Mesaed Al-Enezi,,Match Date Filter Said 0,False
447,2463,"World Cup Qualifiers, Asia, 2018",29-03-2016,Palestine vs Timor-Leste,2016,Timor-Leste,TL,Ervino,True,Failed Using Name Looking at Season and Season +-1,Ervino Soares,,Match Date Filter Said 0,False
448,2466,"World Cup Qualifiers, Asia, 2018",06-09-2016,Iraq vs Saudi Arabia,2016,Saudi Arabia,SA,Naif Hazazi,True,Failed Using Name Looking at Season and Season +-1,Nayef Hazazi,,Match Date Filter Said 0,False
449,2467,"World Cup Qualifiers, Asia, 2018",24-03-2016,Iran vs India,2016,India,IN,A Fernandes,True,Failed Using Name Looking at Season and Season +-1,Augustin Fernandes,,Match Date Filter Said 0,False
450,2469,"World Cup Qualifiers, Asia, 2018",29-03-2016,India vs Turkmenistan,2016,India,IN,A Fernandes,True,Failed Using Name Looking at Season and Season +-1,Augustin Fernandes,,Match Date Filter Said 0,False
451,2469,"World Cup Qualifiers, Asia, 2018",29-03-2016,India vs Turkmenistan,2016,Turkmenistan,TM,S Orazow,True,Failed Using Name Looking at Season and Season +-1,Suleyman Orazov,,Match Date Filter Said 0,False
452,2474,"World Cup Qualifiers, Asia, 2018",11-06-2015,Lebanon vs Kuwait,2015,Lebanon,LB,Hussein Awada,True,Failed Using Name Looking at Season and Season +-1,Hussein Awada,,Match Date Filter Said 0,False
453,2474,"World Cup Qualifiers, Asia, 2018",11-06-2015,Lebanon vs Kuwait,2015,Kuwait,KW,Musaed Al Enazi,True,Failed Using Name Looking at Season and Season +-1,Mesaed Al-Enezi,,Match Date Filter Said 0,False
454,2381,"World Cup Qualifiers, Asia, 2018",24-03-2016,Qatar vs Hong Kong,2016,Hong Kong,HK,Nägelein Andy,True,Failed Using Name Looking at Season and Season +-1,Andy Nägelein,,Match Date Filter Said 0,False
455,2384,"World Cup Qualifiers, Asia, 2018",08-09-2015,Cambodia vs Syria,2015,Cambodia,KH,Sovan Sok,True,Failed Using Name Looking at Season and Season +-1,Sovann Ouk,,Match Date Filter Said 0,False
456,2414,"World Cup Qualifiers, Asia, 2018",29-03-2016,Iraq vs Vietnam,2016,Vietnam,VN,Phm Thành Lng,True,Failed Using Name Looking at Season and Season +-1,Pham Thanh Long Le,,Match Date Filter Said 0,False
457,2419,"World Cup Qualifiers, Asia, 2018",11-06-2015,Bangladesh vs Kyrgyzstan,2015,Bangladesh,BD,M Haque,True,Failed Using Name Looking at Season and Season +-1,Mohamed Ainal Haque,,Match Date Filter Said 0,False
458,2080,"World Cup Qualifiers, Africa, 2022",03-09-2021,Mozambique vs Cote d'Ivoire,2021,Mozambique,MZ,N Norberto,True,Failed Using Name Looking at Season and Season +-1,Norberto,,Match Date Filter Said 0,False
459,2082,"World Cup Qualifiers, Africa, 2022",11-10-2021,Cote d'Ivoire vs Malawi,2021,Cote d'Ivoire,CI,F Boli,True,Failed Using Name Looking at Season and Season +-1,Franck Boli,,Match Date Filter Said 0,False
460,2086,"World Cup Qualifiers, Africa, 2022",03-09-2021,Mauritania vs Zambia,2021,Mauritania,MR,Rachid Ahmed,True,Failed Using Name Looking at Season and Season +-1,Di Ahmedou,,Match Date Filter Said 0,False
461,2086,"World Cup Qualifiers, Africa, 2022",03-09-2021,Mauritania vs Zambia,2021,Zambia,ZM,B Musonda,True,Failed Using Name Looking at Season and Season +-1,Boyd Siame Musonda,,Match Date Filter Said 0,False
462,2090,"World Cup Qualifiers, Africa, 2022",04-09-2019,Djibouti vs Eswatini,2019,Djibouti,DJ,W Said,True,Failed Using Name Looking at Season and Season +-1,Warsama Houssein Said,,Match Date Filter Said 0,False
463,2091,"World Cup Qualifiers, Africa, 2022",07-09-2021,Zambia vs Tunisia,2021,Zambia,ZM,B Musonda,True,Failed Using Name Looking at Season and Season +-1,Boyd Siame Musonda,,Match Date Filter Said 0,False
464,2091,"World Cup Qualifiers, Africa, 2022",07-09-2021,Zambia vs Tunisia,2021,Zambia,ZM,D Chapa,True,Failed Using Name Looking at Season and Season +-1,Dickson Chapa,,Match Date Filter Said 0,False
465,2093,"World Cup Qualifiers, Africa, 2022",03-09-2021,Zimbabwe vs South Africa,2021,South Africa,ZA,G Links,True,Failed Using Name Looking at Season and Season +-1,Gift Links,,Match Date Filter Said 0,False
466,2105,"World Cup Qualifiers, Africa, 2022",07-09-2021,Malawi vs Mozambique,2021,Malawi,MW,R Chipuwa,True,Failed Using Name Looking at Season and Season +-1,Richard Chipuwa,,Match Date Filter Said 0,False
467,2105,"World Cup Qualifiers, Africa, 2022",07-09-2021,Malawi vs Mozambique,2021,Mozambique,MZ,N Norberto,True,Failed Using Name Looking at Season and Season +-1,Norberto,,Match Date Filter Said 0,False
468,2106,"World Cup Qualifiers, Africa, 2022",11-11-2021,South Africa vs Zimbabwe,2021,Zimbabwe,ZW,B Galloway,True,Failed Using Name Looking at Season and Season +-1,Brendan Galloway,,Match Date Filter Said 0,False
469,2106,"World Cup Qualifiers, Africa, 2022",11-11-2021,South Africa vs Zimbabwe,2021,Zimbabwe,ZW,B Sarupinda,True,Failed Using Name Looking at Season and Season +-1,Blessing Sarupinda,,Match Date Filter Said 0,False
470,2108,"World Cup Qualifiers, Africa, 2022",12-11-2021,Angola vs Egypt,2021,Angola,AO,J Bela,True,Failed Using Name Looking at Season and Season +-1,Jérémie Bela,,Match Date Filter Said 0,False
471,2108,"World Cup Qualifiers, Africa, 2022",12-11-2021,Angola vs Egypt,2021,Angola,AO,Mateus,True,Failed Using Name Looking at Season and Season +-1,Mateus,,Match Date Filter Said 0,False
472,2117,"World Cup Qualifiers, Africa, 2022",07-09-2021,Tanzania vs Madagascar,2021,Madagascar,MG,L Manampisoa,True,Failed Using Name Looking at Season and Season +-1,Lalaina Manampisoa,,Match Date Filter Said 0,False
490,2326,"World Cup Qualifiers, Asia, 2018",08-10-2015,Kuwait vs South Korea,2015,Kuwait,KW,Musaed Al Enazi,True,Failed Using Name Looking at Season and Season +-1,Mesaed Al-Enezi,,Match Date Filter Said 0,False
491,2337,"World Cup Qualifiers, Asia, 2018",08-10-2015,Bhutan vs Maldives,2015,Maldives,MV,Ali Shaamiu,True,Failed Using Name Looking at Season and Season +-1,Ali Shaamiu,,Match Date Filter Said 0,False
492,2347,"World Cup Qualifiers, Asia, 2018",17-03-2015,Bhutan vs Sri Lanka,2015,Sri Lanka,LK,Mohamed Johar,True,Failed Using Name Looking at Season and Season +-1,Mohamed Shifan,,Match Date Filter Said 0,False
493,2360,"World Cup Qualifiers, Asia, 2018",29-03-2016,Lebanon vs Myanmar,2016,Myanmar,MM,Nay Zaw Aung,True,Failed Using Name Looking at Season and Season +-1,Nay Zaw Aung,,Match Date Filter Said 0,False
494,2363,"World Cup Qualifiers, Asia, 2018",03-09-2015,Australia vs Bangladesh,2015,Bangladesh,BD,M Haque,True,Failed Using Name Looking at Season and Season +-1,Mohamed Ainal Haque,,Match Date Filter Said 0,False
495,2891,"World Cup Qualifiers, Europe, 2014",11-10-2013,Faroe Islands vs Kazakhstan,2013,Faroe Islands,FO,Jóhan Davidsen,True,Failed Using Name Looking at Season and Season +-1,Jógvan Davidsen,,Match Date Filter Said 0,False
496,2899,"World Cup Qualifiers, Europe, 2014",11-06-2013,Sweden vs Faroe Islands,2013,Faroe Islands,FO,Jóhan Davidsen,True,Failed Using Name Looking at Season and Season +-1,Jógvan Davidsen,,Match Date Filter Said 0,False
497,2905,"World Cup Qualifiers, Europe, 2014",10-09-2013,Georgia vs Finland,2013,Georgia,GE,U Lobjanidze,True,Failed Using Name Looking at Season and Season +-1,Saba Lobjanidze,,Match Date Filter Said 0,False
498,2907,"World Cup Qualifiers, Europe, 2014",22-03-2013,Poland vs Ukraine,2013,Poland,PL,R Majewski,True,Failed Using Name Looking at Season and Season +-1,Radoslaw Majecki,,Match Date Filter Said 0,False
499,2930,"World Cup Qualifiers, Europe, 2014",15-10-2013,Spain vs Georgia,2013,Georgia,GE,U Lobjanidze,True,Failed Using Name Looking at Season and Season +-1,Saba Lobjanidze,,Match Date Filter Said 0,False
500,2579,"World Cup Qualifiers, Asia, 2022",07-06-2021,United Arab Emirates vs Thailand,2021,United Arab Emirates,AE,Mahmoud Khamis,True,Failed Using Name Looking at Season and Season +-1,Mahmoud Khamisi,,Match Date Filter Said 0,False
501,2580,"World Cup Qualifiers, Asia, 2022",07-06-2021,Iraq vs Cambodia,2021,Cambodia,KH,Ouk Sovann,True,Failed Using Name Looking at Season and Season +-1,Ouk Sothy,,Match Date Filter Said 0,False
502,2584,"World Cup Qualifiers, Asia, 2022",10-10-2019,Kyrgyzstan vs Myanmar,2019,Myanmar,MM,Kyaw Soe Moe,True,Failed Using Name Looking at Season and Season +-1,Soe Kyaw Kyaw,,Match Date Filter Said 0,False
503,2584,"World Cup Qualifiers, Asia, 2022",10-10-2019,Kyrgyzstan vs Myanmar,2019,Myanmar,MM,Zin Min Tun,True,Failed Using Name Looking at Season and Season +-1,Zin Min Tun,,Match Date Filter Said 0,False
504,2588,"World Cup Qualifiers, Asia, 2022",03-06-2021,Bangladesh vs Afghanistan,2021,Bangladesh,BD,M Miah,True,Failed Using Name Looking at Season and Season +-1,Mamun Miah,,Match Date Filter Said 0,False
505,2591,"World Cup Qualifiers, Asia, 2022",05-09-2019,Mongolia vs Myanmar,2019,Myanmar,MM,Kyaw Soe Moe,True,Failed Using Name Looking at Season and Season +-1,Soe Kyaw Kyaw,,Match Date Filter Said 0,False
506,2592,"World Cup Qualifiers, Asia, 2022",07-06-2021,Bangladesh vs India,2021,Bangladesh,BD,M Miah,True,Failed Using Name Looking at Season and Season +-1,Mamun Miah,,Match Date Filter Said 0,False
507,2593,"World Cup Qualifiers, Asia, 2022",07-06-2021,Vietnam vs Indonesia,2021,Indonesia,ID,M Ridho,True,Failed Using Name Looking at Season and Season +-1,Muhammad Ridho,,Match Date Filter Said 0,False
508,2595,"World Cup Qualifiers, Asia, 2022",14-11-2019,Kuwait vs Chinese Taipei,2019,Kuwait,KW,Fahad Al Rashidi,True,Failed Using Name Looking at Season and Season +-1,Fahad Aidh Al-Rashidi,,Match Date Filter Said 0,False
509,2599,"World Cup Qualifiers, Asia, 2022",10-09-2019,Yemen vs Saudi Arabia,2019,Yemen,YE,Mohsen Mohammed,True,Failed Using Name Looking at Season and Season +-1,Mohsen Mohammed,,Match Date Filter Said 0,False
510,2600,"World Cup Qualifiers, Asia, 2022",11-11-2021,Iraq vs Syria,2021,Syria,SY,Ahmad Ashkar,True,Failed Using Name Looking at Season and Season +-1,Ahmed El Ashkar,,Match Date Filter Said 0,False
511,2604,"World Cup Qualifiers, Asia, 2022",07-06-2021,Australia vs Chinese Taipei,2021,Chinese Taipei,TW,Cheng Hao,True,Failed Using Name Looking at Season and Season +-1,Cheng Chou,,Match Date Filter Said 0,False
512,2609,"World Cup Qualifiers, Asia, 2022",15-10-2019,Syria vs Guam,2019,Syria,SY,Ahmad Ashkar,True,Failed Using Name Looking at Season and Season +-1,Ahmed El Ashkar,,Match Date Filter Said 0,False
513,2626,"World Cup Qualifiers, Asia, 2022",15-06-2021,Chinese Taipei vs Kuwait,2021,Chinese Taipei,TW,Cheng Hao,True,Failed Using Name Looking at Season and Season +-1,Cheng Chou,,Match Date Filter Said 0,False
514,2627,"World Cup Qualifiers, Asia, 2022",10-09-2019,Myanmar vs Japan,2019,Myanmar,MM,Kyaw Soe Moe,True,Failed Using Name Looking at Season and Season +-1,Soe Kyaw Kyaw,,Match Date Filter Said 0,False
515,1923,"World Cup Qualifiers, Africa, 2018",12-11-2015,Benin vs Burkina Faso,2015,Burkina Faso,BF,M Ko,True,Failed Using Name Looking at Season and Season +-1,Mbah Koné,,Match Date Filter Said 0,False
516,1930,"World Cup Qualifiers, Africa, 2018",13-10-2015,Niger vs Somalia,2015,Niger,NE,D Adamou,True,Failed Using Name Looking at Season and Season +-1,Adamou Ibrahim Djibo,,Match Date Filter Said 0,False
517,1944,"World Cup Qualifiers, Africa, 2018",17-11-2015,Burkina Faso vs Benin,2015,Burkina Faso,BF,M Ko,True,Failed Using Name Looking at Season and Season +-1,Mbah Koné,,Match Date Filter Said 0,False
518,1950,"World Cup Qualifiers, Africa, 2018",17-11-2015,Nigeria vs Eswatini,2015,Nigeria,NG,S Abdullahi,True,Failed Using Name Looking at Season and Season +-1,Suleiman Abdullahi,,Match Date Filter Said 0,False
519,1962,"World Cup Qualifiers, Africa, 2018",17-11-2015,South Africa vs Angola,2015,Angola,AO,Miguel,True,Failed Using Name Looking at Season and Season +-1,Inácio Miguel,,Match Date Filter Said 0,False
520,1967,"World Cup Qualifiers, Africa, 2018",08-10-2016,Congo DR vs Libya,2016,Libya,LY,Ali Al Musrati,True,Failed Using Name Looking at Season and Season +-1,Ali Al-Musrat,,Match Date Filter Said 0,False
521,3550,"African Cup of Nations, 2019",24-06-2019,Tunisia vs Angola,2019,Angola,AO,Paizo,True,Failed Using Name Looking at Season and Season +-1,De Paizo,,Match Date Filter Said 0,False
522,3567,"African Cup of Nations, 2019",29-06-2019,Mauritania vs Angola,2019,Angola,AO,Paizo,True,Failed Using Name Looking at Season and Season +-1,De Paizo,,Match Date Filter Said 0,False
523,3583,"African Cup of Nations, 2019",02-07-2019,Angola vs Mali,2019,Angola,AO,Paizo,True,Failed Using Name Looking at Season and Season +-1,De Paizo,,Match Date Filter Said 0,False
524,1886,"World Cup Qualifiers, Africa, 2014",08-09-2013,Cameroon vs Libya,2013,Cameroon,CM,N Nkoulou,True,Failed Using Name Looking at Season and Season +-1,Nicolas N’Koulou,,Match Date Filter Said 0,False
525,1886,"World Cup Qualifiers, Africa, 2014",08-09-2013,Cameroon vs Libya,2013,Libya,LY,Osama Abdusalam,True,Failed Using Name Looking at Season and Season +-1,Osama Abdusalam,,Match Date Filter Said 0,False
526,1891,"World Cup Qualifiers, Africa, 2014",07-09-2013,Niger vs Congo,2013,Niger,NE,S Musa,True,Failed Using Name Looking at Season and Season +-1,Musa Shehu,,Match Date Filter Said 0,False
527,1893,"World Cup Qualifiers, Africa, 2014",08-09-2013,Benin vs Rwanda,2013,Benin,BJ,L Fousséni,True,Failed Using Name Looking at Season and Season +-1,Lazadi Fousseni,,Match Date Filter Said 0,False
528,1893,"World Cup Qualifiers, Africa, 2014",08-09-2013,Benin vs Rwanda,2013,Rwanda,RW,F Usengimana,True,Failed Using Name Looking at Season and Season +-1,Faustin Usengimana,,Match Date Filter Said 0,False
529,1893,"World Cup Qualifiers, Africa, 2014",08-09-2013,Benin vs Rwanda,2013,Rwanda,RW,M Mushimiyimana,True,Failed Using Name Looking at Season and Season +-1,Mouhamed Mushimiyimana,,Match Date Filter Said 0,False
530,1894,"World Cup Qualifiers, Africa, 2014",07-09-2013,Angola vs Liberia,2013,Angola,AO,Hugo Marques,True,Failed Using Name Looking at Season and Season +-1,Hugo Marques,,Match Date Filter Said 0,False
531,1894,"World Cup Qualifiers, Africa, 2014",07-09-2013,Angola vs Liberia,2013,Angola,AO,Mabululu,True,Failed Using Name Looking at Season and Season +-1,Mabululu,,Match Date Filter Said 0,False
532,1894,"World Cup Qualifiers, Africa, 2014",07-09-2013,Angola vs Liberia,2013,Liberia,LR,M Varney,True,Failed Using Name Looking at Season and Season +-1,Mohammed Varney,,Match Date Filter Said 0,False
533,1898,"World Cup Qualifiers, Africa, 2014",07-09-2013,Sierra Leone vs Equatorial Guinea,2013,Sierra Leone,SL,I Kargbo,True,Failed Using Name Looking at Season and Season +-1,Ibrahim Kargbo,,Match Date Filter Said 0,False
534,1899,"World Cup Qualifiers, Africa, 2014",17-11-2013,Cameroon vs Tunisia,2013,Cameroon,CM,N Nkoulou,True,Failed Using Name Looking at Season and Season +-1,Nicolas N’Koulou,,Match Date Filter Said 0,False
535,1900,"World Cup Qualifiers, Africa, 2014",10-09-2013,Egypt vs Guinea,2013,Guinea,GN,H Baldé,True,Failed Using Name Looking at Season and Season +-1,Habib Baldé,,Match Date Filter Said 0,False
536,1905,"World Cup Qualifiers, Africa, 2014",08-09-2013,Zimbabwe vs Mozambique,2013,Zimbabwe,ZW,B Kangwa,True,Failed Using Name Looking at Season and Season +-1,Bruce Kangwa,,Match Date Filter Said 0,False
537,1908,"World Cup Qualifiers, Africa, 2014",07-09-2013,Gambia vs Tanzania,2013,Gambia,GM,A Mansally,True,Failed Using Name Looking at Season and Season +-1,Abdoulie Mansally,,Match Date Filter Said 0,False
538,1908,"World Cup Qualifiers, Africa, 2014",07-09-2013,Gambia vs Tanzania,2013,Gambia,GM,E Sohna,True,Failed Using Name Looking at Season and Season +-1,Ebrima Sohna,,Match Date Filter Said 0,False
539,1913,"World Cup Qualifiers, Africa, 2014",08-09-2013,Sudan vs Lesotho,2013,Sudan,SD,Malik Mohammed,True,Failed Using Name Looking at Season and Season +-1,Malik Mohamed Barma,,Match Date Filter Said 0,False
541,2848,"World Cup Qualifiers, Europe, 2014",22-03-2013,France vs Georgia,2013,Georgia,GE,U Lobjanidze,True,Failed Using Name Looking at Season and Season +-1,Saba Lobjanidze,,Match Date Filter Said 0,False
542,2852,"World Cup Qualifiers, Europe, 2014",15-11-2013,Greece vs Romania,2013,Romania,RO,R Raț,True,Failed Using Name Looking at Season and Season +-1,Răzvan Raț,,Match Date Filter Said 0,False
543,2856,"World Cup Qualifiers, Europe, 2014",10-09-2013,Cyprus vs Slovenia,2013,Cyprus,CY,C Theo,True,Failed Using Name Looking at Season and Season +-1,Chrysovalantis Theouli,,Match Date Filter Said 0,False
544,2859,"World Cup Qualifiers, Europe, 2014",26-03-2013,Estonia vs Andorra,2013,Andorra,AD,Victor Moreira,True,Failed Using Name Looking at Season and Season +-1,Victor Silverio,,Match Date Filter Said 0,False
545,2861,"World Cup Qualifiers, Europe, 2014",22-03-2013,Andorra vs Turkey,2013,Andorra,AD,Victor Moreira,True,Failed Using Name Looking at Season and Season +-1,Victor Silverio,,Match Date Filter Said 0,False
546,2869,"World Cup Qualifiers, Europe, 2014",06-09-2013,Georgia vs France,2013,Georgia,GE,U Lobjanidze,True,Failed Using Name Looking at Season and Season +-1,Saba Lobjanidze,,Match Date Filter Said 0,False
547,1974,"World Cup Qualifiers, Africa, 2018",08-10-2015,South Sudan vs Mauritania,2015,South Sudan,SS,A Joseph,True,Failed Using Name Looking at Season and Season +-1,Joseph Kuch,,Match Date Filter Said 0,False
548,1994,"World Cup Qualifiers, Africa, 2018",09-10-2015,Somalia vs Niger,2015,Somalia,SO,H Ali,True,Failed Using Name Looking at Season and Season +-1,Hassan Ibrahim Ali,,Match Date Filter Said 0,False
549,1994,"World Cup Qualifiers, Africa, 2018",09-10-2015,Somalia vs Niger,2015,Niger,NE,D Adamou,True,Failed Using Name Looking at Season and Season +-1,Adamou Ibrahim Djibo,,Match Date Filter Said 0,False
550,1995,"World Cup Qualifiers, Africa, 2018",01-09-2017,Morocco vs Mali,2017,Mali,ML,M Konaté,True,Failed Using Name Looking at Season and Season +-1,Makan Konate,,Match Date Filter Said 0,False
551,2001,"World Cup Qualifiers, Africa, 2018",13-11-2015,Eswatini vs Nigeria,2015,Nigeria,NG,S Abdullahi,True,Failed Using Name Looking at Season and Season +-1,Suleiman Abdullahi,,Match Date Filter Said 0,False
552,2530,"World Cup Qualifiers, Asia, 2022",27-01-2022,United Arab Emirates vs Syria,2022,United Arab Emirates,AE,Mahmoud Khamis,True,Failed Using Name Looking at Season and Season +-1,Mahmoud Khamisi,,Match Date Filter Said 0,False
553,2530,"World Cup Qualifiers, Asia, 2022",27-01-2022,United Arab Emirates vs Syria,2022,Syria,SY,T Haj,True,Failed Using Name Looking at Season and Season +-1,Tamer Haj Mohamad,,Match Date Filter Said 0,False
554,2536,"World Cup Qualifiers, Asia, 2022",03-06-2021,United Arab Emirates vs Malaysia,2021,United Arab Emirates,AE,Mahmoud Khamis,True,Failed Using Name Looking at Season and Season +-1,Mahmoud Khamisi,,Match Date Filter Said 0,False
555,2538,"World Cup Qualifiers, Asia, 2022",11-06-2021,Kuwait vs Jordan,2021,Kuwait,KW,Fahad Al Rashidi,True,Failed Using Name Looking at Season and Season +-1,Fahad Aidh Al-Rashidi,,Match Date Filter Said 0,False
556,2538,"World Cup Qualifiers, Asia, 2022",11-06-2021,Kuwait vs Jordan,2021,Kuwait,KW,A Al Dhufairi,True,Failed Using Name Looking at Season and Season +-1,Ahmad Raheel Al-Dhufairi,,Match Date Filter Said 0,False
557,2548,"World Cup Qualifiers, Asia, 2022",07-10-2021,United Arab Emirates vs Iran,2021,United Arab Emirates,AE,Mahmoud Khamis,True,Failed Using Name Looking at Season and Season +-1,Mahmoud Khamisi,,Match Date Filter Said 0,False
558,2553,"World Cup Qualifiers, Asia, 2022",11-06-2021,Yemen vs Uzbekistan,2021,Yemen,YE,Mohsen Mohammed,True,Failed Using Name Looking at Season and Season +-1,Mohsen Mohammed,,Match Date Filter Said 0,False
559,2559,"World Cup Qualifiers, Asia, 2022",09-06-2021,Turkmenistan vs Lebanon,2021,Turkmenistan,TM,R Charyyev,True,Failed Using Name Looking at Season and Season +-1,Rustem Ahallyyev,,Match Date Filter Said 0,False
560,2559,"World Cup Qualifiers, Asia, 2022",09-06-2021,Turkmenistan vs Lebanon,2021,Turkmenistan,TM,F Tursunow,True,Failed Using Name Looking at Season and Season +-1,Furkat Tursunov,,Match Date Filter Said 0,False
561,2559,"World Cup Qualifiers, Asia, 2022",09-06-2021,Turkmenistan vs Lebanon,2021,Turkmenistan,TM,R Myratberdiýew,True,Failed Using Name Looking at Season and Season +-1,Rakhman Muratberdyev,,Match Date Filter Said 0,False
562,2560,"World Cup Qualifiers, Asia, 2022",28-05-2021,Japan vs Myanmar,2021,Myanmar,MM,Kyaw Soe Moe,True,Failed Using Name Looking at Season and Season +-1,Soe Kyaw Kyaw,,Match Date Filter Said 0,False
563,2570,"World Cup Qualifiers, Asia, 2022",02-09-2021,United Arab Emirates vs Lebanon,2021,United Arab Emirates,AE,Mahmoud Khamis,True,Failed Using Name Looking at Season and Season +-1,Mahmoud Khamisi,,Match Date Filter Said 0,False
564,2575,"World Cup Qualifiers, Asia, 2022",15-10-2019,Cambodia vs Iraq,2019,Cambodia,KH,Ouk Sovann,True,Failed Using Name Looking at Season and Season +-1,Ouk Sothy,,Match Date Filter Said 0,False
565,2576,"World Cup Qualifiers, Asia, 2022",11-06-2021,Indonesia vs United Arab Emirates,2021,United Arab Emirates,AE,Mahmoud Khamis,True,Failed Using Name Looking at Season and Season +-1,Mahmoud Khamisi,,Match Date Filter Said 0,False
566,2577,"World Cup Qualifiers, Asia, 2022",19-11-2019,Nepal vs Kuwait,2019,Kuwait,KW,Fahad Al Rashidi,True,Failed Using Name Looking at Season and Season +-1,Fahad Aidh Al-Rashidi,,Match Date Filter Said 0,False
575,2033,"World Cup Qualifiers, Africa, 2018",17-11-2015,Congo vs Ethiopia,2015,Ethiopia,ET,Addisu Tesfaye,True,Failed Using Name Looking at Season and Season +-1,Addisu Tesfaye,,Match Date Filter Said 0,False
576,2038,"World Cup Qualifiers, Africa, 2018",17-11-2015,Cameroon vs Niger,2015,Niger,NE,D Adamou,True,Failed Using Name Looking at Season and Season +-1,Adamou Ibrahim Djibo,,Match Date Filter Said 0,False
577,2045,"World Cup Qualifiers, Africa, 2022",06-09-2021,Uganda vs Mali,2021,Uganda,UG,D Nsimbambi,True,Failed Using Name Looking at Season and Season +-1,Derrick Nsibambi,,Match Date Filter Said 0,False
578,2046,"World Cup Qualifiers, Africa, 2022",02-09-2021,Morocco vs Sudan,2021,Sudan,SD,F Mamoun,True,Failed Using Name Looking at Season and Season +-1,Omer Mahmoud,,Match Date Filter Said 0,False
579,2051,"World Cup Qualifiers, Africa, 2022",16-11-2021,Mozambique vs Malawi,2021,Malawi,MW,M Mkwate,True,Failed Using Name Looking at Season and Season +-1,Mike Mkwate,,Match Date Filter Said 0,False
580,2054,"World Cup Qualifiers, Africa, 2022",13-11-2021,Malawi vs Cameroon,2021,Malawi,MW,F Mlimbika,True,Failed Using Name Looking at Season and Season +-1,Francis Mulimbika,,Match Date Filter Said 0,False
581,2057,"World Cup Qualifiers, Africa, 2022",06-10-2021,Sudan vs Guinea,2021,Sudan,SD,F Mamoun,True,Failed Using Name Looking at Season and Season +-1,Omer Mahmoud,,Match Date Filter Said 0,False
582,2065,"World Cup Qualifiers, Africa, 2022",16-11-2021,Nigeria vs Cape Verde,2021,Nigeria,NG,O Ighalo,True,Failed Using Name Looking at Season and Season +-1,Odion Ighalo,,Match Date Filter Said 0,False
583,2066,"World Cup Qualifiers, Africa, 2022",12-11-2021,Djibouti vs Algeria,2021,Djibouti,DJ,A Djama Dabar,True,Failed Using Name Looking at Season and Season +-1,Abdoukader Djama,,Match Date Filter Said 0,False
584,2068,"World Cup Qualifiers, Africa, 2022",09-10-2021,Ghana vs Zimbabwe,2021,Zimbabwe,ZW,W Arubi,True,Failed Using Name Looking at Season and Season +-1,Washington Arubi,,Match Date Filter Said 0,False
585,2068,"World Cup Qualifiers, Africa, 2022",09-10-2021,Ghana vs Zimbabwe,2021,Zimbabwe,ZW,T Darikwa,True,Failed Using Name Looking at Season and Season +-1,Tendayi Darikwa,,Match Date Filter Said 0,False
586,2068,"World Cup Qualifiers, Africa, 2022",09-10-2021,Ghana vs Zimbabwe,2021,Zimbabwe,ZW,K Mutizwa,True,Failed Using Name Looking at Season and Season +-1,Knox Mutizwa,,Match Date Filter Said 0,False
587,3478,"African Cup of Nations, 2015",25-01-2015,Congo vs Burkina Faso,2015,Burkina Faso,BF,M Ko,True,Failed Using Name Looking at Season and Season +-1,Mbah Koné,,Match Date Filter Said 0,False
588,3481,"African Cup of Nations, 2015",21-01-2015,Equatorial Guinea vs Burkina Faso,2015,Burkina Faso,BF,M Ko,True,Failed Using Name Looking at Season and Season +-1,Mbah Koné,,Match Date Filter Said 0,False
593,2782,"World Cup Qualifiers, Europe, 2014",10-09-2013,Faroe Islands vs Germany,2013,Faroe Islands,FO,Jóhan Davidsen,True,Failed Using Name Looking at Season and Season +-1,Jógvan Davidsen,,Match Date Filter Said 0,False
594,2787,"World Cup Qualifiers, Europe, 2014",15-10-2013,Faroe Islands vs Austria,2013,Faroe Islands,FO,Jóhan Davidsen,True,Failed Using Name Looking at Season and Season +-1,Jógvan Davidsen,,Match Date Filter Said 0,False
595,2806,"World Cup Qualifiers, Europe, 2014",23-03-2013,Cyprus vs Switzerland,2013,Cyprus,CY,C Theo,True,Failed Using Name Looking at Season and Season +-1,Chrysovalantis Theouli,,Match Date Filter Said 0,False
596,2807,"World Cup Qualifiers, Europe, 2014",26-03-2013,Netherlands vs Romania,2013,Romania,RO,R Raț,True,Failed Using Name Looking at Season and Season +-1,Răzvan Raț,,Match Date Filter Said 0,False
597,2809,"World Cup Qualifiers, Europe, 2014",06-09-2013,Norway vs Cyprus,2013,Cyprus,CY,C Theo,True,Failed Using Name Looking at Season and Season +-1,Chrysovalantis Theouli,,Match Date Filter Said 0,False
598,2816,"World Cup Qualifiers, Europe, 2014",15-10-2013,Romania vs Estonia,2013,Romania,RO,R Raț,True,Failed Using Name Looking at Season and Season +-1,Răzvan Raț,,Match Date Filter Said 0,False
599,2817,"World Cup Qualifiers, Europe, 2014",08-06-2013,Switzerland vs Cyprus,2013,Cyprus,CY,C Theo,True,Failed Using Name Looking at Season and Season +-1,Chrysovalantis Theouli,,Match Date Filter Said 0,False
600,2818,"World Cup Qualifiers, Europe, 2014",06-09-2013,Kazakhstan vs Faroe Islands,2013,Faroe Islands,FO,Jóhan Davidsen,True,Failed Using Name Looking at Season and Season +-1,Jógvan Davidsen,,Match Date Filter Said 0,False
601,2824,"World Cup Qualifiers, Europe, 2014",10-09-2013,Romania vs Turkey,2013,Romania,RO,R Raț,True,Failed Using Name Looking at Season and Season +-1,Răzvan Raț,,Match Date Filter Said 0,False
602,2829,"World Cup Qualifiers, Europe, 2014",22-03-2013,Hungary vs Romania,2013,Romania,RO,Radu,True,Failed Using Name Looking at Season and Season +-1,Andrei Radu,,Match Date Filter Said 0,False
607,2640,"World Cup Qualifiers, Asia, 2022",15-06-2021,Bangladesh vs Oman,2021,Bangladesh,BD,M Miah,True,Failed Using Name Looking at Season and Season +-1,Mamun Miah,,Match Date Filter Said 0,False
608,2646,"World Cup Qualifiers, Asia, 2022",07-09-2021,Syria vs United Arab Emirates,2021,Syria,SY,Zahir Al Midani,True,Failed Using Name Looking at Season and Season +-1,Zaher Midani,,Match Date Filter Said 0,False
609,2646,"World Cup Qualifiers, Asia, 2022",07-09-2021,Syria vs United Arab Emirates,2021,United Arab Emirates,AE,Mahmoud Khamis,True,Failed Using Name Looking at Season and Season +-1,Mahmoud Khamisi,,Match Date Filter Said 0,False
610,2650,"World Cup Qualifiers, Asia, 2022",15-06-2021,India vs Afghanistan,2021,Afghanistan,AF,Hassan Amin,True,Failed Using Name Looking at Season and Season +-1,Hassan Amin,,Match Date Filter Said 0,False
611,2650,"World Cup Qualifiers, Asia, 2022",15-06-2021,India vs Afghanistan,2021,Afghanistan,AF,R Khairkhah,True,Failed Using Name Looking at Season and Season +-1,Rahmatullah Khairkhah,,Match Date Filter Said 0,False
612,2665,"World Cup Qualifiers, Asia, 2022",16-11-2021,Syria vs Iran,2021,Syria,SY,Ahmad Ashkar,True,Failed Using Name Looking at Season and Season +-1,Ahmed El Ashkar,,Match Date Filter Said 0,False
613,2669,"World Cup Qualifiers, Asia, 2022",03-06-2021,Australia vs Kuwait,2021,Kuwait,KW,Fahad Al Rashidi,True,Failed Using Name Looking at Season and Season +-1,Fahad Aidh Al-Rashidi,,Match Date Filter Said 0,False
614,2669,"World Cup Qualifiers, Asia, 2022",03-06-2021,Australia vs Kuwait,2021,Kuwait,KW,A Al Dhufairi,True,Failed Using Name Looking at Season and Season +-1,Ahmad Raheel Al-Dhufairi,,Match Date Filter Said 0,False
615,2674,"World Cup Qualifiers, Asia, 2022",01-02-2022,Iran vs United Arab Emirates,2022,United Arab Emirates,AE,Mahmoud Khamis,True,Failed Using Name Looking at Season and Season +-1,Mahmoud Khamisi,,Match Date Filter Said 0,False
617,2278,"World Cup Qualifiers, Asia, 2018",06-10-2016,Saudi Arabia vs Australia,2016,Saudi Arabia,SA,Naif Hazazi,True,Failed Using Name Looking at Season and Season +-1,Nayef Hazazi,,Match Date Filter Said 0,False
618,2288,"World Cup Qualifiers, Asia, 2018",16-06-2015,Cambodia vs Afghanistan,2015,Cambodia,KH,Sovan Sok,True,Failed Using Name Looking at Season and Season +-1,Sovann Ouk,,Match Date Filter Said 0,False
619,2298,"World Cup Qualifiers, Asia, 2018",24-03-2016,Vietnam vs Chinese Taipei,2016,Vietnam,VN,Phm Thành Lng,True,Failed Using Name Looking at Season and Season +-1,Pham Thanh Long Le,,Match Date Filter Said 0,False
620,2302,"World Cup Qualifiers, Asia, 2018",01-09-2016,Saudi Arabia vs Thailand,2016,Saudi Arabia,SA,Naif Hazazi,True,Failed Using Name Looking at Season and Season +-1,Nayef Hazazi,,Match Date Filter Said 0,False
621,2304,"World Cup Qualifiers, Asia, 2018",13-10-2015,Qatar vs Maldives,2015,Maldives,MV,Ali Shaamiu,True,Failed Using Name Looking at Season and Season +-1,Ali Shamis,,Match Date Filter Said 0,False
622,2305,"World Cup Qualifiers, Asia, 2018",24-03-2016,Iraq vs Thailand,2016,Iraq,IQ,Faisal Jasim,True,Failed Using Name Looking at Season and Season +-1,Faisal Jasim,,Match Date Filter Said 0,False
623,2305,"World Cup Qualifiers, Asia, 2018",24-03-2016,Iraq vs Thailand,2016,Iraq,IQ,Ali Rehema,True,Failed Using Name Looking at Season and Season +-1,Ali Rehema,,Match Date Filter Said 0,False
624,2321,"World Cup Qualifiers, Asia, 2018",03-09-2015,Japan vs Cambodia,2015,Cambodia,KH,Sovan Sok,True,Failed Using Name Looking at Season and Season +-1,Sovann Ouk,,Match Date Filter Said 0,False
628,2480,"World Cup Qualifiers, Asia, 2018",24-03-2016,South Korea vs Lebanon,2016,Lebanon,LB,Abbas Ali Atwi,True,Failed Using Name Looking at Season and Season +-1,Abbas Ali Atwi,,Match Date Filter Said 0,False
629,2484,"World Cup Qualifiers, Asia, 2022",01-02-2022,Syria vs South Korea,2022,Syria,SY,Mohammad Sehioni,True,Failed Using Name Looking at Season and Season +-1,Mohammad Shehioni,,Match Date Filter Said 0,False
630,2485,"World Cup Qualifiers, Asia, 2022",06-06-2019,Laos vs Bangladesh,2019,Bangladesh,BD,M Miah,True,Failed Using Name Looking at Season and Season +-1,Mamun Miah,,Match Date Filter Said 0,False
631,2487,"World Cup Qualifiers, Asia, 2022",25-03-2021,Tajikistan vs Mongolia,2021,Mongolia,MN,T Galt,True,Failed Using Name Looking at Season and Season +-1,Tuguldur Galt,,Match Date Filter Said 0,False
632,2488,"World Cup Qualifiers, Asia, 2022",03-06-2021,Nepal vs Chinese Taipei,2021,Chinese Taipei,TW,Cheng Hao,True,Failed Using Name Looking at Season and Season +-1,Cheng Chou,,Match Date Filter Said 0,False
633,2495,"World Cup Qualifiers, Asia, 2022",15-06-2021,United Arab Emirates vs Vietnam,2021,United Arab Emirates,AE,Mahmoud Khamis,True,Failed Using Name Looking at Season and Season +-1,Mahmoud Khamisi,,Match Date Filter Said 0,False
634,2497,"World Cup Qualifiers, Asia, 2022",11-06-2021,Myanmar vs Kyrgyzstan,2021,Myanmar,MM,Kyaw Soe Moe,True,Failed Using Name Looking at Season and Season +-1,Soe Kyaw Kyaw,,Match Date Filter Said 0,False
635,2498,"World Cup Qualifiers, Asia, 2022",12-10-2021,United Arab Emirates vs Iraq,2021,United Arab Emirates,AE,Mahmoud Khamis,True,Failed Using Name Looking at Season and Season +-1,Mahmoud Khamisi,,Match Date Filter Said 0,False
636,2498,"World Cup Qualifiers, Asia, 2022",12-10-2021,United Arab Emirates vs Iraq,2021,Iraq,IQ,Mohammed Ali,True,Failed Using Name Looking at Season and Season +-1,Mohammed Ali Karim,,Match Date Filter Said 0,False
637,2500,"World Cup Qualifiers, Asia, 2022",10-10-2019,Syria vs Maldives,2019,Syria,SY,Ahmad Ashkar,True,Failed Using Name Looking at Season and Season +-1,Ahmed El Ashkar,,Match Date Filter Said 0,False
638,2501,"World Cup Qualifiers, Asia, 2022",07-10-2021,South Korea vs Syria,2021,Syria,SY,Israa Hamwiah,True,Failed Using Name Looking at Season and Season +-1,Esraa Al-Hamwiah,,Match Date Filter Said 0,False
639,2506,"World Cup Qualifiers, Asia, 2022",27-01-2022,Japan vs China PR,2022,Japan,JP,Y sako,True,Failed Using Name Looking at Season and Season +-1,Yuya Osako,,Match Date Filter Said 0,False
640,2508,"World Cup Qualifiers, Asia, 2022",10-09-2019,Sri Lanka vs North Korea,2019,North Korea,KP,Kum-Chol Ri,True,Failed Using Name Looking at Season and Season +-1,Kum-Chol Ri,,Match Date Filter Said 0,False
641,2509,"World Cup Qualifiers, Asia, 2022",11-06-2019,Guam vs Bhutan,2019,Bhutan,BT,D Tshering,True,Failed Using Name Looking at Season and Season +-1,Dawa Tshering Sr.,,Match Date Filter Said 0,False
642,2510,"World Cup Qualifiers, Asia, 2022",10-09-2019,Kuwait vs Australia,2019,Kuwait,KW,Fahad Al Rashidi,True,Failed Using Name Looking at Season and Season +-1,Fahad Aidh Al-Rashidi,,Match Date Filter Said 0,False
643,2513,"World Cup Qualifiers, Asia, 2022",05-09-2019,Tajikistan vs Kyrgyzstan,2019,Tajikistan,TJ,Dorob Ergashev,True,Failed Using Name Looking at Season and Season +-1,Dorobdzhon Ergashev,,Match Date Filter Said 0,False
644,2517,"World Cup Qualifiers, Asia, 2022",05-06-2021,South Korea vs Turkmenistan,2021,Turkmenistan,TM,R Charyyev,True,Failed Using Name Looking at Season and Season +-1,Rustem Ahallyyev,,Match Date Filter Said 0,False
645,2518,"World Cup Qualifiers, Asia, 2022",24-03-2022,Iraq vs United Arab Emirates,2022,United Arab Emirates,AE,Abdullah Al-Naqbi,True,Failed Using Name Looking at Season and Season +-1,Abdalla Al-Naqbi,,Match Date Filter Said 0,False
646,2518,"World Cup Qualifiers, Asia, 2022",24-03-2022,Iraq vs United Arab Emirates,2022,United Arab Emirates,AE,Mahmoud Khamis,True,Failed Using Name Looking at Season and Season +-1,Mahmoud Khamisi,,Match Date Filter Said 0,False
647,2523,"World Cup Qualifiers, Asia, 2022",10-10-2019,Jordan vs Kuwait,2019,Kuwait,KW,Fahad Al Rashidi,True,Failed Using Name Looking at Season and Season +-1,Fahad Aidh Al-Rashidi,,Match Date Filter Said 0,False
648,2524,"World Cup Qualifiers, Asia, 2022",03-06-2021,Bahrain vs Cambodia,2021,Bahrain,BH,Ahmed Moosa Ali,True,Failed Using Name Looking at Season and Season +-1,Ahmed Moosa Ali,,Match Date Filter Said 0,False
649,2123,"World Cup Qualifiers, Africa, 2022",07-09-2021,Sudan vs Guinea-Bissau,2021,Sudan,SD,F Mamoun,True,Failed Using Name Looking at Season and Season +-1,Mo Eisa,,Match Date Filter Said 0,False
650,2124,"World Cup Qualifiers, Africa, 2022",15-11-2021,Kenya vs Rwanda,2021,Rwanda,RW,K Nsanzimfura,True,Failed Using Name Looking at Season and Season +-1,Keddy Nsanzimfura,,Match Date Filter Said 0,False
651,2130,"World Cup Qualifiers, Africa, 2022",01-09-2021,Central African Republic vs Cape Verde,2021,Central African Republic,CF,H Damona,True,Failed Using Name Looking at Season and Season +-1,Hénoc Kpéko Damona,,Match Date Filter Said 0,False
652,2135,"World Cup Qualifiers, Africa, 2022",16-11-2021,Tunisia vs Zambia,2021,Zambia,ZM,D Chapa,True,Failed Using Name Looking at Season and Season +-1,Dickson Chapa,,Match Date Filter Said 0,False
653,2144,"World Cup Qualifiers, Africa, 2022",12-11-2021,Sudan vs Morocco,2021,Sudan,SD,F Mamoun,True,Failed Using Name Looking at Season and Season +-1,Mo Eisa,,Match Date Filter Said 0,False
654,2148,"World Cup Qualifiers, Africa, 2022",12-10-2021,Zimbabwe vs Ghana,2021,Zimbabwe,ZW,R Kutsanzira,True,Failed Using Name Looking at Season and Season +-1,Rahman Kutsanzira,,Match Date Filter Said 0,False
655,2148,"World Cup Qualifiers, Africa, 2022",12-10-2021,Zimbabwe vs Ghana,2021,Zimbabwe,ZW,B Galloway,True,Failed Using Name Looking at Season and Season +-1,Brendan Galloway,,Match Date Filter Said 0,False
656,2155,"World Cup Qualifiers, Africa, 2022",10-10-2021,Kenya vs Mali,2021,Kenya,KE,B Muchiri,True,Failed Using Name Looking at Season and Season +-1,Boniface Muchiri,,Match Date Filter Said 0,False
657,2156,"World Cup Qualifiers, Africa, 2022",01-09-2021,Egypt vs Angola,2021,Angola,AO,Fábio Abreu,True,Failed Using Name Looking at Season and Season +-1,Fabio Abreu,,Match Date Filter Said 0,False
658,2161,"World Cup Qualifiers, Africa, 2022",01-09-2021,Senegal vs Togo,2021,Togo,TG,J Nadjombe,True,Failed Using Name Looking at Season and Season +-1,Jean-Marie Nadjombe,,Match Date Filter Said 0,False
659,2166,"World Cup Qualifiers, Africa, 2022",15-11-2021,Guinea-Bissau vs Sudan,2021,Sudan,SD,F Mamoun,True,Failed Using Name Looking at Season and Season +-1,Omer Mahmoud,,Match Date Filter Said 0,False
660,2169,"World Cup Qualifiers, Africa, 2022",06-09-2021,South Africa vs Ghana,2021,Ghana,GH,F Mohammed,True,Failed Using Name Looking at Season and Season +-1,Fatawu Mohammed,,Match Date Filter Said 0,False
661,3721,"Gold Cup, 2019",16-06-2019,Mexico vs Cuba,2019,Cuba,CU,K Aldair,True,Failed Using Name Looking at Season and Season +-1,Aldair Ruiz,,Match Date Filter Said 0,False
662,3728,"Gold Cup, 2019",20-06-2019,Cuba vs Martinique,2019,Cuba,CU,K Aldair,True,Failed Using Name Looking at Season and Season +-1,Aldair Ruiz,,Match Date Filter Said 0,False
