,Unnamed: 0,Match ID,Competition,Match,Date,Nationality,Team Country Code,Season,Status,Name,Market Value,Lookup Still Required?,Lookup Return Case,Impute Required?,Name(s) Found,ORIGINAL JERSEY,Match Case
36,36,3134,"World Cup Qualifiers, Europe, 2018",Norway vs Azerbaijan,01-09-2017,Azerbaijan,AZ,2017,FAIL,"['Rashad Sadyqov', 'Rashad Sadiqov']",0,True,Online Lookup Required,False,"['Rashad Sadyqov', 'Rashad Sadiqov']",R Sadqov,multiple
223,223,3143,"World Cup Qualifiers, Europe, 2018",Azerbaijan vs Northern Ireland,10-06-2017,Azerbaijan,AZ,2017,FAIL,"['Rashad Sadyqov', 'Rashad Sadiqov']",0,True,Online Lookup Required,False,"['Rashad Sadyqov', 'Rashad Sadiqov']",R Sadqov,multiple
2218,18,4198,"World Cup 2022, Qualifiers, CONCACAF",Jamaica vs Honduras,30-Mar-22,Honduras,HN,2022,FAIL,"['Carlos Will Mejia', 'Alfredo Mejia', 'Juan Ramon Mejia', 'German Mejia', 'Yeison Mejia', 'Carlos Mejia']",0.0,True,Online Lookup Required,False,"['Carlos Will Mejia', 'Alfredo Mejia', 'Juan Ramon Mejia', 'German Mejia', 'Yeison Mejia', 'Carlos Mejia']",Mejia,multiple
2227,27,4200,"World Cup 2014, Qualifiers, CONMEBOL",Ecuador vs Venezuela,07-Oct-11,Ecuador,EC,2011,FAIL,"['Antonio Valencia', 'Enner Valencia', 'Anthony Valencia']",0.0,True,Online Lookup Required,False,"['Antonio Valencia', 'Enner Valencia', 'Anthony Valencia']",Valencia,multiple
2235,35,4200,"World Cup 2014, Qualifiers, CONMEBOL",Ecuador vs Venezuela,07-Oct-11,Venezuela,VE,2011,FAIL,"['Franklin Lucena', 'Ronaldo Lucena']",0.0,True,Online Lookup Required,False,"['Franklin Lucena', 'Ronaldo Lucena']",Lucena,multiple
2247,47,4201,"World Cup 2014, Qualifiers, CONMEBOL",Uruguay vs Bolivia,07-Oct-11,Uruguay,UY,2011,FAIL,"['Martín Cáceres', 'Sebastián Cáceres']",0.0,True,Online Lookup Required,False,"['Martín Cáceres', 'Sebastián Cáceres']",Cáceres,multiple
2254,54,4201,"World Cup 2014, Qualifiers, CONMEBOL",Uruguay vs Bolivia,07-Oct-11,Uruguay,UY,2011,FAIL,"['Luis Suárez', 'Mathías Suárez', 'Damián Suárez']",0.0,True,Online Lookup Required,False,"['Luis Suárez', 'Mathías Suárez', 'Damián Suárez']",Suárez,multiple
2259,59,4201,"World Cup 2014, Qualifiers, CONMEBOL",Uruguay vs Bolivia,07-Oct-11,Bolivia,BO,2011,FAIL,"['Luis Gutiérrez', 'Helmut Gutiérrez', 'Limberg Gutiérrez', 'Jhohan Gutiérrez']",0.0,True,Online Lookup Required,False,"['Luis Gutiérrez', 'Helmut Gutiérrez', 'Limberg Gutiérrez', 'Jhohan Gutiérrez']",Gutiérrez,multiple
2262,62,4201,"World Cup 2014, Qualifiers, CONMEBOL",Uruguay vs Bolivia,07-Oct-11,Bolivia,BO,2011,FAIL,"['Jorge Flores', 'Wálter Flores']",0.0,True,Online Lookup Required,False,"['Jorge Flores', 'Wálter Flores']",Flores,multiple
2277,77,4202,"World Cup 2014, Qualifiers, CONMEBOL",Argentina vs Chile,07-Oct-11,Chile,CL,2011,FAIL,"['Claudio Bravo', 'Christian Bravo']",0.0,True,Online Lookup Required,False,"['Claudio Bravo', 'Christian Bravo']",Bravo,multiple
2278,78,4202,"World Cup 2014, Qualifiers, CONMEBOL",Argentina vs Chile,07-Oct-11,Chile,CL,2011,FAIL,"['Gonzalo Jara', 'Ignacio Jara']",0.0,True,Online Lookup Required,False,"['Gonzalo Jara', 'Ignacio Jara']",Jara,multiple
2284,84,4202,"World Cup 2014, Qualifiers, CONMEBOL",Argentina vs Chile,07-Oct-11,Chile,CL,2011,FAIL,"['Matías Fernández', 'Ronnie Fernández']",0.0,True,Online Lookup Required,False,"['Matías Fernández', 'Ronnie Fernández']",Fernández,multiple
2291,91,4203,"World Cup 2014, Qualifiers, CONMEBOL",Peru vs Paraguay,07-Oct-11,Peru,PE,2011,FAIL,"['Alberto Rodríguez', 'Aldair Rodríguez']",0.0,True,Online Lookup Required,False,"['Alberto Rodríguez', 'Aldair Rodríguez']",Rodríguez,multiple
2301,101,4203,"World Cup 2014, Qualifiers, CONMEBOL",Peru vs Paraguay,07-Oct-11,Paraguay,PY,2011,FAIL,"['Joel Silva', 'Paulo da Silva', 'Antony Silva']",0.0,True,Online Lookup Required,False,"['Joel Silva', 'Paulo da Silva', 'Antony Silva']",d Silva,multiple
2304,104,4203,"World Cup 2014, Qualifiers, CONMEBOL",Peru vs Paraguay,07-Oct-11,Paraguay,PY,2011,FAIL,"['Hernán Pérez', 'Aldo Pérez']",0.0,True,Online Lookup Required,False,"['Hernán Pérez', 'Aldo Pérez']",Pérez,multiple
2306,106,4203,"World Cup 2014, Qualifiers, CONMEBOL",Peru vs Paraguay,07-Oct-11,Paraguay,PY,2011,FAIL,"['Cristian Riveros', 'Marcos Riveros', 'Blas Riveros']",0.0,True,Online Lookup Required,False,"['Cristian Riveros', 'Marcos Riveros', 'Blas Riveros']",Riveros,multiple
2310,110,4204,"World Cup 2014, Qualifiers, CONMEBOL",Bolivia vs Colombia,11-Oct-11,Bolivia,BO,2011,FAIL,"['Daniel Vaca', 'Joselito Vaca', 'Ramiro Vaca', 'Leonardo Vaca', 'Henry Vaca', 'Edward Vaca', 'Pablo Vaca']",0.0,True,Online Lookup Required,False,"['Daniel Vaca', 'Joselito Vaca', 'Ramiro Vaca', 'Leonardo Vaca', 'Henry Vaca', 'Edward Vaca', 'Pablo Vaca']",Vaca,multiple
2314,114,4204,"World Cup 2014, Qualifiers, CONMEBOL",Bolivia vs Colombia,11-Oct-11,Bolivia,BO,2011,FAIL,"['Luis Gutiérrez', 'Helmut Gutiérrez', 'Limberg Gutiérrez', 'Jhohan Gutiérrez']",0.0,True,Online Lookup Required,False,"['Luis Gutiérrez', 'Helmut Gutiérrez', 'Limberg Gutiérrez', 'Jhohan Gutiérrez']",Gutiérrez,multiple
2316,116,4204,"World Cup 2014, Qualifiers, CONMEBOL",Bolivia vs Colombia,11-Oct-11,Bolivia,BO,2011,FAIL,"['Jorge Flores', 'Wálter Flores']",0.0,True,Online Lookup Required,False,"['Jorge Flores', 'Wálter Flores']",Flores,multiple
2324,124,4204,"World Cup 2014, Qualifiers, CONMEBOL",Bolivia vs Colombia,11-Oct-11,Colombia,CO,2011,FAIL,"['Aquivaldo Mosquera', 'Andrés Mosquera', 'Dairon Mosquera', 'Yerson Mosquera', 'Juan David Mosquera', 'Henry Mosquera']",0.0,True,Online Lookup Required,False,"['Aquivaldo Mosquera', 'Andrés Mosquera', 'Dairon Mosquera', 'Yerson Mosquera', 'Juan David Mosquera', 'Henry Mosquera']",Mosquera,multiple
2326,126,4204,"World Cup 2014, Qualifiers, CONMEBOL",Bolivia vs Colombia,11-Oct-11,Colombia,CO,2011,FAIL,"['Carlos Sánchez', 'Davinson Sánchez']",0.0,True,Online Lookup Required,False,"['Carlos Sánchez', 'Davinson Sánchez']",Sánchez,multiple
2329,129,4204,"World Cup 2014, Qualifiers, CONMEBOL",Bolivia vs Colombia,11-Oct-11,Colombia,CO,2011,FAIL,"['Abel Aguilar', 'Felipe Aguilar']",0.0,True,Online Lookup Required,False,"['Abel Aguilar', 'Felipe Aguilar']",Aguilar,multiple
2334,134,4205,"World Cup 2014, Qualifiers, CONMEBOL",Paraguay vs Uruguay,11-Oct-11,Paraguay,PY,2011,FAIL,"['Joel Silva', 'Paulo da Silva', 'Antony Silva']",0.0,True,Online Lookup Required,False,"['Joel Silva', 'Paulo da Silva', 'Antony Silva']",d Silva,multiple
2336,136,4205,"World Cup 2014, Qualifiers, CONMEBOL",Paraguay vs Uruguay,11-Oct-11,Paraguay,PY,2011,FAIL,"['Richard Ortiz', 'Celso Ortiz', 'Gerardo Ortiz']",0.0,True,Online Lookup Required,False,"['Richard Ortiz', 'Celso Ortiz', 'Gerardo Ortiz']",Ortiz,multiple
2338,138,4205,"World Cup 2014, Qualifiers, CONMEBOL",Paraguay vs Uruguay,11-Oct-11,Paraguay,PY,2011,FAIL,"['Marcos Cáceres', 'Víctor Cáceres', 'Leonardo Cáceres', 'Blas Cáceres', 'Juan José Cáceres']",0.0,True,Online Lookup Required,False,"['Marcos Cáceres', 'Víctor Cáceres', 'Leonardo Cáceres', 'Blas Cáceres', 'Juan José Cáceres']",Cáceres,multiple
2339,139,4205,"World Cup 2014, Qualifiers, CONMEBOL",Paraguay vs Uruguay,11-Oct-11,Paraguay,PY,2011,FAIL,"['Cristian Riveros', 'Marcos Riveros', 'Blas Riveros']",0.0,True,Online Lookup Required,False,"['Cristian Riveros', 'Marcos Riveros', 'Blas Riveros']",Riveros,multiple
2341,141,4205,"World Cup 2014, Qualifiers, CONMEBOL",Paraguay vs Uruguay,11-Oct-11,Paraguay,PY,2011,FAIL,"['Luis Cardozo', 'Óscar Cardozo']",0.0,True,Online Lookup Required,False,"['Luis Cardozo', 'Óscar Cardozo']",Cardozo,multiple
2342,142,4205,"World Cup 2014, Qualifiers, CONMEBOL",Paraguay vs Uruguay,11-Oct-11,Paraguay,PY,2011,FAIL,"['Nelson Valdez', 'Bruno Valdez', 'Diego Valdez']",0.0,True,Online Lookup Required,False,"['Nelson Valdez', 'Bruno Valdez', 'Diego Valdez']",Valdez,multiple
2347,147,4205,"World Cup 2014, Qualifiers, CONMEBOL",Paraguay vs Uruguay,11-Oct-11,Uruguay,UY,2011,FAIL,"['Martín Cáceres', 'Sebastián Cáceres']",0.0,True,Online Lookup Required,False,"['Martín Cáceres', 'Sebastián Cáceres']",Cáceres,multiple
2352,152,4205,"World Cup 2014, Qualifiers, CONMEBOL",Paraguay vs Uruguay,11-Oct-11,Uruguay,UY,2011,FAIL,"['Luis Suárez', 'Mathías Suárez', 'Damián Suárez']",0.0,True,Online Lookup Required,False,"['Luis Suárez', 'Mathías Suárez', 'Damián Suárez']",Suárez,multiple
2354,154,4206,"World Cup 2014, Qualifiers, CONMEBOL",Chile vs Peru,11-Oct-11,Chile,CL,2011,FAIL,"['Claudio Bravo', 'Christian Bravo']",0.0,True,Online Lookup Required,False,"['Claudio Bravo', 'Christian Bravo']",Bravo,multiple
2355,155,4206,"World Cup 2014, Qualifiers, CONMEBOL",Chile vs Peru,11-Oct-11,Chile,CL,2011,FAIL,"['Osvaldo González', 'Marcos González', 'Mark González', 'Ricardo González', 'Daniel González']",0.0,True,Online Lookup Required,False,"['Osvaldo González', 'Marcos González', 'Mark González', 'Ricardo González', 'Daniel González']",González,multiple
2357,157,4206,"World Cup 2014, Qualifiers, CONMEBOL",Chile vs Peru,11-Oct-11,Chile,CL,2011,FAIL,"['Gonzalo Jara', 'Ignacio Jara']",0.0,True,Online Lookup Required,False,"['Gonzalo Jara', 'Ignacio Jara']",Jara,multiple
2359,159,4206,"World Cup 2014, Qualifiers, CONMEBOL",Chile vs Peru,11-Oct-11,Chile,CL,2011,FAIL,"['Gary Medel', 'Marco Medel']",0.0,True,Online Lookup Required,False,"['Gary Medel', 'Marco Medel']",Medel,multiple
2363,163,4206,"World Cup 2014, Qualifiers, CONMEBOL",Chile vs Peru,11-Oct-11,Chile,CL,2011,FAIL,"['Eduardo Vargas', 'Miguel Vargas', 'Jeisson Vargas']",0.0,True,Online Lookup Required,False,"['Eduardo Vargas', 'Miguel Vargas', 'Jeisson Vargas']",Vargas,multiple
2367,167,4206,"World Cup 2014, Qualifiers, CONMEBOL",Chile vs Peru,11-Oct-11,Peru,PE,2011,FAIL,"['Alberto Rodríguez', 'Aldair Rodríguez']",0.0,True,Online Lookup Required,False,"['Alberto Rodríguez', 'Aldair Rodríguez']",Rodríguez,multiple
2382,182,4207,"World Cup 2014, Qualifiers, CONMEBOL",Venezuela vs Argentina,11-Oct-11,Venezuela,VE,2011,FAIL,"['Franklin Lucena', 'Ronaldo Lucena']",0.0,True,Online Lookup Required,False,"['Franklin Lucena', 'Ronaldo Lucena']",Lucena,multiple
2383,183,4207,"World Cup 2014, Qualifiers, CONMEBOL",Venezuela vs Argentina,11-Oct-11,Venezuela,VE,2011,FAIL,"['Javier González', 'Alexander González', 'César González', 'Óscar González', 'Luis González']",0.0,True,Online Lookup Required,False,"['Javier González', 'Alexander González', 'César González', 'Óscar González', 'Luis González']",González,multiple
2386,186,4207,"World Cup 2014, Qualifiers, CONMEBOL",Venezuela vs Argentina,11-Oct-11,Venezuela,VE,2011,FAIL,"['Salomón Rondón', 'Mario Rondón']",0.0,True,Online Lookup Required,False,"['Salomón Rondón', 'Mario Rondón']",Rondón,multiple
2398,198,4208,"World Cup 2014, Qualifiers, CONMEBOL",Argentina vs Bolivia,11-Nov-11,Argentina,AR,2011,FAIL,"['Sergio Romero', 'Cristian Romero']",0.0,True,Online Lookup Required,False,"['Sergio Romero', 'Cristian Romero']",Romero,multiple
2405,205,4208,"World Cup 2014, Qualifiers, CONMEBOL",Argentina vs Bolivia,11-Nov-11,Argentina,AR,2011,FAIL,"['Ricardo Alvarez', 'Julian Alvarez']",0.0,True,Online Lookup Required,False,"['Ricardo Alvarez', 'Julian Alvarez']",Alvarez,multiple
2413,213,4208,"World Cup 2014, Qualifiers, CONMEBOL",Argentina vs Bolivia,11-Nov-11,Bolivia,BO,2011,FAIL,"['Luis Gutiérrez', 'Helmut Gutiérrez', 'Limberg Gutiérrez', 'Jhohan Gutiérrez']",0.0,True,Online Lookup Required,False,"['Luis Gutiérrez', 'Helmut Gutiérrez', 'Limberg Gutiérrez', 'Jhohan Gutiérrez']",Gutiérrez,multiple
2416,216,4208,"World Cup 2014, Qualifiers, CONMEBOL",Argentina vs Bolivia,11-Nov-11,Bolivia,BO,2011,FAIL,"['Jorge Flores', 'Wálter Flores']",0.0,True,Online Lookup Required,False,"['Jorge Flores', 'Wálter Flores']",Flores,multiple
2421,221,4209,"World Cup 2014, Qualifiers, CONMEBOL",Uruguay vs Chile,11-Nov-11,Uruguay,UY,2011,FAIL,"['Martín Cáceres', 'Sebastián Cáceres']",0.0,True,Online Lookup Required,False,"['Martín Cáceres', 'Sebastián Cáceres']",Cáceres,multiple
2424,224,4209,"World Cup 2014, Qualifiers, CONMEBOL",Uruguay vs Chile,11-Nov-11,Uruguay,UY,2011,FAIL,"['Álvaro Pereira', 'Maximiliano Pereira', 'Guzmán Pereira']",0.0,True,Online Lookup Required,False,"['Álvaro Pereira', 'Maximiliano Pereira', 'Guzmán Pereira']",Pereira,multiple
2427,227,4209,"World Cup 2014, Qualifiers, CONMEBOL",Uruguay vs Chile,11-Nov-11,Uruguay,UY,2011,FAIL,"['Álvaro González', 'Giovanni González', 'Facundo González']",0.0,True,Online Lookup Required,False,"['Álvaro González', 'Giovanni González', 'Facundo González']",González,multiple
2428,228,4209,"World Cup 2014, Qualifiers, CONMEBOL",Uruguay vs Chile,11-Nov-11,Uruguay,UY,2011,FAIL,"['Gastón Ramírez', 'Ignacio Ramírez']",0.0,True,Online Lookup Required,False,"['Gastón Ramírez', 'Ignacio Ramírez']",Ramírez,multiple
2429,229,4209,"World Cup 2014, Qualifiers, CONMEBOL",Uruguay vs Chile,11-Nov-11,Uruguay,UY,2011,FAIL,"['Luis Suárez', 'Mathías Suárez', 'Damián Suárez']",0.0,True,Online Lookup Required,False,"['Luis Suárez', 'Mathías Suárez', 'Damián Suárez']",Suárez,multiple
2431,231,4209,"World Cup 2014, Qualifiers, CONMEBOL",Uruguay vs Chile,11-Nov-11,Chile,CL,2011,FAIL,"['Claudio Bravo', 'Christian Bravo']",0.0,True,Online Lookup Required,False,"['Claudio Bravo', 'Christian Bravo']",Bravo,multiple
2434,234,4209,"World Cup 2014, Qualifiers, CONMEBOL",Uruguay vs Chile,11-Nov-11,Chile,CL,2011,FAIL,"['Osvaldo González', 'Marcos González', 'Mark González', 'Ricardo González', 'Daniel González']",0.0,True,Online Lookup Required,False,"['Osvaldo González', 'Marcos González', 'Mark González', 'Ricardo González', 'Daniel González']",González,multiple
2436,236,4209,"World Cup 2014, Qualifiers, CONMEBOL",Uruguay vs Chile,11-Nov-11,Chile,CL,2011,FAIL,"['Gary Medel', 'Marco Medel']",0.0,True,Online Lookup Required,False,"['Gary Medel', 'Marco Medel']",Medel,multiple
2437,237,4209,"World Cup 2014, Qualifiers, CONMEBOL",Uruguay vs Chile,11-Nov-11,Chile,CL,2011,FAIL,"['Marcelo Díaz', 'Paulo Díaz', 'Nicolás Díaz', 'Ben Brereton Díaz']",0.0,True,Online Lookup Required,False,"['Marcelo Díaz', 'Paulo Díaz', 'Nicolás Díaz', 'Ben Brereton Díaz']",Díaz,multiple
2439,239,4209,"World Cup 2014, Qualifiers, CONMEBOL",Uruguay vs Chile,11-Nov-11,Chile,CL,2011,FAIL,"['Matías Fernández', 'Ronnie Fernández']",0.0,True,Online Lookup Required,False,"['Matías Fernández', 'Ronnie Fernández']",Fernández,multiple
2441,241,4209,"World Cup 2014, Qualifiers, CONMEBOL",Uruguay vs Chile,11-Nov-11,Chile,CL,2011,FAIL,"['Eduardo Vargas', 'Miguel Vargas', 'Jeisson Vargas']",0.0,True,Online Lookup Required,False,"['Eduardo Vargas', 'Miguel Vargas', 'Jeisson Vargas']",Vargas,multiple
2445,245,4210,"World Cup 2014, Qualifiers, CONMEBOL",Paraguay vs Ecuador,11-Nov-11,Paraguay,PY,2011,FAIL,"['Joel Silva', 'Paulo da Silva', 'Antony Silva']",0.0,True,Online Lookup Required,False,"['Joel Silva', 'Paulo da Silva', 'Antony Silva']",d Silva,multiple
2446,246,4210,"World Cup 2014, Qualifiers, CONMEBOL",Paraguay vs Ecuador,11-Nov-11,Paraguay,PY,2011,FAIL,"['Richard Ortiz', 'Celso Ortiz', 'Gerardo Ortiz']",0.0,True,Online Lookup Required,False,"['Richard Ortiz', 'Celso Ortiz', 'Gerardo Ortiz']",Ortiz,multiple
2448,248,4210,"World Cup 2014, Qualifiers, CONMEBOL",Paraguay vs Ecuador,11-Nov-11,Paraguay,PY,2011,FAIL,"['Marcos Cáceres', 'Víctor Cáceres', 'Leonardo Cáceres', 'Blas Cáceres', 'Juan José Cáceres']",0.0,True,Online Lookup Required,False,"['Marcos Cáceres', 'Víctor Cáceres', 'Leonardo Cáceres', 'Blas Cáceres', 'Juan José Cáceres']",Cáceres,multiple
2449,249,4210,"World Cup 2014, Qualifiers, CONMEBOL",Paraguay vs Ecuador,11-Nov-11,Paraguay,PY,2011,FAIL,"['Cristian Riveros', 'Marcos Riveros', 'Blas Riveros']",0.0,True,Online Lookup Required,False,"['Cristian Riveros', 'Marcos Riveros', 'Blas Riveros']",Riveros,multiple
2451,251,4210,"World Cup 2014, Qualifiers, CONMEBOL",Paraguay vs Ecuador,11-Nov-11,Paraguay,PY,2011,FAIL,"['Nelson Valdez', 'Bruno Valdez', 'Diego Valdez']",0.0,True,Online Lookup Required,False,"['Nelson Valdez', 'Bruno Valdez', 'Diego Valdez']",Valdez,multiple
2458,258,4210,"World Cup 2014, Qualifiers, CONMEBOL",Paraguay vs Ecuador,11-Nov-11,Ecuador,EC,2011,FAIL,"['Antonio Valencia', 'Enner Valencia', 'Anthony Valencia']",0.0,True,Online Lookup Required,False,"['Antonio Valencia', 'Enner Valencia', 'Anthony Valencia']",Valencia,multiple
2474,274,4211,"World Cup 2014, Qualifiers, CONMEBOL",Colombia vs Venezuela,11-Nov-11,Colombia,CO,2011,FAIL,"['Jackson Martínez', 'Roger Martínez', 'Homer Martínez']",0.0,True,Online Lookup Required,False,"['Jackson Martínez', 'Roger Martínez', 'Homer Martínez']",Martínez,multiple
2480,280,4211,"World Cup 2014, Qualifiers, CONMEBOL",Colombia vs Venezuela,11-Nov-11,Venezuela,VE,2011,FAIL,"['Agnel Flores', 'Francisco Flores', 'Arles Flores', 'Leonardo Flores', 'Robinson Flores']",0.0,True,Online Lookup Required,False,"['Agnel Flores', 'Francisco Flores', 'Arles Flores', 'Leonardo Flores', 'Robinson Flores']",Flores,multiple
2483,283,4211,"World Cup 2014, Qualifiers, CONMEBOL",Colombia vs Venezuela,11-Nov-11,Venezuela,VE,2011,FAIL,"['Javier González', 'Alexander González', 'César González', 'Óscar González', 'Luis González']",0.0,True,Online Lookup Required,False,"['Javier González', 'Alexander González', 'César González', 'Óscar González', 'Luis González']",González,multiple
2488,288,4212,"World Cup 2014, Qualifiers, CONMEBOL",Colombia vs Argentina,15-Nov-11,Colombia,CO,2011,FAIL,"['Aquivaldo Mosquera', 'Andrés Mosquera', 'Dairon Mosquera', 'Yerson Mosquera', 'Juan David Mosquera', 'Henry Mosquera']",0.0,True,Online Lookup Required,False,"['Aquivaldo Mosquera', 'Andrés Mosquera', 'Dairon Mosquera', 'Yerson Mosquera', 'Juan David Mosquera', 'Henry Mosquera']",Mosquera,multiple
2492,292,4212,"World Cup 2014, Qualifiers, CONMEBOL",Colombia vs Argentina,15-Nov-11,Colombia,CO,2011,FAIL,"['Abel Aguilar', 'Felipe Aguilar']",0.0,True,Online Lookup Required,False,"['Abel Aguilar', 'Felipe Aguilar']",Aguilar,multiple
2496,296,4212,"World Cup 2014, Qualifiers, CONMEBOL",Colombia vs Argentina,15-Nov-11,Colombia,CO,2011,FAIL,"['Jackson Martínez', 'Roger Martínez', 'Homer Martínez']",0.0,True,Online Lookup Required,False,"['Jackson Martínez', 'Roger Martínez', 'Homer Martínez']",Martínez,multiple
2497,297,4212,"World Cup 2014, Qualifiers, CONMEBOL",Colombia vs Argentina,15-Nov-11,Argentina,AR,2011,FAIL,"['Sergio Romero', 'Cristian Romero']",0.0,True,Online Lookup Required,False,"['Sergio Romero', 'Cristian Romero']",Romero,multiple
2499,299,4212,"World Cup 2014, Qualifiers, CONMEBOL",Colombia vs Argentina,15-Nov-11,Argentina,AR,2011,FAIL,"['Federico Fernández', 'Augusto Fernández', 'Nacho Fernández', 'Enzo Fernández']",0.0,True,Online Lookup Required,False,"['Federico Fernández', 'Augusto Fernández', 'Nacho Fernández', 'Enzo Fernández']",Fernández,multiple
2513,313,4213,"World Cup 2014, Qualifiers, CONMEBOL",Ecuador vs Peru,15-Nov-11,Ecuador,EC,2011,FAIL,"['Antonio Valencia', 'Enner Valencia', 'Anthony Valencia']",0.0,True,Online Lookup Required,False,"['Antonio Valencia', 'Enner Valencia', 'Anthony Valencia']",Valencia,multiple
2514,314,4213,"World Cup 2014, Qualifiers, CONMEBOL",Ecuador vs Peru,15-Nov-11,Ecuador,EC,2011,FAIL,"['Segundo Castillo', 'Eryc Castillo', 'Byron Castillo']",0.0,True,Online Lookup Required,False,"['Segundo Castillo', 'Eryc Castillo', 'Byron Castillo']",Castillo,multiple
2535,335,4214,"World Cup 2014, Qualifiers, CONMEBOL",Venezuela vs Bolivia,15-Nov-11,Venezuela,VE,2011,FAIL,"['Javier González', 'Alexander González', 'César González', 'Óscar González', 'Luis González']",0.0,True,Online Lookup Required,False,"['Javier González', 'Alexander González', 'César González', 'Óscar González', 'Luis González']",González,multiple
2540,340,4214,"World Cup 2014, Qualifiers, CONMEBOL",Venezuela vs Bolivia,15-Nov-11,Venezuela,VE,2011,FAIL,"['Salomón Rondón', 'Mario Rondón']",0.0,True,Online Lookup Required,False,"['Salomón Rondón', 'Mario Rondón']",Rondón,multiple
2545,345,4214,"World Cup 2014, Qualifiers, CONMEBOL",Venezuela vs Bolivia,15-Nov-11,Bolivia,BO,2011,FAIL,"['Luis Gutiérrez', 'Helmut Gutiérrez', 'Limberg Gutiérrez', 'Jhohan Gutiérrez']",0.0,True,Online Lookup Required,False,"['Luis Gutiérrez', 'Helmut Gutiérrez', 'Limberg Gutiérrez', 'Jhohan Gutiérrez']",Gutiérrez,multiple
2547,347,4214,"World Cup 2014, Qualifiers, CONMEBOL",Venezuela vs Bolivia,15-Nov-11,Bolivia,BO,2011,FAIL,"['José Luis Chávez', 'Daniel Chávez', 'Lucas Chávez']",0.0,True,Online Lookup Required,False,"['José Luis Chávez', 'Daniel Chávez', 'Lucas Chávez']",Chávez,multiple
2552,352,4215,"World Cup 2014, Qualifiers, CONMEBOL",Chile vs Paraguay,15-Nov-11,Chile,CL,2011,FAIL,"['Claudio Bravo', 'Christian Bravo']",0.0,True,Online Lookup Required,False,"['Claudio Bravo', 'Christian Bravo']",Bravo,multiple
2553,353,4215,"World Cup 2014, Qualifiers, CONMEBOL",Chile vs Paraguay,15-Nov-11,Chile,CL,2011,FAIL,"['Osvaldo González', 'Marcos González', 'Mark González', 'Ricardo González', 'Daniel González']",0.0,True,Online Lookup Required,False,"['Osvaldo González', 'Marcos González', 'Mark González', 'Ricardo González', 'Daniel González']",González,multiple
2557,357,4215,"World Cup 2014, Qualifiers, CONMEBOL",Chile vs Paraguay,15-Nov-11,Chile,CL,2011,FAIL,"['Gary Medel', 'Marco Medel']",0.0,True,Online Lookup Required,False,"['Gary Medel', 'Marco Medel']",Medel,multiple
2558,358,4215,"World Cup 2014, Qualifiers, CONMEBOL",Chile vs Paraguay,15-Nov-11,Chile,CL,2011,FAIL,"['Charles Aránguiz', 'Pablo Aránguiz']",0.0,True,Online Lookup Required,False,"['Charles Aránguiz', 'Pablo Aránguiz']",Aránguiz,multiple
2559,359,4215,"World Cup 2014, Qualifiers, CONMEBOL",Chile vs Paraguay,15-Nov-11,Chile,CL,2011,FAIL,"['Matías Fernández', 'Ronnie Fernández']",0.0,True,Online Lookup Required,False,"['Matías Fernández', 'Ronnie Fernández']",Fernández,multiple
2562,362,4215,"World Cup 2014, Qualifiers, CONMEBOL",Chile vs Paraguay,15-Nov-11,Chile,CL,2011,FAIL,"['Eduardo Vargas', 'Miguel Vargas', 'Jeisson Vargas']",0.0,True,Online Lookup Required,False,"['Eduardo Vargas', 'Miguel Vargas', 'Jeisson Vargas']",Vargas,multiple
2567,367,4215,"World Cup 2014, Qualifiers, CONMEBOL",Chile vs Paraguay,15-Nov-11,Paraguay,PY,2011,FAIL,"['Miguel Samudio', 'Braian Samudio']",0.0,True,Online Lookup Required,False,"['Miguel Samudio', 'Braian Samudio']",Samudio,multiple
2570,370,4215,"World Cup 2014, Qualifiers, CONMEBOL",Chile vs Paraguay,15-Nov-11,Paraguay,PY,2011,FAIL,"['Cristian Riveros', 'Marcos Riveros', 'Blas Riveros']",0.0,True,Online Lookup Required,False,"['Cristian Riveros', 'Marcos Riveros', 'Blas Riveros']",Riveros,multiple
2573,373,4215,"World Cup 2014, Qualifiers, CONMEBOL",Chile vs Paraguay,15-Nov-11,Paraguay,PY,2011,FAIL,"['Nelson Valdez', 'Bruno Valdez', 'Diego Valdez']",0.0,True,Online Lookup Required,False,"['Nelson Valdez', 'Bruno Valdez', 'Diego Valdez']",Valdez,multiple
2578,378,4216,"World Cup 2014, Qualifiers, CONMEBOL",Uruguay vs Venezuela,02-Jun-12,Uruguay,UY,2012,FAIL,"['Martín Cáceres', 'Sebastián Cáceres']",0.0,True,Online Lookup Required,False,"['Martín Cáceres', 'Sebastián Cáceres']",Cáceres,multiple
2584,384,4216,"World Cup 2014, Qualifiers, CONMEBOL",Uruguay vs Venezuela,02-Jun-12,Uruguay,UY,2012,FAIL,"['Luis Suárez', 'Mathías Suárez', 'Damián Suárez']",0.0,True,Online Lookup Required,False,"['Luis Suárez', 'Mathías Suárez', 'Damián Suárez']",Suárez,multiple
2594,394,4216,"World Cup 2014, Qualifiers, CONMEBOL",Uruguay vs Venezuela,02-Jun-12,Venezuela,VE,2012,FAIL,"['Frank Feltscher', 'Rolf Feltscher']",0.0,True,Online Lookup Required,False,"['Frank Feltscher', 'Rolf Feltscher']",Feltscher,multiple
2595,395,4216,"World Cup 2014, Qualifiers, CONMEBOL",Uruguay vs Venezuela,02-Jun-12,Venezuela,VE,2012,FAIL,"['Salomón Rondón', 'Mario Rondón']",0.0,True,Online Lookup Required,False,"['Salomón Rondón', 'Mario Rondón']",Rondón,multiple
2596,396,4217,"World Cup 2014, Qualifiers, CONMEBOL",Bolivia vs Chile,02-Jun-12,Bolivia,BO,2012,FAIL,"['Daniel Vaca', 'Joselito Vaca', 'Ramiro Vaca', 'Leonardo Vaca', 'Henry Vaca', 'Edward Vaca', 'Pablo Vaca']",0.0,True,Online Lookup Required,False,"['Daniel Vaca', 'Joselito Vaca', 'Ramiro Vaca', 'Leonardo Vaca', 'Henry Vaca', 'Edward Vaca', 'Pablo Vaca']",Vaca,multiple
2600,400,4217,"World Cup 2014, Qualifiers, CONMEBOL",Bolivia vs Chile,02-Jun-12,Bolivia,BO,2012,FAIL,"['Luis Gutiérrez', 'Helmut Gutiérrez', 'Limberg Gutiérrez', 'Jhohan Gutiérrez']",0.0,True,Online Lookup Required,False,"['Luis Gutiérrez', 'Helmut Gutiérrez', 'Limberg Gutiérrez', 'Jhohan Gutiérrez']",Gutiérrez,multiple
2603,403,4217,"World Cup 2014, Qualifiers, CONMEBOL",Bolivia vs Chile,02-Jun-12,Bolivia,BO,2012,FAIL,"['Jorge Flores', 'Wálter Flores']",0.0,True,Online Lookup Required,False,"['Jorge Flores', 'Wálter Flores']",Flores,multiple
2607,407,4217,"World Cup 2014, Qualifiers, CONMEBOL",Bolivia vs Chile,02-Jun-12,Chile,CL,2012,FAIL,"['Claudio Bravo', 'Christian Bravo']",0.0,True,Online Lookup Required,False,"['Claudio Bravo', 'Christian Bravo']",Bravo,multiple
2608,408,4217,"World Cup 2014, Qualifiers, CONMEBOL",Bolivia vs Chile,02-Jun-12,Chile,CL,2012,FAIL,"['Osvaldo González', 'Marcos González', 'Mark González', 'Ricardo González', 'Daniel González']",0.0,True,Online Lookup Required,False,"['Osvaldo González', 'Marcos González', 'Mark González', 'Ricardo González', 'Daniel González']",González,multiple
2610,410,4217,"World Cup 2014, Qualifiers, CONMEBOL",Bolivia vs Chile,02-Jun-12,Chile,CL,2012,FAIL,"['José Rojas', 'Jeyson Rojas']",0.0,True,Online Lookup Required,False,"['José Rojas', 'Jeyson Rojas']",Rojas,multiple
2611,411,4217,"World Cup 2014, Qualifiers, CONMEBOL",Bolivia vs Chile,02-Jun-12,Chile,CL,2012,FAIL,"['Charles Aránguiz', 'Pablo Aránguiz']",0.0,True,Online Lookup Required,False,"['Charles Aránguiz', 'Pablo Aránguiz']",Aránguiz,multiple
2613,413,4217,"World Cup 2014, Qualifiers, CONMEBOL",Bolivia vs Chile,02-Jun-12,Chile,CL,2012,FAIL,"['Marcelo Díaz', 'Paulo Díaz', 'Nicolás Díaz', 'Ben Brereton Díaz']",0.0,True,Online Lookup Required,False,"['Marcelo Díaz', 'Paulo Díaz', 'Nicolás Díaz', 'Ben Brereton Díaz']",Díaz,multiple
2615,415,4217,"World Cup 2014, Qualifiers, CONMEBOL",Bolivia vs Chile,02-Jun-12,Chile,CL,2012,FAIL,"['Matías Fernández', 'Ronnie Fernández']",0.0,True,Online Lookup Required,False,"['Matías Fernández', 'Ronnie Fernández']",Fernández,multiple
2618,418,4218,"World Cup 2014, Qualifiers, CONMEBOL",Argentina vs Ecuador,02-Jun-12,Argentina,AR,2012,FAIL,"['Sergio Romero', 'Cristian Romero']",0.0,True,Online Lookup Required,False,"['Sergio Romero', 'Cristian Romero']",Romero,multiple
2620,420,4218,"World Cup 2014, Qualifiers, CONMEBOL",Argentina vs Ecuador,02-Jun-12,Argentina,AR,2012,FAIL,"['Federico Fernández', 'Augusto Fernández', 'Nacho Fernández', 'Enzo Fernández']",0.0,True,Online Lookup Required,False,"['Federico Fernández', 'Augusto Fernández', 'Nacho Fernández', 'Enzo Fernández']",Fernández,multiple
2634,434,4218,"World Cup 2014, Qualifiers, CONMEBOL",Argentina vs Ecuador,02-Jun-12,Ecuador,EC,2012,FAIL,"['Pedro Quiñónez', 'Leonel Quiñónez', 'Joshué Quiñónez']",0.0,True,Online Lookup Required,False,"['Pedro Quiñónez', 'Leonel Quiñónez', 'Joshué Quiñónez']",Quiñonez,multiple
2637,437,4218,"World Cup 2014, Qualifiers, CONMEBOL",Argentina vs Ecuador,02-Jun-12,Ecuador,EC,2012,FAIL,"['Antonio Valencia', 'Enner Valencia', 'Anthony Valencia']",0.0,True,Online Lookup Required,False,"['Antonio Valencia', 'Enner Valencia', 'Anthony Valencia']",Valencia,multiple
2654,454,4219,"World Cup 2014, Qualifiers, CONMEBOL",Peru vs Colombia,03-Jun-12,Colombia,CO,2012,FAIL,"['Aquivaldo Mosquera', 'Andrés Mosquera', 'Dairon Mosquera', 'Yerson Mosquera', 'Juan David Mosquera', 'Henry Mosquera']",0.0,True,Online Lookup Required,False,"['Aquivaldo Mosquera', 'Andrés Mosquera', 'Dairon Mosquera', 'Yerson Mosquera', 'Juan David Mosquera', 'Henry Mosquera']",Mosquera,multiple
2656,456,4219,"World Cup 2014, Qualifiers, CONMEBOL",Peru vs Colombia,03-Jun-12,Colombia,CO,2012,FAIL,"['Juan Cuadrado', 'José Cuadrado']",0.0,True,Online Lookup Required,False,"['Juan Cuadrado', 'José Cuadrado']",Cuadrado,multiple
2657,457,4219,"World Cup 2014, Qualifiers, CONMEBOL",Peru vs Colombia,03-Jun-12,Colombia,CO,2012,FAIL,"['Carlos Sánchez', 'Davinson Sánchez']",0.0,True,Online Lookup Required,False,"['Carlos Sánchez', 'Davinson Sánchez']",Sánchez,multiple
2668,468,4220,"World Cup 2014, Qualifiers, CONMEBOL",Bolivia vs Paraguay,09-Jun-12,Bolivia,BO,2012,FAIL,"['Jorge Flores', 'Wálter Flores']",0.0,True,Online Lookup Required,False,"['Jorge Flores', 'Wálter Flores']",Flores,multiple
2676,476,4220,"World Cup 2014, Qualifiers, CONMEBOL",Bolivia vs Paraguay,09-Jun-12,Paraguay,PY,2012,FAIL,"['Joel Silva', 'Paulo da Silva', 'Antony Silva']",0.0,True,Online Lookup Required,False,"['Joel Silva', 'Paulo da Silva', 'Antony Silva']",d Silva,multiple
2679,479,4220,"World Cup 2014, Qualifiers, CONMEBOL",Bolivia vs Paraguay,09-Jun-12,Paraguay,PY,2012,FAIL,"['Cristian Riveros', 'Marcos Riveros', 'Blas Riveros']",0.0,True,Online Lookup Required,False,"['Cristian Riveros', 'Marcos Riveros', 'Blas Riveros']",Riveros,multiple
2681,481,4220,"World Cup 2014, Qualifiers, CONMEBOL",Bolivia vs Paraguay,09-Jun-12,Paraguay,PY,2012,FAIL,"['Osvaldo Martínez', 'Miguel Martínez', 'Ramón Martínez', 'David Martínez', 'Hugo Martínez']",0.0,True,Online Lookup Required,False,"['Osvaldo Martínez', 'Miguel Martínez', 'Ramón Martínez', 'David Martínez', 'Hugo Martínez']",Martínez,multiple
2683,483,4220,"World Cup 2014, Qualifiers, CONMEBOL",Bolivia vs Paraguay,09-Jun-12,Paraguay,PY,2012,FAIL,"['Nelson Valdez', 'Bruno Valdez', 'Diego Valdez']",0.0,True,Online Lookup Required,False,"['Nelson Valdez', 'Bruno Valdez', 'Diego Valdez']",Valdez,multiple
2732,532,4223,"World Cup 2014, Qualifiers, CONMEBOL",Ecuador vs Colombia,10-Jun-12,Ecuador,EC,2012,FAIL,"['Wálter Ayoví', 'Jaime Ayoví']",0.0,True,Online Lookup Required,False,"['Wálter Ayoví', 'Jaime Ayoví']",Ayoví,multiple
2734,534,4223,"World Cup 2014, Qualifiers, CONMEBOL",Ecuador vs Colombia,10-Jun-12,Ecuador,EC,2012,FAIL,"['Segundo Castillo', 'Eryc Castillo', 'Byron Castillo']",0.0,True,Online Lookup Required,False,"['Segundo Castillo', 'Eryc Castillo', 'Byron Castillo']",Castillo,multiple
2756,556,4224,"World Cup 2014, Qualifiers, CONMEBOL",Colombia vs Uruguay,07-Sep-12,Colombia,CO,2012,FAIL,"['Abel Aguilar', 'Felipe Aguilar']",0.0,True,Online Lookup Required,False,"['Abel Aguilar', 'Felipe Aguilar']",Aguilar,multiple
2758,558,4224,"World Cup 2014, Qualifiers, CONMEBOL",Colombia vs Uruguay,07-Sep-12,Colombia,CO,2012,FAIL,"['Macnelly Torres', 'Dani Torres']",0.0,True,Online Lookup Required,False,"['Macnelly Torres', 'Dani Torres']",Torres,multiple
2769,569,4224,"World Cup 2014, Qualifiers, CONMEBOL",Colombia vs Uruguay,07-Sep-12,Uruguay,UY,2012,FAIL,"['Cristian Rodríguez', 'Jonathan Rodríguez', 'Brian Rodríguez', 'José Luis Rodríguez', 'Randall Rodríguez', 'Luciano Rodríguez']",0.0,True,Online Lookup Required,False,"['Cristian Rodríguez', 'Jonathan Rodríguez', 'Brian Rodríguez', 'José Luis Rodríguez', 'Randall Rodríguez', 'Luciano Rodríguez']",Rodríguez,multiple
2777,577,4225,"World Cup 2014, Qualifiers, CONMEBOL",Ecuador vs Bolivia,07-Sep-12,Ecuador,EC,2012,FAIL,"['Antonio Valencia', 'Enner Valencia', 'Anthony Valencia']",0.0,True,Online Lookup Required,False,"['Antonio Valencia', 'Enner Valencia', 'Anthony Valencia']",Valencia,multiple
2781,581,4225,"World Cup 2014, Qualifiers, CONMEBOL",Ecuador vs Bolivia,07-Sep-12,Ecuador,EC,2012,FAIL,"['Narciso Mina', 'Arturo Mina', 'Freddy Mina']",0.0,True,Online Lookup Required,False,"['Narciso Mina', 'Arturo Mina', 'Freddy Mina']",Mina,multiple
2783,583,4225,"World Cup 2014, Qualifiers, CONMEBOL",Ecuador vs Bolivia,07-Sep-12,Bolivia,BO,2012,FAIL,"['Hugo Suarez', 'Miguel Suarez', 'Marcelo Suarez']",0.0,True,Online Lookup Required,False,"['Hugo Suarez', 'Miguel Suarez', 'Marcelo Suarez']",Suarez,multiple
2791,591,4225,"World Cup 2014, Qualifiers, CONMEBOL",Ecuador vs Bolivia,07-Sep-12,Bolivia,BO,2012,FAIL,"['José Luis Chávez', 'Daniel Chávez', 'Lucas Chávez']",0.0,True,Online Lookup Required,False,"['José Luis Chávez', 'Daniel Chávez', 'Lucas Chávez']",Chávez,multiple
2809,609,4226,"World Cup 2014, Qualifiers, CONMEBOL",Argentina vs Paraguay,07-Sep-12,Paraguay,PY,2012,FAIL,"['Richard Ortiz', 'Celso Ortiz', 'Gerardo Ortiz']",0.0,True,Online Lookup Required,False,"['Richard Ortiz', 'Celso Ortiz', 'Gerardo Ortiz']",Ortiz,multiple
2812,612,4226,"World Cup 2014, Qualifiers, CONMEBOL",Argentina vs Paraguay,07-Sep-12,Paraguay,PY,2012,FAIL,"['Marcos Cáceres', 'Víctor Cáceres', 'Leonardo Cáceres', 'Blas Cáceres', 'Juan José Cáceres']",0.0,True,Online Lookup Required,False,"['Marcos Cáceres', 'Víctor Cáceres', 'Leonardo Cáceres', 'Blas Cáceres', 'Juan José Cáceres']",Cáceres,multiple
2819,619,4227,"World Cup 2014, Qualifiers, CONMEBOL",Peru vs Venezuela,07-Sep-12,Peru,PE,2012,FAIL,"['Alberto Rodríguez', 'Aldair Rodríguez']",0.0,True,Online Lookup Required,False,"['Alberto Rodríguez', 'Aldair Rodríguez']",Rodríguez,multiple
2839,639,4228,"World Cup 2014, Qualifiers, CONMEBOL",Chile vs Colombia,11-Sep-12,Chile,CL,2012,FAIL,"['Osvaldo González', 'Marcos González', 'Mark González', 'Ricardo González', 'Daniel González']",0.0,True,Online Lookup Required,False,"['Osvaldo González', 'Marcos González', 'Mark González', 'Ricardo González', 'Daniel González']",González,multiple
2841,641,4228,"World Cup 2014, Qualifiers, CONMEBOL",Chile vs Colombia,11-Sep-12,Chile,CL,2012,FAIL,"['Gonzalo Jara', 'Ignacio Jara']",0.0,True,Online Lookup Required,False,"['Gonzalo Jara', 'Ignacio Jara']",Jara,multiple
2843,643,4228,"World Cup 2014, Qualifiers, CONMEBOL",Chile vs Colombia,11-Sep-12,Chile,CL,2012,FAIL,"['Gary Medel', 'Marco Medel']",0.0,True,Online Lookup Required,False,"['Gary Medel', 'Marco Medel']",Medel,multiple
2867,667,4229,"World Cup 2014, Qualifiers, CONMEBOL",Paraguay vs Venezuela,11-Sep-12,Paraguay,PY,2012,FAIL,"['Miguel Samudio', 'Braian Samudio']",0.0,True,Online Lookup Required,False,"['Miguel Samudio', 'Braian Samudio']",Samudio,multiple
2870,670,4229,"World Cup 2014, Qualifiers, CONMEBOL",Paraguay vs Venezuela,11-Sep-12,Paraguay,PY,2012,FAIL,"['Luis Cardozo', 'Óscar Cardozo']",0.0,True,Online Lookup Required,False,"['Luis Cardozo', 'Óscar Cardozo']",Cardozo,multiple
2872,672,4229,"World Cup 2014, Qualifiers, CONMEBOL",Paraguay vs Venezuela,11-Sep-12,Venezuela,VE,2012,FAIL,"['Luis González', 'Óscar González', 'César González']",0.0,True,Online Lookup Required,False,"['Luis González', 'Óscar González', 'César González']",Gonzalez,multiple
2877,677,4229,"World Cup 2014, Qualifiers, CONMEBOL",Paraguay vs Venezuela,11-Sep-12,Venezuela,VE,2012,FAIL,"['Franklin Lucena', 'Ronaldo Lucena']",0.0,True,Online Lookup Required,False,"['Franklin Lucena', 'Ronaldo Lucena']",Lucena,multiple
2881,681,4229,"World Cup 2014, Qualifiers, CONMEBOL",Paraguay vs Venezuela,11-Sep-12,Venezuela,VE,2012,FAIL,"['José Martínez', 'Josef Martínez', 'David Martínez']",0.0,True,Online Lookup Required,False,"['José Martínez', 'Josef Martínez', 'David Martínez']",Martinez,multiple
2889,689,4230,"World Cup 2014, Qualifiers, CONMEBOL",Uruguay vs Ecuador,11-Sep-12,Uruguay,UY,2012,FAIL,"['Gastón Ramírez', 'Ignacio Ramírez']",0.0,True,Online Lookup Required,False,"['Gastón Ramírez', 'Ignacio Ramírez']",Ramírez,multiple
2903,703,4230,"World Cup 2014, Qualifiers, CONMEBOL",Uruguay vs Ecuador,11-Sep-12,Ecuador,EC,2012,FAIL,"['Felipe Caicedo', 'Luis Caicedo', 'Marcos Caicedo', 'Romario Caicedo', 'Beder Caicedo', 'Moisés Caicedo', 'Jordy Caicedo']",0.0,True,Online Lookup Required,False,"['Felipe Caicedo', 'Luis Caicedo', 'Marcos Caicedo', 'Romario Caicedo', 'Beder Caicedo', 'Moisés Caicedo', 'Jordy Caicedo']",Caicedo,multiple
2939,739,4232,"World Cup 2014, Qualifiers, CONMEBOL",Colombia vs Paraguay,12-Oct-12,Paraguay,PY,2012,FAIL,"['Alfredo Aguilar', 'Pablo Aguilar', 'Juan Aguilar']",0.0,True,Online Lookup Required,False,"['Alfredo Aguilar', 'Pablo Aguilar', 'Juan Aguilar']",Aguilar,multiple
2953,753,4233,"World Cup 2014, Qualifiers, CONMEBOL",Ecuador vs Chile,12-Oct-12,Ecuador,EC,2012,FAIL,"['Renato Ibarra', 'Romario Ibarra']",0.0,True,Online Lookup Required,False,"['Renato Ibarra', 'Romario Ibarra']",Ibarra,multiple
2970,770,4234,"World Cup 2014, Qualifiers, CONMEBOL",Bolivia vs Peru,12-Oct-12,Bolivia,BO,2012,FAIL,"['Hugo Suarez', 'Miguel Suarez', 'Marcelo Suarez']",0.0,True,Online Lookup Required,False,"['Hugo Suarez', 'Miguel Suarez', 'Marcelo Suarez']",Suarez,multiple
2975,775,4234,"World Cup 2014, Qualifiers, CONMEBOL",Bolivia vs Peru,12-Oct-12,Bolivia,BO,2012,FAIL,"['Jorge Flores', 'Wálter Flores']",0.0,True,Online Lookup Required,False,"['Jorge Flores', 'Wálter Flores']",Flores,multiple
3004,804,4235,"World Cup 2014, Qualifiers, CONMEBOL",Argentina vs Uruguay,12-Oct-12,Uruguay,UY,2012,FAIL,"['Álvaro Pereira', 'Maximiliano Pereira', 'Guzmán Pereira']",0.0,True,Online Lookup Required,False,"['Álvaro Pereira', 'Maximiliano Pereira', 'Guzmán Pereira']",Pereira,multiple
3008,808,4235,"World Cup 2014, Qualifiers, CONMEBOL",Argentina vs Uruguay,12-Oct-12,Uruguay,UY,2012,FAIL,"['Álvaro González', 'Giovanni González', 'Facundo González']",0.0,True,Online Lookup Required,False,"['Álvaro González', 'Giovanni González', 'Facundo González']",González,multiple
3018,818,4236,"World Cup 2014, Qualifiers, CONMEBOL",Bolivia vs Uruguay,16-Oct-12,Bolivia,BO,2012,FAIL,"['Marvin Bejarano', 'Diego Bejarano', 'Danny Bejarano', 'Alejandro Bejarano']",0.0,True,Online Lookup Required,False,"['Marvin Bejarano', 'Diego Bejarano', 'Danny Bejarano', 'Alejandro Bejarano']",Bejarano,multiple
3023,823,4236,"World Cup 2014, Qualifiers, CONMEBOL",Bolivia vs Uruguay,16-Oct-12,Bolivia,BO,2012,FAIL,"['Carlos Saucedo', 'Fernando Saucedo']",0.0,True,Online Lookup Required,False,"['Carlos Saucedo', 'Fernando Saucedo']",Saucedo,multiple
3042,842,4237,"World Cup 2014, Qualifiers, CONMEBOL",Venezuela vs Ecuador,16-Oct-12,Venezuela,VE,2012,FAIL,"['Dani Hernández', 'José Hernández', 'Ronald Hernández']",0.0,True,Online Lookup Required,False,"['Dani Hernández', 'José Hernández', 'Ronald Hernández']",Hernández,multiple
3055,855,4237,"World Cup 2014, Qualifiers, CONMEBOL",Venezuela vs Ecuador,16-Oct-12,Ecuador,EC,2012,FAIL,"['Michael Arroyo', 'Dixon Arroyo']",0.0,True,Online Lookup Required,False,"['Michael Arroyo', 'Dixon Arroyo']",Arroyo,multiple
3059,859,4238,"World Cup 2014, Qualifiers, CONMEBOL",Paraguay vs Peru,16-Oct-12,Paraguay,PY,2012,FAIL,"['Luis Caballero', 'Hernesto Caballero']",0.0,True,Online Lookup Required,False,"['Luis Caballero', 'Hernesto Caballero']",Caballero,multiple
3642,342,4010,"World Cup 2018, Qualifiers, CONCACAF",USA vs Saint Vincent and the Grenadines,13-Nov-15,Saint Vincent and the Grenadines,VC,2015,FAIL,"['Dennis Prescott', 'Millon Prescott']",0.0,True,Online Lookup Required,False,"['Dennis Prescott', 'Millon Prescott']",Prescott,multiple
3731,431,4014,"World Cup 2018, Qualifiers, CONCACAF",Costa Rica vs Haiti,13-Nov-15,Haiti,HT,2015,FAIL,"['Jean-Jacques Pierre', 'Paulson Pierre', 'Géel Pierre', 'Leverton Pierre', 'Alexandre Pierre']",0.0,True,Online Lookup Required,False,"['Jean-Jacques Pierre', 'Paulson Pierre', 'Géel Pierre', 'Leverton Pierre', 'Alexandre Pierre']",Pierre,multiple
3826,526,4018,"World Cup 2018, Qualifiers, CONCACAF",Haiti vs Jamaica,17-Nov-15,Jamaica,JM,2015,FAIL,"['Demar Phillips', 'Demario Phillips']",0.0,True,Online Lookup Required,False,"['Demar Phillips', 'Demario Phillips']",Phillips,multiple
3852,552,4020,"World Cup 2018, Qualifiers, CONCACAF",El Salvador vs Canada,17-Nov-15,El Salvador,SV,2015,FAIL,"['Giovanni Zavaleta', 'Eriq Zavaleta']",0.0,True,Online Lookup Required,False,"['Giovanni Zavaleta', 'Eriq Zavaleta']",Zavaleta,multiple
4397,1097,4045,"World Cup 2018, Qualifiers, CONCACAF",Mexico vs Honduras,06-Sep-16,Honduras,HN,2016,FAIL,"['Carlos Will Mejia', 'Alfredo Mejia', 'Juan Ramon Mejia', 'German Mejia', 'Yeison Mejia', 'Carlos Mejia']",0.0,True,Online Lookup Required,False,"['Carlos Will Mejia', 'Alfredo Mejia', 'Juan Ramon Mejia', 'German Mejia', 'Yeison Mejia', 'Carlos Mejia']",Mejia,multiple
4666,266,2236,"World Cup Qualifiers, Africa, 2026",Sudan vs Congo DR,19-11-2023,Sudan,SD,2023,FAIL,"['Mohamed Amin', 'Mohamed Idris']",0,True,Online Lookup Required,False,"['Mohamed Amin', 'Mohamed Idris']",Mohamed Erneq,multiple
4798,398,2242,"World Cup Qualifiers, Africa, 2026",Sudan vs Togo,16-11-2023,Sudan,SD,2023,FAIL,"['Mohamed Amin', 'Mohamed Idris']",0,True,Online Lookup Required,False,"['Mohamed Amin', 'Mohamed Idris']",Mohamed Erneq,multiple
4802,402,2242,"World Cup Qualifiers, Africa, 2026",Sudan vs Togo,16-11-2023,Sudan,SD,2023,FAIL,"['Ali Abdalla', 'Faris Abdalla', 'Sofian Abdalla']",0,True,Online Lookup Required,False,"['Ali Abdalla', 'Faris Abdalla', 'Sofian Abdalla']",Abu Agla Abdalla,multiple
8267,501,980,"Euros 2024, Qualifiers",Sweden vs Azerbaijan,27.03.23,Azerbaijan,AZ,2023,FAIL,"['Arif Isayev', 'Ali Babayev']",0,True,Online Lookup Required,False,"['Arif Isayev', 'Ali Babayev']",A Iasyev,multiple
8280,514,981,"Euros 2024, Qualifiers",Azerbaijan vs Estonia,17.06.23,Azerbaijan,AZ,2023,FAIL,"['Arif Isayev', 'Ali Babayev']",0,True,Online Lookup Required,False,"['Arif Isayev', 'Ali Babayev']",A Iasyev,multiple
8369,603,985,"Euros 2024, Qualifiers",Azerbaijan vs Belgium,09.09.23,Azerbaijan,AZ,2023,FAIL,"['Arif Isayev', 'Ali Babayev']",0,True,Online Lookup Required,False,"['Arif Isayev', 'Ali Babayev']",A Iasyev,multiple
8468,702,989,"Euros 2024, Qualifiers",Estonia vs Azerbaijan,13.10.23,Azerbaijan,AZ,2023,FAIL,"['Arif Isayev', 'Ali Babayev']",0,True,Online Lookup Required,False,"['Arif Isayev', 'Ali Babayev']",A Iasyev,multiple
8501,735,991,"Euros 2024, Qualifiers",Azerbaijan vs Austria,16.10.23,Azerbaijan,AZ,2023,FAIL,"['Arif Isayev', 'Ali Babayev']",0,True,Online Lookup Required,False,"['Arif Isayev', 'Ali Babayev']",A Iasyev,multiple
8545,779,993,"Euros 2024, Qualifiers",Azerbaijan vs Sweden,16.11.23,Azerbaijan,AZ,2023,FAIL,"['Arif Isayev', 'Ali Babayev']",0,True,Online Lookup Required,False,"['Arif Isayev', 'Ali Babayev']",A Iasyev,multiple
8599,833,995,"Euros 2024, Qualifiers",Belgium vs Azerbaijan,19.11.23,Azerbaijan,AZ,2023,FAIL,"['Arif Isayev', 'Ali Babayev']",0,True,Online Lookup Required,False,"['Arif Isayev', 'Ali Babayev']",A Iasyev,multiple
10187,221,1221,Copa America 2015,Mexico vs Bolivia,13.06.15,Mexico,MX,2015,FAIL,"['Juan Domínguez', 'Julio César Domínguez']",0.0,True,Online Lookup Required,False,"['Juan Domínguez', 'Julio César Domínguez']",J-o Dominguez,multiple
10216,250,1222,Copa America 2015,Ecuador vs Bolivia,15.06.15,Ecuador,EC,2015,FAIL,"['Pedro Quinonez', 'Leonel Quinonez', 'Jhonny Quinonez', 'Joshue Quinonez']",0.0,True,Online Lookup Required,False,"['Pedro Quinonez', 'Leonel Quinonez', 'Jhonny Quinonez', 'Joshue Quinonez']",Quinonez,multiple
10666,700,1243,Copa America 2016,United States vs Ecuador,17.06.16,Ecuador,EC,2016,FAIL,"['Michael Arroyo', 'Dixon Arroyo']",0.0,True,Online Lookup Required,False,"['Michael Arroyo', 'Dixon Arroyo']",Arroyo,multiple
10911,945,1254,Copa America 2016,Brazil vs Ecuador,05.06.16,Ecuador,EC,2016,FAIL,"['Álex Bolaños', 'Miler Bolaños']",0.0,True,Online Lookup Required,False,"['Álex Bolaños', 'Miler Bolaños']",Bolanos,multiple
11758,692,787,"Euros 2020, Qualifiers",Moldova vs France,22.03.19,Moldova,MD,2019,FAIL,"['Alexandru Antoniuc', 'Maxim Antoniuc']",0.0,True,Online Lookup Required,False,"['Alexandru Antoniuc', 'Maxim Antoniuc']",Antoniuc,multiple
12106,1040,803,"Euros 2020, Qualifiers",Moldova vs Turkey,10.09.19,Moldova,MD,2019,FAIL,"['Mihai Turcan', 'Iaser Turcan']",0.0,True,Online Lookup Required,False,"['Mihai Turcan', 'Iaser Turcan']",urcan,multiple
13507,241,2183,"World Cup Qualifiers, Africa, 2022",Tunisia vs Mali,29-03-2022,Mali,ML,2022,FAIL,"['Abdoulay Diaby', 'Alassane Diaby']",0,True,Online Lookup Required,False,"['Abdoulay Diaby', 'Alassane Diaby']",A Diaby,multiple
14539,173,4256,"World Cup 2014, Qualifiers, CONMEBOL",Colombia vs Ecuador,06-Sep-13,Ecuador,EC,2013,FAIL,"['Edison Mendez', 'Jhegson Mendez']",0,True,Online Lookup Required,False,"['Edison Mendez', 'Jhegson Mendez']",Mendez,multiple
15328,962,4293,"World Cup 2018, Qualifiers, CONMEBOL",Bolivia vs Colombia,24-Mar-16,Colombia,CO,2016,FAIL,"['Seba Pérez', 'Alexis Pérez']",0,True,Online Lookup Required,False,"['Seba Pérez', 'Alexis Pérez']",Pérez,multiple
15339,973,4294,"World Cup 2018, Qualifiers, CONMEBOL",Ecuador vs Paraguay,24-Mar-16,Ecuador,EC,2016,FAIL,"['Miler Bolaños', 'Álex Bolaños']",0,True,Online Lookup Required,False,"['Miler Bolaños', 'Álex Bolaños']",Bolaños,multiple
15419,1053,4297,"World Cup 2018, Qualifiers, CONMEBOL",Brazil vs Uruguay,25-Mar-16,Uruguay,UY,2016,FAIL,"['Cristian Rodríguez', 'Jonathan Rodríguez', 'Brian Rodríguez', 'José Luis Rodríguez', 'Randall Rodríguez', 'Luciano Rodríguez']",0,True,Online Lookup Required,False,"['Cristian Rodríguez', 'Jonathan Rodríguez', 'Brian Rodríguez', 'José Luis Rodríguez', 'Randall Rodríguez', 'Luciano Rodríguez']",Rodríguez,multiple
17155,589,632,"Euros 2020, Qualifiers",Czech vs Montenegro,10.06.19,Montenegro,ME,2019,FAIL,"['Marko Bakic', 'Dusan Bakic']",0.0,True,Online Lookup Required,False,"['Marko Bakic', 'Dusan Bakic']",Bakic,multiple
17556,990,651,"Euros 2020, Qualifiers",Lithuania vs Luxembourg,07.06.19,Lithuania,LT,2019,FAIL,"['Andrius Bartkus', 'Dziugas Bartkus']",0.0,True,Online Lookup Required,False,"['Andrius Bartkus', 'Dziugas Bartkus']",Bartkus,multiple
20987,21,2426,"World Cup Qualifiers, Asia, 2018",Philippines vs Bahrain,11-06-2015,Bahrain,BH,2015,FAIL,"['Sayed Ridha Isa', 'Sayed Hashim Isa', 'Sayed Ali Hashem']",0,True,Online Lookup Required,False,"['Sayed Ridha Isa', 'Sayed Hashim Isa', 'Sayed Ali Hashem']",Sayed Ali Issa,multiple
20988,22,2427,"World Cup Qualifiers, Asia, 2018",Timor-Leste vs Palestine,08-10-2015,Timor-Leste,TL,2015,FAIL,"['Ramos Maxanches', 'Domingos Ramos Freitas']",0,True,Online Lookup Required,False,"['Ramos Maxanches', 'Domingos Ramos Freitas']",Ramos,multiple
21207,241,2437,"World Cup Qualifiers, Asia, 2018",Jordan vs Tajikistan,13-10-2015,Tajikistan,TJ,2015,FAIL,"['Kamil Saidov', 'Karomatullo Saidov']",0,True,Online Lookup Required,False,"['Kamil Saidov', 'Karomatullo Saidov']",K Saidov,multiple
24679,413,2394,"World Cup Qualifiers, Asia, 2018",North Korea vs Bahrain,17-11-2015,Bahrain,BH,2015,FAIL,"['Sayed Ali Hashem', 'Sayed Mohsen Ali']",0,True,Online Lookup Required,False,"['Sayed Ali Hashem', 'Sayed Mohsen Ali']",Ali Al Sa,multiple
25379,13,1314,Copa America 2021,Chile vs Paraguay,25.06.21,Paraguay,PY,2021,FAIL,"['Juan Espínola', 'Alberto Espínola']",0,True,Online Lookup Required,False,"['Juan Espínola', 'Alberto Espínola']",Espínola,multiple
25422,56,1316,Copa America 2021,Uruguay vs Paraguay,29.06.21,Paraguay,PY,2021,FAIL,"['Robert Rojas', 'Rodrigo Rojas']",0,True,Online Lookup Required,False,"['Robert Rojas', 'Rodrigo Rojas']",R Rojas,multiple
25447,81,1317,Copa America 2021,Brazil vs Venezuela,14.06.21,Venezuela,VE,2021,FAIL,"['Júnior Moreno', 'Johan Moreno']",0,True,Online Lookup Required,False,"['Júnior Moreno', 'Johan Moreno']",J Moreno,multiple
26575,109,2077,"World Cup Qualifiers, Africa, 2022",Morocco vs Guinea-Bissau,06-10-2021,Guinea-Bissau,GW,2021,FAIL,"['Arnaud Mendy', 'Alexandre Mendy']",0,True,Online Lookup Required,False,"['Arnaud Mendy', 'Alexandre Mendy']",A Mendy,multiple
29504,838,3070,"World Cup Qualifiers, Europe, 2018",Azerbaijan vs San Marino,04-09-2017,Azerbaijan,AZ,2017,FAIL,"['Rashad Sadyqov', 'Rashad Sadiqov']",0,True,Online Lookup Required,False,"['Rashad Sadyqov', 'Rashad Sadiqov']",R Sadqov,multiple
32197,231,2336,"World Cup Qualifiers, Asia, 2018",Saudi Arabia vs Timor-Leste,03-09-2015,Timor-Leste,TL,2015,FAIL,"['Ramos Maxanches', 'Domingos Ramos Freitas']",0,True,Online Lookup Required,False,"['Ramos Maxanches', 'Domingos Ramos Freitas']",Ramos,multiple
33072,6,4046,"World Cup 2018, Qualifiers, CONCACAF",Honduras vs Panama,11-Nov-16,Honduras,HN,2016,FAIL,"['Carlos Will Mejia', 'Alfredo Mejia', 'Juan Ramon Mejia', 'German Mejia', 'Yeison Mejia', 'Carlos Mejia']",0.0,True,Online Lookup Required,False,"['Carlos Will Mejia', 'Alfredo Mejia', 'Juan Ramon Mejia', 'German Mejia', 'Yeison Mejia', 'Carlos Mejia']",Mejia,multiple
33437,371,4062,"World Cup 2018, Qualifiers, CONCACAF",Panama vs Honduras,13-Jun-17,Honduras,HN,2017,FAIL,"['Carlos Will Mejia', 'Alfredo Mejia', 'Juan Ramon Mejia', 'German Mejia', 'Yeison Mejia', 'Carlos Mejia']",0,True,Online Lookup Required,False,"['Carlos Will Mejia', 'Alfredo Mejia', 'Juan Ramon Mejia', 'German Mejia', 'Yeison Mejia', 'Carlos Mejia']",Mejia,multiple
33501,435,4065,"World Cup 2018, Qualifiers, CONCACAF",Trinidad and Tobago vs Honduras,01-Sep-17,Honduras,HN,2017,FAIL,"['Carlos Will Mejia', 'Alfredo Mejia', 'Juan Ramon Mejia', 'German Mejia', 'Yeison Mejia', 'Carlos Mejia']",0,True,Online Lookup Required,False,"['Carlos Will Mejia', 'Alfredo Mejia', 'Juan Ramon Mejia', 'German Mejia', 'Yeison Mejia', 'Carlos Mejia']",Mejia,multiple
33534,468,4067,"World Cup 2018, Qualifiers, CONCACAF",Honduras vs USA,05-Sep-17,Honduras,HN,2017,FAIL,"['Carlos Will Mejia', 'Alfredo Mejia', 'Juan Ramon Mejia', 'German Mejia', 'Yeison Mejia', 'Carlos Mejia']",0,True,Online Lookup Required,False,"['Carlos Will Mejia', 'Alfredo Mejia', 'Juan Ramon Mejia', 'German Mejia', 'Yeison Mejia', 'Carlos Mejia']",Mejia,multiple
33654,588,4072,"World Cup 2018, Qualifiers, CONCACAF",Costa Rica vs Honduras,07-Oct-17,Honduras,HN,2017,FAIL,"['Carlos Will Mejia', 'Alfredo Mejia', 'Juan Ramon Mejia', 'German Mejia', 'Yeison Mejia', 'Carlos Mejia']",0,True,Online Lookup Required,False,"['Carlos Will Mejia', 'Alfredo Mejia', 'Juan Ramon Mejia', 'German Mejia', 'Yeison Mejia', 'Carlos Mejia']",Mejia,multiple
33665,599,4073,"World Cup 2018, Qualifiers, CONCACAF",Honduras vs Mexico,10-Oct-17,Honduras,HN,2017,FAIL,"['Carlos Will Mejia', 'Alfredo Mejia', 'Juan Ramon Mejia', 'German Mejia', 'Yeison Mejia', 'Carlos Mejia']",0,True,Online Lookup Required,False,"['Carlos Will Mejia', 'Alfredo Mejia', 'Juan Ramon Mejia', 'German Mejia', 'Yeison Mejia', 'Carlos Mejia']",Mejia,multiple
33750,684,4078,"World Cup 2022, Qualifiers, CONCACAF",Antigua and Barbuda vs Montserrat,24-Mar-21,Antigua and Barbuda,AG,2021,FAIL,"['Zaine Francis-Angol', 'Novel Francis', 'Daniel Francis']",0,True,Online Lookup Required,False,"['Zaine Francis-Angol', 'Novel Francis', 'Daniel Francis']",Francisol,multiple
33760,694,4078,"World Cup 2022, Qualifiers, CONCACAF",Antigua and Barbuda vs Montserrat,24-Mar-21,Montserrat,MS,2021,FAIL,"['Elton Williams', 'Michael Williams']",0,True,Online Lookup Required,False,"['Elton Williams', 'Michael Williams']",Williams,multiple
33792,726,4080,"World Cup 2022, Qualifiers, CONCACAF",Dominican Republic vs Dominica,24-Mar-21,Dominican Republic,DO,2021,FAIL,"['Luis Ismael Diaz', 'Rafael Diaz']",0,True,Online Lookup Required,False,"['Luis Ismael Diaz', 'Rafael Diaz']",Diaz,multiple
33812,746,4080,"World Cup 2022, Qualifiers, CONCACAF",Dominican Republic vs Dominica,24-Mar-21,Dominica,DM,2021,FAIL,"['Eric Wade', 'Julian Wade']",0,True,Online Lookup Required,False,"['Eric Wade', 'Julian Wade']",Wade,multiple
33836,770,4082,"World Cup 2022, Qualifiers, CONCACAF",Saint Kitts and Nevis vs Puerto Rico,24-Mar-21,Saint Kitts and Nevis,KN,2021,FAIL,"['Julani Archibald', 'Steve Archibald']",0,True,Online Lookup Required,False,"['Julani Archibald', 'Steve Archibald']",Archibald,multiple
33843,777,4082,"World Cup 2022, Qualifiers, CONCACAF",Saint Kitts and Nevis vs Puerto Rico,24-Mar-21,Saint Kitts and Nevis,KN,2021,FAIL,"['Raheem Somersall', 'Travis Somersall']",0,True,Online Lookup Required,False,"['Raheem Somersall', 'Travis Somersall']",Somersall,multiple
33845,779,4082,"World Cup 2022, Qualifiers, CONCACAF",Saint Kitts and Nevis vs Puerto Rico,24-Mar-21,Saint Kitts and Nevis,KN,2021,FAIL,"['Patrece Liburd', 'Malik Liburd', 'Kendale Liburd', 'Rowan Liburd']",0,True,Online Lookup Required,False,"['Patrece Liburd', 'Malik Liburd', 'Kendale Liburd', 'Rowan Liburd']",Liburd,multiple
34001,935,4089,"World Cup 2022, Qualifiers, CONCACAF",Anguilla vs Dominican Republic,27-Mar-21,Dominican Republic,DO,2021,FAIL,"['Luis Ismael Diaz', 'Rafael Diaz']",0,True,Online Lookup Required,False,"['Luis Ismael Diaz', 'Rafael Diaz']",Diaz,multiple
34455,355,2948,"World Cup Qualifiers, Europe, 2018",Azerbaijan vs Germany,26-03-2017,Azerbaijan,AZ,2017,FAIL,"['Rashad Sadyqov', 'Rashad Sadiqov']",0,True,Online Lookup Required,False,"['Rashad Sadyqov', 'Rashad Sadiqov']",R Sadqov,multiple
34675,575,2958,"World Cup Qualifiers, Europe, 2018",Azerbaijan vs Czech Republic,05-10-2017,Azerbaijan,AZ,2017,FAIL,"['Rashad Sadyqov', 'Rashad Sadiqov']",0,True,Online Lookup Required,False,"['Rashad Sadyqov', 'Rashad Sadiqov']",R Sadqov,multiple
37495,95,4101,"World Cup 2022, Qualifiers, CONCACAF",Belize vs Turks and Caicos Iss,30-Mar-21,Belize,BZ,2021,FAIL,"['Frank Lopez', 'Krisean Lopez', 'Aaron Lopez']",0,True,Online Lookup Required,False,"['Frank Lopez', 'Krisean Lopez', 'Aaron Lopez']",Lopez,multiple
37541,141,4103,"World Cup 2022, Qualifiers, CONCACAF",Bermuda vs Aruba,30-Mar-21,Bermuda,BM,2021,FAIL,"['Antwan Russell', 'Tokia Russell']",0,True,Online Lookup Required,False,"['Antwan Russell', 'Tokia Russell']",Russell,multiple
37652,252,4108,"World Cup 2022, Qualifiers, CONCACAF",Dominica vs Anguilla,02-Jun-21,Dominica,DM,2021,FAIL,"['Eric Wade', 'Julian Wade']",0,True,Online Lookup Required,False,"['Eric Wade', 'Julian Wade']",Wade,multiple
37796,396,4115,"World Cup 2022, Qualifiers, CONCACAF",Saint Kitts and Nevis vs Guyana,04-Jun-21,Saint Kitts and Nevis,KN,2021,FAIL,"['Julani Archibald', 'Steve Archibald']",0,True,Online Lookup Required,False,"['Julani Archibald', 'Steve Archibald']",Archibald,multiple
37804,404,4115,"World Cup 2022, Qualifiers, CONCACAF",Saint Kitts and Nevis vs Guyana,04-Jun-21,Saint Kitts and Nevis,KN,2021,FAIL,"['Raheem Somersall', 'Travis Somersall']",0,True,Online Lookup Required,False,"['Raheem Somersall', 'Travis Somersall']",Somersall,multiple
37840,440,4117,"World Cup 2022, Qualifiers, CONCACAF",Dominican Republic vs Barbados,04-Jun-21,Dominican Republic,DO,2021,FAIL,"['Luis Ismael Diaz', 'Rafael Diaz']",0,True,Online Lookup Required,False,"['Luis Ismael Diaz', 'Rafael Diaz']",Diaz,multiple
37883,483,4118,"World Cup 2022, Qualifiers, CONCACAF",Nicaragua vs Belize,04-Jun-21,Belize,BZ,2021,FAIL,"['Frank Lopez', 'Krisean Lopez', 'Aaron Lopez']",0,True,Online Lookup Required,False,"['Frank Lopez', 'Krisean Lopez', 'Aaron Lopez']",Lopez,multiple
37942,542,4121,"World Cup 2022, Qualifiers, CONCACAF",US Virgin Islands vs El Salvador,05-Jun-21,El Salvador,SV,2021,FAIL,"['Giovanni Zavaleta', 'Eriq Zavaleta']",0,True,Online Lookup Required,False,"['Giovanni Zavaleta', 'Eriq Zavaleta']",Zavaleta,multiple
38125,725,4129,"World Cup 2022, Qualifiers, CONCACAF",Trinidad and Tobago vs Saint Kitts and Nevis,08-Jun-21,Saint Kitts and Nevis,KN,2021,FAIL,"['Patrece Liburd', 'Malik Liburd', 'Kendale Liburd', 'Rowan Liburd']",0,True,Online Lookup Required,False,"['Patrece Liburd', 'Malik Liburd', 'Kendale Liburd', 'Rowan Liburd']",Liburd,multiple
38269,869,4136,"World Cup 2022, Qualifiers, CONCACAF",Panama vs Dominican Republic,08-Jun-21,Dominican Republic,DO,2021,FAIL,"['Luis Ismael Diaz', 'Rafael Diaz']",0,True,Online Lookup Required,False,"['Luis Ismael Diaz', 'Rafael Diaz']",Diaz,multiple
38453,1053,4145,"World Cup 2022, Qualifiers, CONCACAF",Panama vs Costa Rica,02-Sep-21,Costa Rica,CR,2021,FAIL,"['Pedro Leal', 'Randall Leal']",0,True,Online Lookup Required,False,"['Pedro Leal', 'Randall Leal']",Leal,multiple
38534,34,4402,"World Cup 2022, Qualifiers, CONMEBOL",Peru vs Venezuela,05-Sep-21,Venezuela,VE,2021,FAIL,"['Dani Hernández', 'José Hernández', 'Ronald Hernández']",0,True,Online Lookup Required,False,"['Dani Hernández', 'José Hernández', 'Ronald Hernández']",Hernández,multiple
38537,37,4402,"World Cup 2022, Qualifiers, CONMEBOL",Peru vs Venezuela,05-Sep-21,Venezuela,VE,2021,FAIL,"['Javier González', 'Alexander González', 'César González', 'Óscar González', 'Luis González']",0,True,Online Lookup Required,False,"['Javier González', 'Alexander González', 'César González', 'Óscar González', 'Luis González']",González,multiple
38585,85,4404,"World Cup 2022, Qualifiers, CONMEBOL",Paraguay vs Venezuela,09-Sep-21,Venezuela,VE,2021,FAIL,"['Rómulo Otero', 'Javier Otero']",0,True,Online Lookup Required,False,"['Rómulo Otero', 'Javier Otero']",Otero,multiple
38664,164,4408,"World Cup 2022, Qualifiers, CONMEBOL",Venezuela vs Brazil,07-Oct-21,Venezuela,VE,2021,FAIL,"['Pedro Ramírez', 'Eric Ramírez']",0,True,Online Lookup Required,False,"['Pedro Ramírez', 'Eric Ramírez']",Ramírez,multiple
38695,195,4409,"World Cup 2022, Qualifiers, CONMEBOL",Ecuador vs Bolivia,07-Oct-21,Bolivia,BO,2021,FAIL,"['Harry Céspedes', 'Boris Céspedes']",0,True,Online Lookup Required,False,"['Harry Céspedes', 'Boris Céspedes']",Cespedes,multiple
38869,369,4417,"World Cup 2022, Qualifiers, CONMEBOL",Chile vs Paraguay,10-Oct-21,Paraguay,PY,2021,FAIL,"['Luis Cardozo', 'Óscar Cardozo']",0,True,Online Lookup Required,False,"['Luis Cardozo', 'Óscar Cardozo']",Cardozo,multiple
38969,469,4422,"World Cup 2022, Qualifiers, CONMEBOL",Chile vs Venezuela,14-Oct-21,Chile,CL,2021,FAIL,"['Jaime Valdés', 'Diego Valdés']",0,True,Online Lookup Required,False,"['Jaime Valdés', 'Diego Valdés']",Valdés,multiple
39024,524,4424,"World Cup 2022, Qualifiers, CONMEBOL",Paraguay vs Chile,11-Nov-21,Chile,CL,2021,FAIL,"['Jaime Valdés', 'Diego Valdés']",0,True,Online Lookup Required,False,"['Jaime Valdés', 'Diego Valdés']",Valdés,multiple
39133,633,4429,"World Cup 2022, Qualifiers, CONMEBOL",Colombia vs Paraguay,16-Nov-21,Paraguay,PY,2021,FAIL,"['Jorge Rojas', 'Robert Rojas', 'Rodrigo Rojas', 'Santiago Rojas', 'Matías Rojas']",0,True,Online Lookup Required,False,"['Jorge Rojas', 'Robert Rojas', 'Rodrigo Rojas', 'Santiago Rojas', 'Matías Rojas']",Rojas,multiple
39189,689,4432,"World Cup 2022, Qualifiers, CONMEBOL",Chile vs Ecuador,16-Nov-21,Chile,CL,2021,FAIL,"['Jaime Valdés', 'Diego Valdés']",0,True,Online Lookup Required,False,"['Jaime Valdés', 'Diego Valdés']",Valdés,multiple
39255,755,4435,"World Cup 2022, Qualifiers, CONMEBOL",Chile vs Argentina,27-Jan-22,Chile,CL,2022,FAIL,"['Eduardo Vargas', 'Miguel Vargas', 'Jeisson Vargas']",0,True,Online Lookup Required,False,"['Eduardo Vargas', 'Miguel Vargas', 'Jeisson Vargas']",Vargas,multiple
39422,922,4442,"World Cup 2022, Qualifiers, CONMEBOL",Brazil vs Paraguay,1-Feb-22,Paraguay,PY,2022,FAIL,"['Miguel Samudio', 'Braian Samudio']",0,True,Online Lookup Required,False,"['Miguel Samudio', 'Braian Samudio']",Samudio,multiple
39489,989,4445,"World Cup 2022, Qualifiers, CONMEBOL",Brazil vs Chile,24-Mar-22,Chile,CL,2022,FAIL,"['Eduardo Vargas', 'Miguel Vargas', 'Jeisson Vargas']",0,True,Online Lookup Required,False,"['Eduardo Vargas', 'Miguel Vargas', 'Jeisson Vargas']",Vargas,multiple
39510,1010,4446,"World Cup 2022, Qualifiers, CONMEBOL",Paraguay vs Ecuador,24-Mar-22,Ecuador,EC,2022,FAIL,"['Joao Rojas', 'Juan Rojas']",0,True,Online Lookup Required,False,"['Joao Rojas', 'Juan Rojas']",Rojas,multiple
39817,217,1828,Nations League 2022-2023,Kazakhstan vs Azerbaijan,03.06.22,Azerbaijan,AZ,2022,FAIL,"['Arif Isayev', 'Ali Babayev']",0,True,Online Lookup Required,False,"['Arif Isayev', 'Ali Babayev']",A Iasyev,multiple
41005,305,2592,"World Cup Qualifiers, Asia, 2022",Bangladesh vs India,07-06-2021,India,IN,2021,FAIL,"['Balwant Singh', 'Bipin Singh']",0,True,Online Lookup Required,False,"['Balwant Singh', 'Bipin Singh']",B Singh,multiple
41127,427,2598,"World Cup Qualifiers, Asia, 2022",Oman vs Japan,16-11-2021,Oman,OM,2021,FAIL,"['Essam Al-Subhi', 'Ibrahim Al-Rajhi']",0,True,Online Lookup Required,False,"['Essam Al-Subhi', 'Ibrahim Al-Rajhi']",Issam Al Sabhi,multiple
43087,187,1930,"World Cup Qualifiers, Africa, 2018",Niger vs Somalia,13-10-2015,Somalia,SO,2015,FAIL,"['Mustaf Khalib Hussein', 'Mohamed Muhamud Hussein']",0,True,Online Lookup Required,False,"['Mustaf Khalib Hussein', 'Mohamed Muhamud Hussein']",M Hussein,multiple
43089,189,1930,"World Cup Qualifiers, Africa, 2018",Niger vs Somalia,13-10-2015,Somalia,SO,2015,FAIL,"['Abdinasir Yusuf Ahmed', 'Ahmed Said Ahmed', 'Ayub Ahmed']",0,True,Online Lookup Required,False,"['Abdinasir Yusuf Ahmed', 'Ahmed Said Ahmed', 'Ayub Ahmed']",A Ahmed,multiple
43093,193,1930,"World Cup Qualifiers, Africa, 2018",Niger vs Somalia,13-10-2015,Somalia,SO,2015,FAIL,"['Abas Amin Mohamed', 'Abdi Mohamed', 'Abdiwali Abdirahman Mohamed']",0,True,Online Lookup Required,False,"['Abas Amin Mohamed', 'Abdi Mohamed', 'Abdiwali Abdirahman Mohamed']",A Mohamed,multiple
43213,313,1936,"World Cup Qualifiers, Africa, 2018",Eswatini vs Djibouti,17-10-2015,Eswatini,SZ,2015,FAIL,"['Xolani Sikhondze', 'Banele Sikhondze']",0,True,Online Lookup Required,False,"['Xolani Sikhondze', 'Banele Sikhondze']",C Skondze,multiple
43534,634,1950,"World Cup Qualifiers, Africa, 2018",Nigeria vs Eswatini,17-11-2015,Eswatini,SZ,2015,FAIL,"['Saneliso Dlamini', 'Sibonginkhosi Dlamini', 'Sibusiso Dlamini']",0,True,Online Lookup Required,False,"['Saneliso Dlamini', 'Sibonginkhosi Dlamini', 'Sibusiso Dlamini']",S Dlamini,multiple
43652,752,1956,"World Cup Qualifiers, Africa, 2018",Lesotho vs Comoros,13-10-2015,Lesotho,LS,2015,FAIL,"['Mohapi Ntobo', 'Moitheri Ntobo']",0,True,Online Lookup Required,False,"['Mohapi Ntobo', 'Moitheri Ntobo']",M Ntobo,multiple
43685,785,1957,"World Cup Qualifiers, Africa, 2018",South Africa vs Burkina Faso,07-10-2017,Burkina Faso,BF,2017,FAIL,"['Maxime Ouattara', 'Mohamed Ouattara', 'Mohamed Lamine Ouattara']",0,True,Online Lookup Required,False,"['Maxime Ouattara', 'Mohamed Ouattara', 'Mohamed Lamine Ouattara']",M Ouattara,multiple
45129,29,4351,"World Cup 2018, Qualifiers, CONMEBOL",Paraguay vs Uruguay,05-Sep-17,Paraguay,PY,2017,FAIL,"['Marcos Cáceres', 'Víctor Cáceres', 'Leonardo Cáceres', 'Blas Cáceres', 'Juan José Cáceres']",0,True,Online Lookup Required,False,"['Marcos Cáceres', 'Víctor Cáceres', 'Leonardo Cáceres', 'Blas Cáceres', 'Juan José Cáceres']",Cáceres,multiple
45170,70,4353,"World Cup 2018, Qualifiers, CONMEBOL",Bolivia vs Brazil,05-Oct-17,Bolivia,BO,2017,FAIL,"['Luis Gutiérrez', 'Helmut Gutiérrez', 'Limberg Gutiérrez', 'Jhohan Gutiérrez']",0,True,Online Lookup Required,False,"['Luis Gutiérrez', 'Helmut Gutiérrez', 'Limberg Gutiérrez', 'Jhohan Gutiérrez']",Gutiérrez,multiple
45174,74,4353,"World Cup 2018, Qualifiers, CONMEBOL",Bolivia vs Brazil,05-Oct-17,Bolivia,BO,2017,FAIL,"['Leonel Morales', 'Omar Morales']",0,True,Online Lookup Required,False,"['Leonel Morales', 'Omar Morales']",Morales,multiple
45194,94,4354,"World Cup 2018, Qualifiers, CONMEBOL",Venezuela vs Uruguay,05-Oct-17,Venezuela,VE,2017,FAIL,"['Júnior Moreno', 'Johan Moreno']",0,True,Online Lookup Required,False,"['Júnior Moreno', 'Johan Moreno']",J Moreno,multiple
45198,98,4354,"World Cup 2018, Qualifiers, CONMEBOL",Venezuela vs Uruguay,05-Oct-17,Venezuela,VE,2017,FAIL,"['José Martínez', 'Josef Martínez', 'David Martínez']",0,True,Online Lookup Required,False,"['José Martínez', 'Josef Martínez', 'David Martínez']",Martinez,multiple
45203,103,4354,"World Cup 2018, Qualifiers, CONMEBOL",Venezuela vs Uruguay,05-Oct-17,Uruguay,UY,2017,FAIL,"['Martín Cáceres', 'Sebastián Cáceres']",0,True,Online Lookup Required,False,"['Martín Cáceres', 'Sebastián Cáceres']",Cáceres,multiple
45227,127,4355,"World Cup 2018, Qualifiers, CONMEBOL",Colombia vs Paraguay,05-Oct-17,Paraguay,PY,2017,FAIL,"['Marcos Cáceres', 'Víctor Cáceres', 'Leonardo Cáceres', 'Blas Cáceres', 'Juan José Cáceres']",0,True,Online Lookup Required,False,"['Marcos Cáceres', 'Víctor Cáceres', 'Leonardo Cáceres', 'Blas Cáceres', 'Juan José Cáceres']",Cáceres,multiple
45235,135,4356,"World Cup 2018, Qualifiers, CONMEBOL",Chile vs Ecuador,05-Oct-17,Chile,CL,2017,FAIL,"['Gonzalo Jara', 'Ignacio Jara']",0,True,Online Lookup Required,False,"['Gonzalo Jara', 'Ignacio Jara']",Jara,multiple
45365,265,4362,"World Cup 2018, Qualifiers, CONMEBOL",Uruguay vs Bolivia,10-Oct-17,Uruguay,UY,2017,FAIL,"['Martín Cáceres', 'Sebastián Cáceres']",0,True,Online Lookup Required,False,"['Martín Cáceres', 'Sebastián Cáceres']",Cáceres,multiple
45824,724,4383,"World Cup 2022, Qualifiers, CONMEBOL",Paraguay vs Bolivia,17-Nov-20,Bolivia,BO,2020,FAIL,"['Gilbert Alvarez', 'William Alvarez', 'Eduardo Alvarez', 'Sebastian Alvarez']",0,True,Online Lookup Required,False,"['Gilbert Alvarez', 'William Alvarez', 'Eduardo Alvarez', 'Sebastian Alvarez']",Alvarez,multiple
45842,742,4384,"World Cup 2022, Qualifiers, CONMEBOL",Bolivia vs Venezuela,03-Jun-21,Venezuela,VE,2021,FAIL,"['Júnior Moreno', 'Johan Moreno']",0,True,Online Lookup Required,False,"['Júnior Moreno', 'Johan Moreno']",J Moreno,multiple
45846,746,4384,"World Cup 2022, Qualifiers, CONMEBOL",Bolivia vs Venezuela,03-Jun-21,Venezuela,VE,2021,FAIL,"['Rómulo Otero', 'Javier Otero']",0,True,Online Lookup Required,False,"['Rómulo Otero', 'Javier Otero']",Otero,multiple
45860,760,4385,"World Cup 2022, Qualifiers, CONMEBOL",Uruguay vs Paraguay,03-Jun-21,Paraguay,PY,2021,FAIL,"['Jorge Rojas', 'Robert Rojas', 'Rodrigo Rojas', 'Santiago Rojas', 'Matías Rojas']",0,True,Online Lookup Required,False,"['Jorge Rojas', 'Robert Rojas', 'Rodrigo Rojas', 'Santiago Rojas', 'Matías Rojas']",Rojas,multiple
45865,765,4385,"World Cup 2022, Qualifiers, CONMEBOL",Uruguay vs Paraguay,03-Jun-21,Paraguay,PY,2021,FAIL,"['Gastón Giménez', 'Néstor Giménez']",0,True,Online Lookup Required,False,"['Gastón Giménez', 'Néstor Giménez']",Giménez,multiple
46043,943,4393,"World Cup 2022, Qualifiers, CONMEBOL",Chile vs Bolivia,08-Jun-21,Bolivia,BO,2021,FAIL,"['Harry Céspedes', 'Boris Céspedes']",0,True,Online Lookup Required,False,"['Harry Céspedes', 'Boris Céspedes']",Cespedes,multiple
46080,980,4395,"World Cup 2022, Qualifiers, CONMEBOL",Ecuador vs Paraguay,02-Sep-21,Paraguay,PY,2021,FAIL,"['Juan Espínola', 'Alberto Espínola']",0,True,Online Lookup Required,False,"['Juan Espínola', 'Alberto Espínola']",Espínola,multiple
46113,1013,4397,"World Cup 2022, Qualifiers, CONMEBOL",Venezuela vs Argentina,02-Sep-21,Venezuela,VE,2021,FAIL,"['Luis González', 'Óscar González', 'César González']",0,True,Online Lookup Required,False,"['Luis González', 'Óscar González', 'César González']",Gonzalez,multiple
46121,1021,4397,"World Cup 2022, Qualifiers, CONMEBOL",Venezuela vs Argentina,02-Sep-21,Venezuela,VE,2021,FAIL,"['Pedro Ramírez', 'Eric Ramírez']",0,True,Online Lookup Required,False,"['Pedro Ramírez', 'Eric Ramírez']",Ramírez,multiple
47104,904,1912,"World Cup Qualifiers, Africa, 2014",Kenya vs Namibia,08-09-2013,Kenya,KE,2013,FAIL,"['Brian Onyango', 'Boniface Onyango']",0,True,Online Lookup Required,False,"['Brian Onyango', 'Boniface Onyango']",B Onyango,multiple
47132,932,1913,"World Cup Qualifiers, Africa, 2014",Sudan vs Lesotho,08-09-2013,Sudan,SD,2013,FAIL,"['Faris Abdalla', 'Ali Abdalla', 'Mohamed Abdalla']",0,True,Online Lookup Required,False,"['Faris Abdalla', 'Ali Abdalla', 'Mohamed Abdalla']",Ragei Abdalla,multiple
47138,938,1913,"World Cup Qualifiers, Africa, 2014",Sudan vs Lesotho,08-09-2013,Lesotho,LS,2013,FAIL,"['Mohapi Ntobo', 'Moitheri Ntobo']",0,True,Online Lookup Required,False,"['Mohapi Ntobo', 'Moitheri Ntobo']",M Ntobo,multiple
50695,95,1976,"World Cup Qualifiers, Africa, 2018",Sierra Leone vs Chad,13-10-2015,Sierra Leone,SL,2015,FAIL,"['Alhaji Kamara', 'Alpha Kamara', 'Alimamy Kamara']",0,True,Online Lookup Required,False,"['Alhaji Kamara', 'Alpha Kamara', 'Alimamy Kamara']",A Kamara,multiple
51808,108,2533,"World Cup Qualifiers, Asia, 2022",China PR vs Syria,15-06-2021,Syria,SY,2021,FAIL,"['Alaa Al-Dali', 'Ahmed Al-Dali']",0,True,Online Lookup Required,False,"['Alaa Al-Dali', 'Ahmed Al-Dali']",A Yasin Dali,multiple
56145,45,3946,"World Cup 2014, Qualifiers, CONCACAF",Mexico vs Costa Rica,11-Jun-13,Mexico,MX,2013,FAIL,"['Gerardo Flores', 'Marcelo Flores']",0.0,True,Online Lookup Required,False,"['Gerardo Flores', 'Marcelo Flores']",Flores,multiple
56313,213,3953,"World Cup 2014, Qualifiers, CONCACAF",Panama vs Jamaica,06-Sep-13,Jamaica,JM,2013,FAIL,"['Jermaine Taylor', 'Evan Taylor', 'Dennis Taylor']",0.0,True,Online Lookup Required,False,"['Jermaine Taylor', 'Evan Taylor', 'Dennis Taylor']",Taylor,multiple
56314,214,3953,"World Cup 2014, Qualifiers, CONCACAF",Panama vs Jamaica,06-Sep-13,Jamaica,JM,2013,FAIL,"['Shaun Cummings', 'Fitzroy Cummings']",0.0,True,Online Lookup Required,False,"['Shaun Cummings', 'Fitzroy Cummings']",Cummings,multiple
56540,440,3965,"World Cup 2018, Qualifiers, CONCACAF",Nicaragua vs Anguilla,23-Mar-15,Nicaragua,NI,2015,FAIL,"['Cristiam Gutiérrez', 'Luis Gutiérrez', 'Denillson Gutiérrez']",0.0,True,Online Lookup Required,False,"['Cristiam Gutiérrez', 'Luis Gutiérrez', 'Denillson Gutiérrez']",Gutiérrez,multiple
56847,747,3978,"World Cup 2018, Qualifiers, CONCACAF",Nicaragua vs Suriname,7-Jun-15,Suriname,SR,2015,FAIL,"['Gregory Rigters', 'Jamilhio Rigters']",0.0,True,Online Lookup Required,False,"['Gregory Rigters', 'Jamilhio Rigters']",Rigters,multiple
56962,862,3984,"World Cup 2018, Qualifiers, CONCACAF",Dominica vs Canada,11-Jun-15,Dominica,DM,2015,FAIL,"['Kervin Lawrence', 'Aldrin Lawrence']",0.0,True,Online Lookup Required,False,"['Kervin Lawrence', 'Aldrin Lawrence']",Lawrence,multiple
58373,73,3897,"World Cup 2014, Qualifiers, CONCACAF",Cuba vs Canada,08-Jun-12,Cuba,CU,2012,FAIL,"['Aricheell Hernández', 'Onel Hernández', 'Marcel Hernández', 'Eduardo Hernández']",0.0,True,Online Lookup Required,False,"['Aricheell Hernández', 'Onel Hernández', 'Marcel Hernández', 'Eduardo Hernández']",Hernández,multiple
58520,220,3904,"World Cup 2014, Qualifiers, CONCACAF",El Salvador vs Mexico,12-Jun-12,El Salvador,SV,2012,FAIL,"['Darwin Bonilla', 'Nelson Bonilla', 'Elmer Bonilla']",0.0,True,Online Lookup Required,False,"['Darwin Bonilla', 'Nelson Bonilla', 'Elmer Bonilla']",Bonilla,multiple
58571,271,3906,"World Cup 2014, Qualifiers, CONCACAF",Guatemala vs USA,12-Jun-12,Guatemala,GT,2012,FAIL,"['Marvin Ávila', 'Kevin Ávila']",0.0,True,Online Lookup Required,False,"['Marvin Ávila', 'Kevin Ávila']",Ávila,multiple
58609,309,3908,"World Cup 2014, Qualifiers, CONCACAF",Panama vs Cuba,12-Jun-12,Panama,PA,2012,FAIL,"['Luis Tejada', 'Juan Tejada', 'Leonel Tejada']",0.0,True,Online Lookup Required,False,"['Luis Tejada', 'Juan Tejada', 'Leonel Tejada']",Tejada,multiple
58610,310,3908,"World Cup 2014, Qualifiers, CONCACAF",Panama vs Cuba,12-Jun-12,Panama,PA,2012,FAIL,"['Edwin Aguilar', 'Jorman Aguilar']",0.0,True,Online Lookup Required,False,"['Edwin Aguilar', 'Jorman Aguilar']",Aguilar,multiple
58630,330,3909,"World Cup 2014, Qualifiers, CONCACAF",Cuba vs Honduras,07-Sep-12,Cuba,CU,2012,FAIL,"['Sánder Fernández', 'Onel Hernández']",0.0,True,Online Lookup Required,False,"['Sánder Fernández', 'Onel Hernández']",Fernandez,multiple
58647,347,3909,"World Cup 2014, Qualifiers, CONCACAF",Cuba vs Honduras,07-Sep-12,Honduras,HN,2012,FAIL,"['Kevin Hernández', 'Jorge Cardona Hernández', 'Eddie Hernández']",0.0,True,Online Lookup Required,False,"['Kevin Hernández', 'Jorge Cardona Hernández', 'Eddie Hernández']",Hernández,multiple
58656,356,3910,"World Cup 2014, Qualifiers, CONCACAF",Jamaica vs USA,07-Sep-12,Jamaica,JM,2012,FAIL,"['Jermaine Taylor', 'Evan Taylor', 'Dennis Taylor']",0.0,True,Online Lookup Required,False,"['Jermaine Taylor', 'Evan Taylor', 'Dennis Taylor']",Taylor,multiple
58740,440,3914,"World Cup 2014, Qualifiers, CONCACAF",Costa Rica vs Mexico,07-Sep-12,Costa Rica,CR,2012,FAIL,"['Randall Brenes', 'Jefferson Brenes']",0.0,True,Online Lookup Required,False,"['Randall Brenes', 'Jefferson Brenes']",Brenes,multiple
58887,587,3920,"World Cup 2014, Qualifiers, CONCACAF",USA vs Jamaica,11-Sep-12,Jamaica,JM,2012,FAIL,"['Jermaine Taylor', 'Evan Taylor', 'Dennis Taylor']",0.0,True,Online Lookup Required,False,"['Jermaine Taylor', 'Evan Taylor', 'Dennis Taylor']",Taylor,multiple
59028,728,3927,"World Cup 2014, Qualifiers, CONCACAF",Honduras vs Canada,16-Oct-12,Honduras,HN,2012,FAIL,"['Víctor Bernárdez', 'Marvin Bernárdez']",0.0,True,Online Lookup Required,False,"['Víctor Bernárdez', 'Marvin Bernárdez']",Bernárdez,multiple
59029,729,3927,"World Cup 2014, Qualifiers, CONCACAF",Honduras vs Canada,16-Oct-12,Honduras,HN,2012,FAIL,"['Henry Figueroa', 'Maynor Figueroa', 'Josman Figueroa']",0.0,True,Online Lookup Required,False,"['Henry Figueroa', 'Maynor Figueroa', 'Josman Figueroa']",Figueroa,multiple
59034,734,3927,"World Cup 2014, Qualifiers, CONCACAF",Honduras vs Canada,16-Oct-12,Honduras,HN,2012,FAIL,"['Mario Martínez', 'Rony Martínez', 'Wálter Martínez', 'Douglas Martínez', 'Francisco Martínez', 'Julián Martínez']",0.0,True,Online Lookup Required,False,"['Mario Martínez', 'Rony Martínez', 'Wálter Martínez', 'Douglas Martínez', 'Francisco Martínez', 'Julián Martínez']",Martínez,multiple
59048,748,3928,"World Cup 2014, Qualifiers, CONCACAF",Cuba vs Panama,16-Oct-12,Cuba,CU,2012,FAIL,"['Maikel Reyes', 'Dairon Reyes']",0.0,True,Online Lookup Required,False,"['Maikel Reyes', 'Dairon Reyes']",Reyes,multiple
59068,768,3928,"World Cup 2014, Qualifiers, CONCACAF",Cuba vs Panama,16-Oct-12,Panama,PA,2012,FAIL,"['Gabriel Gómez', 'Martín Gómez']",0.0,True,Online Lookup Required,False,"['Gabriel Gómez', 'Martín Gómez']",Gómez,multiple
59084,784,3929,"World Cup 2014, Qualifiers, CONCACAF",USA vs Guatemala,16-Oct-12,Guatemala,GT,2012,FAIL,"['Rubén Morales', 'Rafael Morales', 'José Morales']",0.0,True,Online Lookup Required,False,"['Rubén Morales', 'Rafael Morales', 'José Morales']",Morales,multiple
59085,785,3929,"World Cup 2014, Qualifiers, CONCACAF",USA vs Guatemala,16-Oct-12,Guatemala,GT,2012,FAIL,"['Rubén Morales', 'Rafael Morales', 'José Morales']",0.0,True,Online Lookup Required,False,"['Rubén Morales', 'Rafael Morales', 'José Morales']",Morales,multiple
59136,836,3932,"World Cup 2014, Qualifiers, CONCACAF",Mexico vs El Salvador,16-Oct-12,Mexico,MX,2012,FAIL,"['Edwin Hernández', 'Melitón Hernández', 'Elías Hernández', 'Jorge Hernández', 'José Hernández']",0.0,True,Online Lookup Required,False,"['Edwin Hernández', 'Melitón Hernández', 'Elías Hernández', 'Jorge Hernández', 'José Hernández']",Hernández,multiple
59137,837,3932,"World Cup 2014, Qualifiers, CONCACAF",Mexico vs El Salvador,16-Oct-12,Mexico,MX,2012,FAIL,"['Héctor Herrera', 'Eduardo Herrera', 'Ozziel Herrera']",0.0,True,Online Lookup Required,False,"['Héctor Herrera', 'Eduardo Herrera', 'Ozziel Herrera']",Herrera,multiple
59138,838,3932,"World Cup 2014, Qualifiers, CONCACAF",Mexico vs El Salvador,16-Oct-12,Mexico,MX,2012,FAIL,"['Edwin Hernández', 'Melitón Hernández', 'Elías Hernández', 'Jorge Hernández', 'José Hernández']",0.0,True,Online Lookup Required,False,"['Edwin Hernández', 'Melitón Hernández', 'Elías Hernández', 'Jorge Hernández', 'José Hernández']",Hernández,multiple
59192,892,3934,"World Cup 2014, Qualifiers, CONCACAF",Mexico vs Jamaica,06-Feb-13,Jamaica,JM,2013,FAIL,"['Jermaine Taylor', 'Evan Taylor', 'Dennis Taylor']",0.0,True,Online Lookup Required,False,"['Jermaine Taylor', 'Evan Taylor', 'Dennis Taylor']",Taylor,multiple
59358,1058,3942,"World Cup 2014, Qualifiers, CONCACAF",Jamaica vs Mexico,04-Jun-13,Jamaica,JM,2013,FAIL,"['Daniel Gordon', 'Owayne Gordon']",0.0,True,Online Lookup Required,False,"['Daniel Gordon', 'Owayne Gordon']",Gordon,multiple
60783,283,3600,"African Cup of Nations, 2021",Nigeria vs Tunisia,23-01-2022,Tunisia,TN,2022,FAIL,"['Hocine Ragued', 'Houcine Rabii', 'Hamza Rafia']",0,True,Online Lookup Required,False,"['Hocine Ragued', 'Houcine Rabii', 'Hamza Rafia']",H Ra,multiple
71569,69,4303,"World Cup 2018, Qualifiers, CONMEBOL",Ecuador vs Brazil,01-Sep-16,Ecuador,EC,2016,FAIL,"['Narciso Mina', 'Arturo Mina', 'Freddy Mina']",0,True,Online Lookup Required,False,"['Narciso Mina', 'Arturo Mina', 'Freddy Mina']",Mina,multiple
71574,74,4303,"World Cup 2018, Qualifiers, CONMEBOL",Ecuador vs Brazil,01-Sep-16,Ecuador,EC,2016,FAIL,"['Miler Bolaños', 'Álex Bolaños']",0,True,Online Lookup Required,False,"['Miler Bolaños', 'Álex Bolaños']",Bolaños,multiple
71937,437,4319,"World Cup 2018, Qualifiers, CONMEBOL",Bolivia vs Ecuador,11-Oct-16,Ecuador,EC,2016,FAIL,"['Renato Ibarra', 'Romario Ibarra']",0,True,Online Lookup Required,False,"['Renato Ibarra', 'Romario Ibarra']",Ibarra,multiple
72029,529,4324,"World Cup 2018, Qualifiers, CONMEBOL",Venezuela vs Bolivia,10-Nov-16,Venezuela,VE,2016,FAIL,"['Luis González', 'Óscar González', 'César González']",0,True,Online Lookup Required,False,"['Luis González', 'Óscar González', 'César González']",Gonzalez,multiple
72242,742,4333,"World Cup 2018, Qualifiers, CONMEBOL",Colombia vs Bolivia,23-Mar-17,Bolivia,BO,2017,FAIL,"['Leonel Morales', 'Omar Morales']",0,True,Online Lookup Required,False,"['Leonel Morales', 'Omar Morales']",Morales,multiple
72252,752,4334,"World Cup 2018, Qualifiers, CONMEBOL",Venezuela vs Peru,23-Mar-17,Venezuela,VE,2017,FAIL,"['Frank Feltscher', 'Rolf Feltscher']",0,True,Online Lookup Required,False,"['Frank Feltscher', 'Rolf Feltscher']",Feltscher,multiple
72255,755,4334,"World Cup 2018, Qualifiers, CONMEBOL",Venezuela vs Peru,23-Mar-17,Venezuela,VE,2017,FAIL,"['José Martínez', 'Josef Martínez', 'David Martínez']",0,True,Online Lookup Required,False,"['José Martínez', 'Josef Martínez', 'David Martínez']",Martinez,multiple
72257,757,4334,"World Cup 2018, Qualifiers, CONMEBOL",Venezuela vs Peru,23-Mar-17,Venezuela,VE,2017,FAIL,"['Rómulo Otero', 'Javier Otero']",0,True,Online Lookup Required,False,"['Rómulo Otero', 'Javier Otero']",Otero,multiple
72276,776,4335,"World Cup 2018, Qualifiers, CONMEBOL",Paraguay vs Ecuador,23-Mar-17,Paraguay,PY,2017,FAIL,"['Marcos Cáceres', 'Víctor Cáceres', 'Leonardo Cáceres', 'Blas Cáceres', 'Juan José Cáceres']",0,True,Online Lookup Required,False,"['Marcos Cáceres', 'Víctor Cáceres', 'Leonardo Cáceres', 'Blas Cáceres', 'Juan José Cáceres']",Cáceres,multiple
72285,785,4335,"World Cup 2018, Qualifiers, CONMEBOL",Paraguay vs Ecuador,23-Mar-17,Ecuador,EC,2017,FAIL,"['Wálter Ayoví', 'Jaime Ayoví']",0,True,Online Lookup Required,False,"['Wálter Ayoví', 'Jaime Ayoví']",Ayoví,multiple
72289,789,4335,"World Cup 2018, Qualifiers, CONMEBOL",Paraguay vs Ecuador,23-Mar-17,Ecuador,EC,2017,FAIL,"['Miler Bolaños', 'Álex Bolaños']",0,True,Online Lookup Required,False,"['Miler Bolaños', 'Álex Bolaños']",Bolaños,multiple
72328,828,4337,"World Cup 2018, Qualifiers, CONMEBOL",Argentina vs Chile,23-Mar-17,Chile,CL,2017,FAIL,"['Gonzalo Jara', 'Ignacio Jara']",0,True,Online Lookup Required,False,"['Gonzalo Jara', 'Ignacio Jara']",Jara,multiple
72340,840,4338,"World Cup 2018, Qualifiers, CONMEBOL",Ecuador vs Colombia,28-Mar-17,Ecuador,EC,2017,FAIL,"['Wálter Ayoví', 'Jaime Ayoví']",0,True,Online Lookup Required,False,"['Wálter Ayoví', 'Jaime Ayoví']",Ayoví,multiple
72362,862,4339,"World Cup 2018, Qualifiers, CONMEBOL",Bolivia vs Argentina,28-Mar-17,Bolivia,BO,2017,FAIL,"['Jorge Flores', 'Wálter Flores']",0,True,Online Lookup Required,False,"['Jorge Flores', 'Wálter Flores']",Flores,multiple
72533,1033,4346,"World Cup 2018, Qualifiers, CONMEBOL",Peru vs Bolivia,31-Aug-17,Bolivia,BO,2017,FAIL,"['Gilbert Alvarez', 'William Alvarez', 'Eduardo Alvarez', 'Sebastian Alvarez']",0,True,Online Lookup Required,False,"['Gilbert Alvarez', 'William Alvarez', 'Eduardo Alvarez', 'Sebastian Alvarez']",Alvarez,multiple
72579,1079,4349,"World Cup 2018, Qualifiers, CONMEBOL",Bolivia vs Chile,05-Sep-17,Bolivia,BO,2017,FAIL,"['Gilbert Alvarez', 'William Alvarez', 'Eduardo Alvarez', 'Sebastian Alvarez']",0,True,Online Lookup Required,False,"['Gilbert Alvarez', 'William Alvarez', 'Eduardo Alvarez', 'Sebastian Alvarez']",Alvarez,multiple
72615,15,706,"Euros 2020, Qualifiers",Croatia vs Azerbaijan,21.03.19,Azerbaijan,AZ,2019,FAIL,"['Nodar Mammadov', 'Elvin Mammadov', 'Aqil Mammadov', 'Rahil Mammadov', 'Asif Mammadov']",0.0,True,Online Lookup Required,False,"['Nodar Mammadov', 'Elvin Mammadov', 'Aqil Mammadov', 'Rahil Mammadov', 'Asif Mammadov']",Mammadov,multiple
72714,114,711,"Euros 2020, Qualifiers",Azerbaijan vs Hungary,08.06.19,Azerbaijan,AZ,2019,FAIL,"['Nodar Mammadov', 'Elvin Mammadov', 'Aqil Mammadov', 'Rahil Mammadov', 'Asif Mammadov']",0.0,True,Online Lookup Required,False,"['Nodar Mammadov', 'Elvin Mammadov', 'Aqil Mammadov', 'Rahil Mammadov', 'Asif Mammadov']",Mammadov,multiple
73176,576,732,"Euros 2020, Qualifiers",Sweden vs Malta,07.06.19,Sweden,SE,2019,FAIL,"['Oscar Jansson', 'Pontus Jansson', 'Robin Jansson']",0.0,True,Online Lookup Required,False,"['Oscar Jansson', 'Pontus Jansson', 'Robin Jansson']",Jansson,multiple
73363,763,740,"Euros 2020, Qualifiers",Faroe Islands vs Sweden,05.09.19,Sweden,SE,2019,FAIL,"['Rasmus Bengtsson', 'Pierre Neurath Bengtsson']",0.0,True,Online Lookup Required,False,"['Rasmus Bengtsson', 'Pierre Neurath Bengtsson']",Bengtsson,multiple
73495,895,746,"Euros 2020, Qualifiers",Malta vs Sweden,12.10.19,Sweden,SE,2019,FAIL,"['Rasmus Bengtsson', 'Pierre Neurath Bengtsson']",0.0,True,Online Lookup Required,False,"['Rasmus Bengtsson', 'Pierre Neurath Bengtsson']",Bengtsson,multiple
75928,28,4149,"World Cup 2022, Qualifiers, CONCACAF",Jamaica vs Panama,05-Sep-21,Jamaica,JM,2021,FAIL,"['Jason Johnson', 'Jermaine Johnson', 'Daniel Johnson']",0,True,Online Lookup Required,False,"['Jason Johnson', 'Jermaine Johnson', 'Daniel Johnson']",Johnson,multiple
76345,445,4168,"World Cup 2022, Qualifiers, CONCACAF",Honduras vs Panama,12-Nov-21,Honduras,HN,2021,FAIL,"['Carlos Will Mejia', 'Alfredo Mejia', 'Juan Ramon Mejia', 'German Mejia', 'Yeison Mejia', 'Carlos Mejia']",0,True,Online Lookup Required,False,"['Carlos Will Mejia', 'Alfredo Mejia', 'Juan Ramon Mejia', 'German Mejia', 'Yeison Mejia', 'Carlos Mejia']",Mejia,multiple
76466,566,4173,"World Cup 2022, Qualifiers, CONCACAF",Costa Rica vs Honduras,16-Nov-21,Honduras,HN,2021,FAIL,"['Bryan Acosta', 'Danilo Acosta']",0,True,Online Lookup Required,False,"['Bryan Acosta', 'Danilo Acosta']",Acosta,multiple
76468,568,4173,"World Cup 2022, Qualifiers, CONCACAF",Costa Rica vs Honduras,16-Nov-21,Honduras,HN,2021,FAIL,"['Carlos Will Mejia', 'Alfredo Mejia', 'Juan Ramon Mejia', 'German Mejia', 'Yeison Mejia', 'Carlos Mejia']",0,True,Online Lookup Required,False,"['Carlos Will Mejia', 'Alfredo Mejia', 'Juan Ramon Mejia', 'German Mejia', 'Yeison Mejia', 'Carlos Mejia']",Mejia,multiple
76543,643,4177,"World Cup 2022, Qualifiers, CONCACAF",Honduras vs Canada,27-Jan-22,Honduras,HN,2022,FAIL,"['Carlos Will Mejia', 'Alfredo Mejia', 'Juan Ramon Mejia', 'German Mejia', 'Yeison Mejia', 'Carlos Mejia']",0,True,Online Lookup Required,False,"['Carlos Will Mejia', 'Alfredo Mejia', 'Juan Ramon Mejia', 'German Mejia', 'Yeison Mejia', 'Carlos Mejia']",Mejia,multiple
76654,754,4182,"World Cup 2022, Qualifiers, CONCACAF",Honduras vs El Salvador,30-Jan-22,Honduras,HN,2022,FAIL,"['Carlos Will Mejia', 'Alfredo Mejia', 'Juan Ramon Mejia', 'German Mejia', 'Yeison Mejia', 'Carlos Mejia']",0,True,Online Lookup Required,False,"['Carlos Will Mejia', 'Alfredo Mejia', 'Juan Ramon Mejia', 'German Mejia', 'Yeison Mejia', 'Carlos Mejia']",Mejia,multiple
76688,788,4183,"World Cup 2022, Qualifiers, CONCACAF",USA vs Honduras,02-Feb-22,Honduras,HN,2022,FAIL,"['Carlos Will Mejia', 'Alfredo Mejia', 'Juan Ramon Mejia', 'German Mejia', 'Yeison Mejia', 'Carlos Mejia']",0,True,Online Lookup Required,False,"['Carlos Will Mejia', 'Alfredo Mejia', 'Juan Ramon Mejia', 'German Mejia', 'Yeison Mejia', 'Carlos Mejia']",Mejia,multiple
76898,998,4193,"World Cup 2022, Qualifiers, CONCACAF",Honduras vs Mexico,27-Mar-22,Honduras,HN,2022,FAIL,"['Carlos Will Mejia', 'Alfredo Mejia', 'Juan Ramon Mejia', 'German Mejia', 'Yeison Mejia', 'Carlos Mejia']",0,True,Online Lookup Required,False,"['Carlos Will Mejia', 'Alfredo Mejia', 'Juan Ramon Mejia', 'German Mejia', 'Yeison Mejia', 'Carlos Mejia']",Mejia,multiple
82554,54,4096,"World Cup 2022, Qualifiers, CONCACAF",Dominica vs Panama,28-Mar-21,Dominica,DM,2021,FAIL,"['Eric Wade', 'Julian Wade']",0,True,Online Lookup Required,False,"['Eric Wade', 'Julian Wade']",Wade,multiple
86996,4430,203,World Cup 2014,Ecuador vs France,25.06.14,Ecuador,EC,2014,FAIL,"['Michael Arroyo', 'Dixon Arroyo']",0.0,True,Online Lookup Required,False,"['Michael Arroyo', 'Dixon Arroyo']",Arroyo,multiple
87783,5217,240,World Cup 2018,Egypt vs Uruguay,15.06.18,Egypt,EG,2018,FAIL,"['Mohamed Abdelshafi', 'Amir Abdelhamid']",0.0,True,Online Lookup Required,False,"['Mohamed Abdelshafi', 'Amir Abdelhamid']",Abdel-Shafi,multiple
89251,85,1265,Copa America 2016,Panama vs Bolivia,07.06.16,Bolivia,BO,2016,FAIL,"['Carlos Saucedo', 'Fernando Saucedo']",0,True,Online Lookup Required,False,"['Carlos Saucedo', 'Fernando Saucedo']",M Saucedo,multiple
89704,538,1287,Copa America 2019,Paraguay vs Qatar,16.06.19,Paraguay,PY,2019,FAIL,"['Luis Cardozo', 'Óscar Cardozo']",0,True,Online Lookup Required,False,"['Luis Cardozo', 'Óscar Cardozo']",O Cardozo,multiple
89803,637,1291,Copa America 2019,Colombia vs Paraguay,23.06.19,Paraguay,PY,2019,FAIL,"['Luis Cardozo', 'Óscar Cardozo']",0,True,Online Lookup Required,False,"['Luis Cardozo', 'Óscar Cardozo']",O Cardozo,multiple
90037,871,1303,Copa America 2021,Peru vs Paraguay,03.07.21,Paraguay,PY,2021,FAIL,"['Juan Espínola', 'Alberto Espínola']",0,True,Online Lookup Required,False,"['Juan Espínola', 'Alberto Espínola']",Espínola,multiple
90385,119,2128,"World Cup Qualifiers, Africa, 2022",Mali vs Tunisia,25-03-2022,Mali,ML,2022,FAIL,"['Abdoulay Diaby', 'Alassane Diaby']",0,True,Online Lookup Required,False,"['Abdoulay Diaby', 'Alassane Diaby']",A Diaby,multiple
91222,956,2166,"World Cup Qualifiers, Africa, 2022",Guinea-Bissau vs Sudan,15-11-2021,Guinea-Bissau,GW,2021,FAIL,"['Arnaud Mendy', 'Alexandre Mendy']",0,True,Online Lookup Required,False,"['Arnaud Mendy', 'Alexandre Mendy']",A Mendy,multiple
91599,233,263,World Cup 2018,Costa Rica vs Serbia,17.06.18,Serbia,RS,2018,FAIL,"['Branislav Ivanovic', 'Djordje Ivanovic']",0.0,True,Online Lookup Required,False,"['Branislav Ivanovic', 'Djordje Ivanovic']",Ivanovic,multiple
