,TeamName,Starter_1,Starter_2,Starter_3,Starter_4,Starter_5,Starter_6,Starter_7,Starter_8,Starter_9,Starter_10,Starter_11,Sub_1,Sub_2,Sub_3,Sub_4,Sub_5,Unused_1,Unused_2,Unused_3,Unused_4,Unused_5,Unused_6,Unused_7,Unused_8,Unused_9,Unused_10,Unused_11,Unused_12,Unused_13,Unused_14,Unused_15,Competition,Competition General,Date,Match
0,Italy,21 Gianluigi Donnarumma,3 Giorgio Chiellini,19 Leonardo Bonucci,13 Emerson,2 Giovanni Di Lorenzo,8 Jorginho,6 Marco Verratti,18 Nicolò Barella,10 Lorenzo Insigne,14 Federico Chiesa,17 Ciro Immobile,24 Alessandro Florenzi,5 Manuel Locatelli,16 Bryan Cristante,11 Domenico Berardi,20 Federico Bernardeschi,9 Andrea Belotti,26 Alex Meret,1 Salvatore Sirigu,15 Francesco Acerbi,23 Alessandro Bastoni,25 Rafael Tolói,12 Matteo Pessina,-,-,-,-,-,-,-,-,Euros 2020,Euros,"Sun Jul 11, 2021",Italy vs England
0,England,1 Jordan Pickford,5 John Stones,6 Harry Maguire,2 Kyle Walker,4 Declan Rice,14 Kalvin Phillips,12 Kieran Trippier,3 Luke Shaw,19 Mason Mount,10 Raheem Sterling,9 Harry Kane,8 Jordan Henderson,7 Jack Grealish,11 Marcus Rashford,17 Jadon Sancho,25 Bukayo Saka,13 Aaron Ramsdale,23 Sam Johnstone,15 Tyrone Mings,16 Conor Coady,24 Reece James,26 Jude Bellingham,18 Dominic Calvert-Lewin,-,-,-,-,-,-,-,-,Euros 2020,Euros,"Sun Jul 11, 2021",Italy vs England
1,Italy,21 Gianluigi Donnarumma,3 Giorgio Chiellini,19 Leonardo Bonucci,13 Emerson,2 Giovanni Di Lorenzo,8 Jorginho,6 Marco Verratti,18 Nicolò Barella,10 Lorenzo Insigne,14 Federico Chiesa,17 Ciro Immobile,25 Rafael Tolói,5 Manuel Locatelli,12 Matteo Pessina,11 Domenico Berardi,20 Federico Bernardeschi,9 Andrea Belotti,26 Alex Meret,1 Salvatore Sirigu,15 Francesco Acerbi,23 Alessandro Bastoni,24 Alessandro Florenzi,16 Bryan Cristante,-,-,-,-,-,-,-,-,Euros 2020,Euros,"Tue Jul 6, 2021",Italy vs Spain
1,Spain,23 Unai Simón,24 Aymeric Laporte,12 Eric García,18 Jordi Alba,2 César Azpilicueta,5 Sergio Busquets,8 Koke,26 Pedri,21 Mikel Oyarzabal,11 Ferran Torres,19 Dani Olmo,4 Pau Torres,16 Rodri,6 Marcos Llorente,10 Thiago,9 Gerard Moreno,7 Álvaro Morata,1 David de Gea,13 Robert Sánchez,3 Diego Llorente,14 José Gayà,17 Fabián Ruiz,20 Adama Traoré,-,-,-,-,-,-,-,-,Euros 2020,Euros,"Tue Jul 6, 2021",Italy vs Spain
2,England,1 Jordan Pickford,5 John Stones,6 Harry Maguire,3 Luke Shaw,2 Kyle Walker,4 Declan Rice,14 Kalvin Phillips,25 Bukayo Saka,19 Mason Mount,10 Raheem Sterling,9 Harry Kane,12 Kieran Trippier,8 Jordan Henderson,7 Jack Grealish,20 Phil Foden,-,13 Aaron Ramsdale,23 Sam Johnstone,15 Tyrone Mings,16 Conor Coady,24 Reece James,26 Jude Bellingham,11 Marcus Rashford,17 Jadon Sancho,-,-,-,-,-,-,-,Euros 2020,Euros,"Wed Jul 7, 2021",England vs Denmark
2,Denmark,1 Kasper Schmeichel,3 Jannik Vestergaard,4 Simon Kjaer,6 Andreas Christensen,23 Pierre-Emile Højbjerg,8 Thomas Delaney,17 Jens Stryger Larsen,5 Joakim Maehle,14 Mikkel Damsgaard,9 Martin Braithwaite,12 Kasper Dolberg,2 Joachim Andersen,15 Christian Nørgaard,18 Daniel Wass,24 Mathias Jensen,19 Jonas Wind,20 Yussuf Poulsen,16 Jonas Lössl,22 Frederik Rönnow,13 Zanka,7 Robert Skov,11 Andreas Skov Olsen,21 Andreas Cornelius,-,-,-,-,-,-,-,-,Euros 2020,Euros,"Wed Jul 7, 2021",England vs Denmark
3,Switzerland,1 Yann Sommer,13 Ricardo Rodríguez,4 Nico Elvedi,5 Manuel Akanji,6 Denis Zakaria,8 Remo Freuler,3 Silvan Widmer,14 Steven Zuber,23 Xherdan Shaqiri,7 Breel Embolo,9 Haris Seferovic,22 Fabian Schär,2 Kevin Mbabu,15 Djibril Sow,16 Christian Fassnacht,11 Rubén Vargas,19 Mario Gavranovic,12 Yvon Mvogo,21 Gregor Kobel,17 Loris Benito,20 Edimilson Fernandes,25 Eray Cömert,26 Jordan Lotomba,-,-,-,-,-,-,-,-,Euros 2020,Euros,"Fri Jul 2, 2021",Switzerland vs Spain
3,Spain,23 Unai Simón,4 Pau Torres,24 Aymeric Laporte,18 Jordi Alba,2 César Azpilicueta,5 Sergio Busquets,8 Koke,26 Pedri,22 Pablo Sarabia,11 Ferran Torres,7 Álvaro Morata,16 Rodri,6 Marcos Llorente,10 Thiago,19 Dani Olmo,21 Mikel Oyarzabal,9 Gerard Moreno,1 David de Gea,13 Robert Sánchez,3 Diego Llorente,12 Eric García,14 José Gayà,20 Adama Traoré,-,-,-,-,-,-,-,-,Euros 2020,Euros,"Fri Jul 2, 2021",Switzerland vs Spain
4,Belgium,1 Thibaut Courtois,3 Thomas Vermaelen,5 Jan Vertonghen,2 Toby Alderweireld,6 Axel Witsel,8 Youri Tielemans,15 Thomas Meunier,16 Thorgan Hazard,7 Kevin De Bruyne,25 Jérémy Doku,9 Romelu Lukaku,26 Dennis Praet,22 Nacer Chadli,14 Dries Mertens,-,-,12 Thomas Kaminski,13 Matz Sels,4 Dedryck Boyata,18 Jason Denayer,19 Leander Dendoncker,11 Yannick Carrasco,24 Leandro Trossard,20 Christian Benteke,23 Michy Batshuayi,-,-,-,-,-,-,Euros 2020,Euros,"Fri Jul 2, 2021",Belgium vs Italy
4,Italy,21 Gianluigi Donnarumma,3 Giorgio Chiellini,19 Leonardo Bonucci,4 Leonardo Spinazzola,2 Giovanni Di Lorenzo,8 Jorginho,6 Marco Verratti,18 Nicolò Barella,10 Lorenzo Insigne,14 Federico Chiesa,17 Ciro Immobile,25 Rafael Tolói,13 Emerson,16 Bryan Cristante,11 Domenico Berardi,9 Andrea Belotti,26 Alex Meret,1 Salvatore Sirigu,15 Francesco Acerbi,23 Alessandro Bastoni,5 Manuel Locatelli,12 Matteo Pessina,20 Federico Bernardeschi,-,-,-,-,-,-,-,-,Euros 2020,Euros,"Fri Jul 2, 2021",Belgium vs Italy
5,Czechia,1 Tomas Vaclik,3 Ondrej Celustka,6 Tomas Kalas,18 Jan Boril,5 Vladimir Coufal,9 Tomas Holes,15 Tomas Soucek,12 Lukas Masopust,13 Petr Sevcik,7 Antonín Barák,10 Patrik Schick,4 Jakub Brabec,8 Vladimír Darida,14 Jakub Jankto,11 Michael Krmencik,20 Matej Vydra,16 Ales Mandous,23 Tomas Koubek,17 David Zima,2 Pavel Kaderabek,21 Alex Král,25 Jakub Pesek,24 Tomas Pekhart,-,-,-,-,-,-,-,-,Euros 2020,Euros,"Sat Jul 3, 2021",Czechia vs Denmark
5,Denmark,1 Kasper Schmeichel,3 Jannik Vestergaard,4 Simon Kjaer,6 Andreas Christensen,23 Pierre-Emile Højbjerg,8 Thomas Delaney,17 Jens Stryger Larsen,5 Joakim Maehle,14 Mikkel Damsgaard,9 Martin Braithwaite,12 Kasper Dolberg,2 Joachim Andersen,15 Christian Nørgaard,18 Daniel Wass,24 Mathias Jensen,20 Yussuf Poulsen,16 Jonas Lössl,22 Frederik Rönnow,13 Zanka,7 Robert Skov,11 Andreas Skov Olsen,21 Andreas Cornelius,19 Jonas Wind,-,-,-,-,-,-,-,-,Euros 2020,Euros,"Sat Jul 3, 2021",Czechia vs Denmark
6,Ukraine,1 Georgiy Bushchan,22 Mykola Matvienko,4 Sergiy Kryvtsov,13 Ilya Zabarnyi,5 Sergiy Sydorchuk,17 Oleksandr Zinchenko,21 Oleksandr Karavaev,16 Vitaliy Mykolenko,10 Mykola Shaparenko,7 Andriy Yarmolenko,9 Roman Yaremchuk,14 Yevgen Makarenko,15 Viktor Tsygankov,-,-,-,12 Andriy Pyatov,23 Anatoliy Trubin,2 Eduard Sobol,24 Oleksandr Tymchyk,6 Taras Stepanenko,3 Georgiy Sudakov,18 Roman Bezus,11 Marlos,20 Oleksandr Zubkov,26 Artem Dovbyk,-,-,-,-,-,Euros 2020,Euros,"Sat Jul 3, 2021",Ukraine vs England
6,England,1 Jordan Pickford,5 John Stones,6 Harry Maguire,3 Luke Shaw,2 Kyle Walker,4 Declan Rice,14 Kalvin Phillips,19 Mason Mount,10 Raheem Sterling,17 Jadon Sancho,9 Harry Kane,12 Kieran Trippier,8 Jordan Henderson,26 Jude Bellingham,11 Marcus Rashford,18 Dominic Calvert-Lewin,13 Aaron Ramsdale,23 Sam Johnstone,15 Tyrone Mings,16 Conor Coady,21 Ben Chilwell,7 Jack Grealish,20 Phil Foden,-,-,-,-,-,-,-,-,Euros 2020,Euros,"Sat Jul 3, 2021",Ukraine vs England
7,Wales,12 Danny Ward,6 Joe Rodon,22 Chris Mepham,4 Ben Davies,14 Connor Roberts,16 Joe Morrell,7 Joe Allen,10 Aaron Ramsey,11 Gareth Bale,20 Daniel James,13 Kieffer Moore,3 Neco Williams,8 Harry Wilson,19 David Brooks,9 Tyler Roberts,-,1 Wayne Hennessey,21 Adam Davies,5 Tom Lockyer,24 Ben Cabango,2 Chris Gunter,26 Matt Smith,23 Dylan Levitt,18 Jonathan Williams,-,-,-,-,-,-,-,Euros 2020,Euros,"Sat Jun 26, 2021",Wales vs Denmark
7,Denmark,1 Kasper Schmeichel,3 Jannik Vestergaard,4 Simon Kjaer,6 Andreas Christensen,23 Pierre-Emile Højbjerg,8 Thomas Delaney,17 Jens Stryger Larsen,5 Joakim Maehle,14 Mikkel Damsgaard,9 Martin Braithwaite,12 Kasper Dolberg,26 Nicolai Boilesen,2 Joachim Andersen,15 Christian Nørgaard,24 Mathias Jensen,21 Andreas Cornelius,16 Jonas Lössl,22 Frederik Rönnow,13 Zanka,25 Anders Christiansen,7 Robert Skov,11 Andreas Skov Olsen,19 Jonas Wind,-,-,-,-,-,-,-,-,Euros 2020,Euros,"Sat Jun 26, 2021",Wales vs Denmark
8,Italy,21 Gianluigi Donnarumma,15 Francesco Acerbi,19 Leonardo Bonucci,4 Leonardo Spinazzola,2 Giovanni Di Lorenzo,8 Jorginho,6 Marco Verratti,18 Nicolò Barella,10 Lorenzo Insigne,11 Domenico Berardi,17 Ciro Immobile,5 Manuel Locatelli,16 Bryan Cristante,12 Matteo Pessina,14 Federico Chiesa,9 Andrea Belotti,26 Alex Meret,1 Salvatore Sirigu,23 Alessandro Bastoni,25 Rafael Tolói,13 Emerson,20 Federico Bernardeschi,22 Giacomo Raspadori,-,-,-,-,-,-,-,-,Euros 2020,Euros,"Sat Jun 26, 2021",Italy vs Austria
8,Austria,13 Daniel Bachmann,4 Martin Hinteregger,3 Aleksandar Dragovic,8 David Alaba,21 Stefan Lainer,10 Florian Grillitsch,23 Xaver Schlager,9 Marcel Sabitzer,24 Konrad Laimer,19 Christoph Baumgartner,7 Marko Arnautovic,16 Christopher Trimmel,6 Stefan Ilsanker,17 Louis Schaub,18 Alessandro Schöpf,11 Michael Gregoritsch,25 Sasa Kalajdzic,12 Pavao Pervan,1 Alexander Schlager,15 Philipp Lienhart,2 Andreas Ulmer,5 Stefan Posch,14 Julian Baumgartlinger,-,-,-,-,-,-,-,-,Euros 2020,Euros,"Sat Jun 26, 2021",Italy vs Austria
9,Netherlands,1 Maarten Stekelenburg,17 Daley Blind,3 Matthijs de Ligt,6 Stefan de Vrij,15 Marten de Roon,21 Frenkie de Jong,22 Denzel Dumfries,12 Patrick van Aanholt,8 Georginio Wijnaldum,18 Donyell Malen,10 Memphis Depay,25 Jurrien Timber,11 Quincy Promes,7 Steven Berghuis,19 Wout Weghorst,-,13 Tim Krul,23 Marco Bizot,4 Nathan Aké,5 Owen Wijndal,2 Joël Veltman,14 Davy Klaassen,16 Ryan Gravenberch,26 Cody Gakpo,-,-,-,-,-,-,-,Euros 2020,Euros,"Sun Jun 27, 2021",Netherlands vs Czechia
9,Czechia,1 Tomas Vaclik,3 Ondrej Celustka,6 Tomas Kalas,2 Pavel Kaderabek,5 Vladimir Coufal,9 Tomas Holes,15 Tomas Soucek,12 Lukas Masopust,13 Petr Sevcik,7 Antonín Barák,10 Patrik Schick,21 Alex Král,26 Michal Sadílek,14 Jakub Jankto,11 Michael Krmencik,19 Adam Hlozek,16 Ales Mandous,23 Tomas Koubek,4 Jakub Brabec,22 Ales Mateju,25 Jakub Pesek,20 Matej Vydra,24 Tomas Pekhart,-,-,-,-,-,-,-,-,Euros 2020,Euros,"Sun Jun 27, 2021",Netherlands vs Czechia
10,Belgium,1 Thibaut Courtois,3 Thomas Vermaelen,5 Jan Vertonghen,2 Toby Alderweireld,6 Axel Witsel,8 Youri Tielemans,15 Thomas Meunier,16 Thorgan Hazard,7 Kevin De Bruyne,10 Eden Hazard,9 Romelu Lukaku,19 Leander Dendoncker,11 Yannick Carrasco,14 Dries Mertens,-,-,12 Simon Mignolet,13 Matz Sels,4 Dedryck Boyata,18 Jason Denayer,26 Dennis Praet,24 Leandro Trossard,25 Jérémy Doku,20 Christian Benteke,23 Michy Batshuayi,-,-,-,-,-,-,Euros 2020,Euros,"Sun Jun 27, 2021",Belgium vs Portugal
10,Portugal,1 Rui Patrício,3 Pepe,4 Rúben Dias,5 Raphaël Guerreiro,20 Diogo Dalot,26 João Palhinha,8 João Moutinho,16 Renato Sanches,21 Diogo Jota,10 Bernardo Silva,7 Cristiano Ronaldo,13 Danilo Pereira,24 Sérgio Oliveira,11 Bruno Fernandes,23 João Félix,9 André Silva,12 Anthony Lopes,22 Rui Silva,6 José Fonte,25 Nuno Mendes,2 Nélson Semedo,18 Rúben Neves,19 Pedro Gonçalves,-,-,-,-,-,-,-,-,Euros 2020,Euros,"Sun Jun 27, 2021",Belgium vs Portugal
11,Croatia,1 Dominik Livakovic,5 Duje Caleta-Car,21 Domagoj Vida,25 Josko Gvardiol,22 Josip Juranovic,11 Marcelo Brozovic,8 Mateo Kovacic,10 Luka Modric,17 Ante Rebic,13 Nikola Vlašić,20 Bruno Petkovic,15 Mario Pasalic,7 Josip Brekalo,18 Mislav Orsic,26 Luka Ivanusec,14 Ante Budimir,9 Andrej Kramaric,12 Lovre Kalinic,23 Simon Sluga,16 Mile Skoric,24 Domagoj Bradarić,2 Sime Vrsaljko,19 Milan Badelj,-,-,-,-,-,-,-,-,Euros 2020,Euros,"Mon Jun 28, 2021",Croatia vs Spain
11,Spain,23 Unai Simón,24 Aymeric Laporte,12 Eric García,14 José Gayà,2 César Azpilicueta,5 Sergio Busquets,8 Koke,26 Pedri,22 Pablo Sarabia,11 Ferran Torres,7 Álvaro Morata,4 Pau Torres,18 Jordi Alba,16 Rodri,17 Fabián Ruiz,19 Dani Olmo,21 Mikel Oyarzabal,1 David de Gea,13 Robert Sánchez,3 Diego Llorente,6 Marcos Llorente,10 Thiago,9 Gerard Moreno,-,-,-,-,-,-,-,-,Euros 2020,Euros,"Mon Jun 28, 2021",Croatia vs Spain
12,France,1 Hugo Lloris,3 Presnel Kimpembe,5 Clément Lenglet,4 Raphaël Varane,13 N'Golo Kanté,6 Paul Pogba,2 Benjamin Pavard,14 Adrien Rabiot,7 Antoine Griezmann,10 Kylian Mbappé,19 Karim Benzema,17 Moussa Sissoko,20 Kingsley Coman,9 Olivier Giroud,26 Marcus Thuram,-,16 Steve Mandanda,23 Mike Maignan,15 Kurt Zouma,21 Lucas Hernández,24 Léo Dubois,12 Corentin Tolisso,8 Thomas Lemar,22 Wissam Ben Yedder,-,-,-,-,-,-,-,Euros 2020,Euros,"Mon Jun 28, 2021",France vs Switzerland
12,Switzerland,1 Yann Sommer,13 Ricardo Rodríguez,4 Nico Elvedi,5 Manuel Akanji,10 Granit Xhaka,8 Remo Freuler,3 Silvan Widmer,14 Steven Zuber,23 Xherdan Shaqiri,9 Haris Seferovic,7 Breel Embolo,22 Fabian Schär,2 Kevin Mbabu,16 Christian Fassnacht,11 Rubén Vargas,18 Admir Mehmedi,19 Mario Gavranovic,12 Yvon Mvogo,21 Gregor Kobel,17 Loris Benito,20 Edimilson Fernandes,6 Denis Zakaria,15 Djibril Sow,-,-,-,-,-,-,-,-,Euros 2020,Euros,"Mon Jun 28, 2021",France vs Switzerland
13,England,1 Jordan Pickford,5 John Stones,6 Harry Maguire,2 Kyle Walker,4 Declan Rice,14 Kalvin Phillips,12 Kieran Trippier,3 Luke Shaw,10 Raheem Sterling,25 Bukayo Saka,9 Harry Kane,8 Jordan Henderson,7 Jack Grealish,-,-,-,13 Aaron Ramsdale,23 Sam Johnstone,15 Tyrone Mings,16 Conor Coady,24 Reece James,19 Mason Mount,26 Jude Bellingham,11 Marcus Rashford,17 Jadon Sancho,20 Phil Foden,-,-,-,-,-,Euros 2020,Euros,"Tue Jun 29, 2021",England vs Germany
13,Germany,1 Manuel Neuer,2 Antonio Rüdiger,4 Matthias Ginter,5 Mats Hummels,8 Toni Kroos,18 Leon Goretzka,6 Joshua Kimmich,20 Robin Gosens,7 Kai Havertz,25 Thomas Müller,11 Timo Werner,23 Emre Can,14 Jamal Musiala,19 Leroy Sané,10 Serge Gnabry,-,12 Bernd Leno,22 Kevin Trapp,3 Marcel Halstenberg,15 Niklas Süle,24 Robin Koch,17 Florian Neuhaus,21 İlkay Gündoğan,9 Kevin Volland,-,-,-,-,-,-,-,Euros 2020,Euros,"Tue Jun 29, 2021",England vs Germany
14,Sweden,1 Robin Olsen,3 Victor Lindelöf,24 Marcus Danielson,6 Ludwig Augustinsson,2 Mikael Lustig,8 Albin Ekdal,20 Kristoffer Olsson,7 Sebastian Larsson,10 Emil Forsberg,21 Dejan Kulusevski,11 Alexander Isak,14 Filip Helander,5 Pierre Neurath Bengtsson,16 Emil Krafth,17 Viktor Claesson,9 Marcus Berg,22 Robin Quaison,12 Karl-Johan Johnsson,23 Kristoffer Nordfeldt,18 Pontus Jansson,13 Gustav Svensson,26 Jens Cajuste,15 Ken Sema,-,-,-,-,-,-,-,-,Euros 2020,Euros,"Tue Jun 29, 2021",Sweden vs Ukraine
14,Ukraine,1 Georgiy Bushchan,22 Mykola Matvienko,4 Sergiy Kryvtsov,13 Ilya Zabarnyi,6 Taras Stepanenko,5 Sergiy Sydorchuk,10 Mykola Shaparenko,21 Oleksandr Karavaev,17 Oleksandr Zinchenko,7 Andriy Yarmolenko,9 Roman Yaremchuk,14 Yevgen Makarenko,8 Ruslan Malinovskyi,18 Roman Bezus,15 Viktor Tsygankov,26 Artem Dovbyk,19 Artem Besedin,12 Andriy Pyatov,23 Anatoliy Trubin,2 Eduard Sobol,16 Vitaliy Mykolenko,24 Oleksandr Tymchyk,11 Marlos,-,-,-,-,-,-,-,-,Euros 2020,Euros,"Tue Jun 29, 2021",Sweden vs Ukraine
15,Türkiye,23 Uğurcan Çakır,4 Çağlar Söyüncü,3 Merih Demiral,13 Umut Meraş,2 Zeki Çelik,5 Okay Yokuşlu,6 Ozan Tufan,11 Yusuf Yazıcı,10 Hakan Çalhanoğlu,9 Kenan Karaman,17 Burak Yılmaz,22 Kaan Ayhan,7 Cengiz Ünder,21 İrfan Can Kahveci,26 Halil Dervişoğlu,-,1 Mert Günok,12 Altay Bayındır,15 Ozan Kabak,25 Mert Müldür,19 Orkun Kökçü,8 Dorukhan Toköz,14 Taylan Antalyalı,16 Enes Ünal,-,-,-,-,-,-,-,Euros 2020,Euros,"Jun 11, 2021",Türkiye vs Italy
15,Italy,21 Gianluigi Donnarumma,3 Giorgio Chiellini,19 Leonardo Bonucci,4 Leonardo Spinazzola,24 Alessandro Florenzi,8 Jorginho,5 Manuel Locatelli,18 Nicolò Barella,10 Lorenzo Insigne,11 Domenico Berardi,17 Ciro Immobile,2 Giovanni Di Lorenzo,16 Bryan Cristante,14 Federico Chiesa,20 Federico Bernardeschi,9 Andrea Belotti,26 Alex Meret,1 Salvatore Sirigu,15 Francesco Acerbi,23 Alessandro Bastoni,13 Emerson,12 Matteo Pessina,22 Giacomo Raspadori,-,-,-,-,-,-,-,-,Euros 2020,Euros,"Jun 11, 2021",Türkiye vs Italy
16,Wales,12 Danny Ward,6 Joe Rodon,22 Chris Mepham,4 Ben Davies,14 Connor Roberts,16 Joe Morrell,7 Joe Allen,10 Aaron Ramsey,20 Daniel James,11 Gareth Bale,13 Kieffer Moore,15 Ethan Ampadu,19 David Brooks,-,-,-,1 Wayne Hennessey,21 Adam Davies,5 Tom Lockyer,17 Rhys Norrington-Davies,2 Chris Gunter,3 Neco Williams,23 Dylan Levitt,18 Jonathan Williams,8 Harry Wilson,9 Tyler Roberts,-,-,-,-,-,Euros 2020,Euros,"Jun 12, 2021",Wales vs Switzerland
16,Switzerland,1 Yann Sommer,4 Nico Elvedi,5 Manuel Akanji,22 Fabian Schär,10 Granit Xhaka,8 Remo Freuler,2 Kevin Mbabu,13 Ricardo Rodríguez,23 Xherdan Shaqiri,9 Haris Seferovic,7 Breel Embolo,6 Denis Zakaria,19 Mario Gavranovic,-,-,-,12 Yvon Mvogo,21 Jonas Omlin,17 Loris Benito,25 Eray Cömert,3 Silvan Widmer,15 Djibril Sow,16 Christian Fassnacht,14 Steven Zuber,11 Rubén Vargas,18 Admir Mehmedi,-,-,-,-,-,Euros 2020,Euros,"Jun 12, 2021",Wales vs Switzerland
17,Türkiye,23 Uğurcan Çakır,4 Çağlar Söyüncü,22 Kaan Ayhan,13 Umut Meraş,2 Zeki Çelik,5 Okay Yokuşlu,10 Hakan Çalhanoğlu,6 Ozan Tufan,9 Kenan Karaman,7 Cengiz Ünder,17 Burak Yılmaz,3 Merih Demiral,25 Mert Müldür,11 Yusuf Yazıcı,21 İrfan Can Kahveci,26 Halil Dervişoğlu,1 Mert Günok,12 Altay Bayındır,15 Ozan Kabak,19 Orkun Kökçü,8 Dorukhan Toköz,14 Taylan Antalyalı,24 Kerem Aktürkoğlu,-,-,-,-,-,-,-,-,Euros 2020,Euros,"Jun 16, 2021",Türkiye vs Wales
17,Wales,12 Danny Ward,6 Joe Rodon,22 Chris Mepham,4 Ben Davies,14 Connor Roberts,16 Joe Morrell,7 Joe Allen,10 Aaron Ramsey,20 Daniel James,11 Gareth Bale,13 Kieffer Moore,3 Neco Williams,15 Ethan Ampadu,8 Harry Wilson,-,-,1 Wayne Hennessey,21 Adam Davies,5 Tom Lockyer,17 Rhys Norrington-Davies,2 Chris Gunter,23 Dylan Levitt,18 Jonathan Williams,19 David Brooks,9 Tyler Roberts,-,-,-,-,-,-,Euros 2020,Euros,"Jun 16, 2021",Türkiye vs Wales
18,Italy,21 Gianluigi Donnarumma,3 Giorgio Chiellini,19 Leonardo Bonucci,4 Leonardo Spinazzola,2 Giovanni Di Lorenzo,8 Jorginho,5 Manuel Locatelli,18 Nicolò Barella,10 Lorenzo Insigne,11 Domenico Berardi,17 Ciro Immobile,15 Francesco Acerbi,25 Rafael Tolói,16 Bryan Cristante,12 Matteo Pessina,14 Federico Chiesa,26 Alex Meret,1 Salvatore Sirigu,23 Alessandro Bastoni,13 Emerson,20 Federico Bernardeschi,22 Giacomo Raspadori,9 Andrea Belotti,-,-,-,-,-,-,-,-,Euros 2020,Euros,"Jun 16, 2021",Italy vs Switzerland
18,Switzerland,1 Yann Sommer,4 Nico Elvedi,5 Manuel Akanji,22 Fabian Schär,13 Ricardo Rodríguez,2 Kevin Mbabu,10 Granit Xhaka,8 Remo Freuler,23 Xherdan Shaqiri,9 Haris Seferovic,7 Breel Embolo,3 Silvan Widmer,15 Djibril Sow,14 Steven Zuber,11 Rubén Vargas,19 Mario Gavranovic,12 Yvon Mvogo,21 Gregor Kobel,17 Loris Benito,25 Eray Cömert,6 Denis Zakaria,16 Christian Fassnacht,18 Admir Mehmedi,-,-,-,-,-,-,-,-,Euros 2020,Euros,"Jun 16, 2021",Italy vs Switzerland
19,Italy,21 Gianluigi Donnarumma,23 Alessandro Bastoni,19 Leonardo Bonucci,13 Emerson,25 Rafael Tolói,8 Jorginho,12 Matteo Pessina,6 Marco Verratti,20 Federico Bernardeschi,14 Federico Chiesa,9 Andrea Belotti,1 Salvatore Sirigu,15 Francesco Acerbi,16 Bryan Cristante,7 Gaetano Castrovilli,22 Giacomo Raspadori,26 Alex Meret,4 Leonardo Spinazzola,2 Giovanni Di Lorenzo,5 Manuel Locatelli,18 Nicolò Barella,10 Lorenzo Insigne,17 Ciro Immobile,-,-,-,-,-,-,-,-,Euros 2020,Euros,"Jun 20, 2021",Italy vs Wales
19,Wales,12 Danny Ward,6 Joe Rodon,2 Chris Gunter,15 Ethan Ampadu,3 Neco Williams,14 Connor Roberts,16 Joe Morrell,7 Joe Allen,20 Daniel James,11 Gareth Bale,10 Aaron Ramsey,4 Ben Davies,23 Dylan Levitt,8 Harry Wilson,19 David Brooks,13 Kieffer Moore,1 Wayne Hennessey,21 Adam Davies,5 Tom Lockyer,22 Chris Mepham,17 Rhys Norrington-Davies,18 Jonathan Williams,9 Tyler Roberts,-,-,-,-,-,-,-,-,Euros 2020,Euros,"Jun 20, 2021",Italy vs Wales
20,Switzerland,1 Yann Sommer,13 Ricardo Rodríguez,4 Nico Elvedi,5 Manuel Akanji,10 Granit Xhaka,8 Remo Freuler,3 Silvan Widmer,14 Steven Zuber,23 Xherdan Shaqiri,9 Haris Seferovic,7 Breel Embolo,17 Loris Benito,2 Kevin Mbabu,11 Rubén Vargas,18 Admir Mehmedi,19 Mario Gavranovic,12 Yvon Mvogo,21 Gregor Kobel,22 Fabian Schär,25 Eray Cömert,6 Denis Zakaria,15 Djibril Sow,16 Christian Fassnacht,-,-,-,-,-,-,-,-,Euros 2020,Euros,"Jun 20, 2021",Switzerland vs Türkiye
20,Türkiye,23 Uğurcan Çakır,4 Çağlar Söyüncü,3 Merih Demiral,25 Mert Müldür,2 Zeki Çelik,22 Kaan Ayhan,6 Ozan Tufan,21 İrfan Can Kahveci,10 Hakan Çalhanoğlu,7 Cengiz Ünder,17 Burak Yılmaz,5 Okay Yokuşlu,19 Orkun Kökçü,8 Dorukhan Toköz,11 Yusuf Yazıcı,9 Kenan Karaman,1 Mert Günok,12 Altay Bayındır,15 Ozan Kabak,18 Rıdvan Yılmaz,14 Taylan Antalyalı,16 Enes Ünal,26 Halil Dervişoğlu,-,-,-,-,-,-,-,-,Euros 2020,Euros,"Jun 20, 2021",Switzerland vs Türkiye
21,Denmark,1 Kasper Schmeichel,4 Simon Kjaer,6 Andreas Christensen,5 Joakim Maehle,18 Daniel Wass,23 Pierre-Emile Højbjerg,8 Thomas Delaney,10 Christian Eriksen,9 Martin Braithwaite,20 Yussuf Poulsen,19 Jonas Wind,3 Jannik Vestergaard,17 Jens Stryger Larsen,24 Mathias Jensen,11 Andreas Skov Olsen,21 Andreas Cornelius,16 Jonas Lössl,22 Frederik Rönnow,26 Nicolai Boilesen,2 Joachim Andersen,15 Christian Nørgaard,14 Mikkel Damsgaard,12 Kasper Dolberg,-,-,-,-,-,-,-,-,Euros 2020,Euros,"Jun 12, 2021",Denmark vs Finland
21,Finland,1 Lukas Hradecky,3 Daniel O'Shaughnessy,2 Paulus Arajuuri,4 Joona Toivio,18 Jere Uronen,22 Jukka Raitala,14 Tim Sparv,6 Glen Kamara,8 Robin Lod,10 Teemu Pukki,20 Joel Pohjanpalo,5 Leo Väisänen,11 Rasmus Schüller,19 Joni Kauko,26 Marcus Forss,-,12 Jesse Joronen,23 Anssi Jaakkola,25 Robert Ivanov,15 Niko Hämäläinen,13 Pyry Soiri,9 Fredrik Jensen,7 Robert Taylor,21 Lassi Lappalainen,-,-,-,-,-,-,-,Euros 2020,Euros,"Jun 12, 2021",Denmark vs Finland
22,Belgium,1 Thibaut Courtois,5 Jan Vertonghen,2 Toby Alderweireld,4 Dedryck Boyata,19 Leander Dendoncker,8 Youri Tielemans,21 Timothy Castagne,16 Thorgan Hazard,11 Yannick Carrasco,14 Dries Mertens,9 Romelu Lukaku,3 Thomas Vermaelen,15 Thomas Meunier,26 Dennis Praet,10 Eden Hazard,-,12 Simon Mignolet,13 Matz Sels,18 Jason Denayer,22 Nacer Chadli,24 Leandro Trossard,25 Jérémy Doku,20 Christian Benteke,23 Michy Batshuayi,-,-,-,-,-,-,-,Euros 2020,Euros,"Jun 12, 2021",Belgium vs Russia
22,Russia,1 Anton Shunin,14 Georgiy Dzhikiya,5 Andrey Semenov,18 Yuriy Zhirkov,2 Mário Fernandes,8 Dmitriy Barinov,7 Magomed Ozdoev,11 Roman Zobnin,23 Daler Kuzyaev,17 Aleksandr Golovin,22 Artem Dzyuba,3 Igor Diveev,4 Vyacheslav Karavaev,26 Maksim Mukhin,15 Aleksey Miranchuk,6 Denis Cheryshev,12 Yuriy Dyupin,16 Matvey Safonov,24 Roman Evgenjev,19 Rifat Zhemaletdinov,20 Aleksey Ionov,9 Aleksandr Sobolev,10 Anton Zabolotnyi,-,-,-,-,-,-,-,-,Euros 2020,Euros,"Jun 12, 2021",Belgium vs Russia
23,Finland,1 Lukas Hradecky,3 Daniel O'Shaughnessy,2 Paulus Arajuuri,4 Joona Toivio,11 Rasmus Schüller,6 Glen Kamara,8 Robin Lod,22 Jukka Raitala,18 Jere Uronen,10 Teemu Pukki,20 Joel Pohjanpalo,13 Pyry Soiri,19 Joni Kauko,9 Fredrik Jensen,21 Lassi Lappalainen,-,12 Jesse Joronen,23 Anssi Jaakkola,5 Leo Väisänen,25 Robert Ivanov,17 Nikolai Alho,14 Tim Sparv,24 Onni Valakari,26 Marcus Forss,-,-,-,-,-,-,-,Euros 2020,Euros,"Jun 16, 2021",Finland vs Russia
23,Russia,16 Matvey Safonov,14 Georgiy Dzhikiya,3 Igor Diveev,8 Dmitriy Barinov,7 Magomed Ozdoev,11 Roman Zobnin,2 Mário Fernandes,23 Daler Kuzyaev,15 Aleksey Miranchuk,17 Aleksandr Golovin,22 Artem Dzyuba,4 Vyacheslav Karavaev,26 Maksim Mukhin,19 Rifat Zhemaletdinov,9 Aleksandr Sobolev,-,1 Anton Shunin,12 Yuriy Dyupin,5 Andrey Semenov,24 Roman Evgenjev,21 Daniil Fomin,25 Denis Makarov,6 Denis Cheryshev,10 Anton Zabolotnyi,-,-,-,-,-,-,-,Euros 2020,Euros,"Jun 16, 2021",Finland vs Russia
24,Denmark,1 Kasper Schmeichel,3 Jannik Vestergaard,4 Simon Kjaer,6 Andreas Christensen,23 Pierre-Emile Højbjerg,8 Thomas Delaney,18 Daniel Wass,5 Joakim Maehle,14 Mikkel Damsgaard,9 Martin Braithwaite,20 Yussuf Poulsen,17 Jens Stryger Larsen,15 Christian Nørgaard,24 Mathias Jensen,11 Andreas Skov Olsen,21 Andreas Cornelius,16 Jonas Lössl,22 Frederik Rönnow,2 Joachim Andersen,13 Zanka,7 Robert Skov,12 Kasper Dolberg,19 Jonas Wind,-,-,-,-,-,-,-,-,Euros 2020,Euros,"Jun 17, 2021",Denmark vs Belgium
24,Belgium,1 Thibaut Courtois,5 Jan Vertonghen,2 Toby Alderweireld,18 Jason Denayer,19 Leander Dendoncker,8 Youri Tielemans,15 Thomas Meunier,16 Thorgan Hazard,11 Yannick Carrasco,14 Dries Mertens,9 Romelu Lukaku,3 Thomas Vermaelen,6 Axel Witsel,7 Kevin De Bruyne,10 Eden Hazard,-,12 Simon Mignolet,13 Matz Sels,4 Dedryck Boyata,26 Dennis Praet,24 Leandro Trossard,25 Jérémy Doku,20 Christian Benteke,23 Michy Batshuayi,-,-,-,-,-,-,-,Euros 2020,Euros,"Jun 17, 2021",Denmark vs Belgium
25,Finland,1 Lukas Hradecky,3 Daniel O'Shaughnessy,2 Paulus Arajuuri,4 Joona Toivio,18 Jere Uronen,22 Jukka Raitala,14 Tim Sparv,6 Glen Kamara,8 Robin Lod,10 Teemu Pukki,20 Joel Pohjanpalo,17 Nikolai Alho,11 Rasmus Schüller,19 Joni Kauko,9 Fredrik Jensen,26 Marcus Forss,12 Jesse Joronen,23 Anssi Jaakkola,5 Leo Väisänen,25 Robert Ivanov,13 Pyry Soiri,24 Onni Valakari,7 Robert Taylor,-,-,-,-,-,-,-,-,Euros 2020,Euros,"Jun 21, 2021",Finland vs Belgium
25,Belgium,1 Thibaut Courtois,3 Thomas Vermaelen,4 Dedryck Boyata,18 Jason Denayer,6 Axel Witsel,7 Kevin De Bruyne,24 Leandro Trossard,22 Nacer Chadli,10 Eden Hazard,25 Jérémy Doku,9 Romelu Lukaku,15 Thomas Meunier,17 Hans Vanaken,20 Christian Benteke,23 Michy Batshuayi,-,12 Simon Mignolet,13 Matz Sels,5 Jan Vertonghen,19 Leander Dendoncker,8 Youri Tielemans,26 Dennis Praet,11 Yannick Carrasco,14 Dries Mertens,-,-,-,-,-,-,-,Euros 2020,Euros,"Jun 21, 2021",Finland vs Belgium
26,Russia,16 Matvey Safonov,14 Georgiy Dzhikiya,3 Igor Diveev,13 Fedor Kudryashov,7 Magomed Ozdoev,11 Roman Zobnin,2 Mário Fernandes,23 Daler Kuzyaev,15 Aleksey Miranchuk,17 Aleksandr Golovin,22 Artem Dzyuba,4 Vyacheslav Karavaev,26 Maksim Mukhin,19 Rifat Zhemaletdinov,9 Aleksandr Sobolev,-,1 Anton Shunin,12 Yuriy Dyupin,5 Andrey Semenov,24 Roman Evgenjev,8 Dmitriy Barinov,6 Denis Cheryshev,20 Aleksey Ionov,10 Anton Zabolotnyi,-,-,-,-,-,-,-,Euros 2020,Euros,"Jun 21, 2021",Russia vs Denmark
26,Denmark,1 Kasper Schmeichel,3 Jannik Vestergaard,4 Simon Kjaer,6 Andreas Christensen,8 Thomas Delaney,23 Pierre-Emile Højbjerg,18 Daniel Wass,5 Joakim Maehle,14 Mikkel Damsgaard,9 Martin Braithwaite,20 Yussuf Poulsen,17 Jens Stryger Larsen,15 Christian Nørgaard,24 Mathias Jensen,21 Andreas Cornelius,12 Kasper Dolberg,16 Jonas Lössl,22 Frederik Rönnow,2 Joachim Andersen,13 Zanka,7 Robert Skov,11 Andreas Skov Olsen,19 Jonas Wind,-,-,-,-,-,-,-,-,Euros 2020,Euros,"Jun 21, 2021",Russia vs Denmark
27,Austria,13 Daniel Bachmann,4 Martin Hinteregger,8 David Alaba,3 Aleksandar Dragovic,23 Xaver Schlager,9 Marcel Sabitzer,24 Konrad Laimer,21 Stefan Lainer,2 Andreas Ulmer,19 Christoph Baumgartner,25 Sasa Kalajdzic,15 Philipp Lienhart,6 Stefan Ilsanker,14 Julian Baumgartlinger,11 Michael Gregoritsch,7 Marko Arnautovic,12 Pavao Pervan,1 Alexander Schlager,16 Christopher Trimmel,10 Florian Grillitsch,22 Valentino Lazaro,17 Louis Schaub,18 Alessandro Schöpf,-,-,-,-,-,-,-,-,Euros 2020,Euros,"Jun 13, 2021",Austria vs North Macedonia
27,North Macedonia,1 Stole Dimitrievski,6 Visar Musliu,14 Darko Velkovski,13 Stefan Ristovski,5 Arijan Ademi,17 Enis Bardhi,21 Eljif Elmas,16 Boban Nikolov,8 Ezgjan Alioski,9 Aleksandar Trajkovski,10 Goran Pandev,2 Egzon Bejtulai,15 Tihomir Kostadinov,7 Ivan Trickovski,26 Milan Ristovski,-,12 Risto Jankov,22 Damjan Siskovski,4 Kire Ristevski,20 Stefan Spirovski,24 Daniel Avramovski,11 Ferhan Hasani,25 Darko Churlinov,19 Krste Velkoski,-,-,-,-,-,-,-,Euros 2020,Euros,"Jun 13, 2021",Austria vs North Macedonia
28,Netherlands,1 Maarten Stekelenburg,17 Daley Blind,6 Stefan de Vrij,25 Jurrien Timber,15 Marten de Roon,21 Frenkie de Jong,22 Denzel Dumfries,12 Patrick van Aanholt,8 Georginio Wijnaldum,10 Memphis Depay,19 Wout Weghorst,4 Nathan Aké,5 Owen Wijndal,2 Joël Veltman,18 Donyell Malen,9 Luuk de Jong,13 Tim Krul,23 Marco Bizot,14 Davy Klaassen,16 Ryan Gravenberch,24 Teun Koopmeiners,26 Cody Gakpo,7 Steven Berghuis,-,-,-,-,-,-,-,-,Euros 2020,Euros,"Jun 13, 2021",Netherlands vs Ukraine
28,Ukraine,1 Georgiy Bushchan,22 Mykola Matvienko,13 Ilya Zabarnyi,16 Vitaliy Mykolenko,21 Oleksandr Karavaev,5 Sergiy Sydorchuk,17 Oleksandr Zinchenko,8 Ruslan Malinovskyi,20 Oleksandr Zubkov,7 Andriy Yarmolenko,9 Roman Yaremchuk,10 Mykola Shaparenko,11 Marlos,-,-,-,12 Andriy Pyatov,23 Anatoliy Trubin,25 Denys Popov,4 Sergiy Kryvtsov,2 Eduard Sobol,24 Oleksandr Tymchyk,6 Taras Stepanenko,14 Yevgen Makarenko,26 Artem Dovbyk,19 Artem Besedin,-,-,-,-,-,Euros 2020,Euros,"Jun 13, 2021",Netherlands vs Ukraine
29,Ukraine,1 Georgiy Bushchan,22 Mykola Matvienko,13 Ilya Zabarnyi,16 Vitaliy Mykolenko,21 Oleksandr Karavaev,6 Taras Stepanenko,17 Oleksandr Zinchenko,10 Mykola Shaparenko,8 Ruslan Malinovskyi,7 Andriy Yarmolenko,9 Roman Yaremchuk,2 Eduard Sobol,5 Sergiy Sydorchuk,15 Viktor Tsygankov,19 Artem Besedin,-,12 Andriy Pyatov,23 Anatoliy Trubin,4 Sergiy Kryvtsov,24 Oleksandr Tymchyk,14 Yevgen Makarenko,3 Georgiy Sudakov,11 Marlos,26 Artem Dovbyk,-,-,-,-,-,-,-,Euros 2020,Euros,"Jun 17, 2021",Ukraine vs North Macedonia
29,North Macedonia,1 Stole Dimitrievski,6 Visar Musliu,14 Darko Velkovski,13 Stefan Ristovski,5 Arijan Ademi,20 Stefan Spirovski,16 Boban Nikolov,8 Ezgjan Alioski,17 Enis Bardhi,21 Eljif Elmas,10 Goran Pandev,4 Kire Ristevski,24 Daniel Avramovski,9 Aleksandar Trajkovski,25 Darko Churlinov,7 Ivan Trickovski,12 Risto Jankov,22 Damjan Siskovski,2 Egzon Bejtulai,11 Ferhan Hasani,15 Tihomir Kostadinov,23 Marjan Radeski,26 Milan Ristovski,-,-,-,-,-,-,-,-,Euros 2020,Euros,"Jun 17, 2021",Ukraine vs North Macedonia
30,Netherlands,1 Maarten Stekelenburg,17 Daley Blind,3 Matthijs de Ligt,6 Stefan de Vrij,15 Marten de Roon,21 Frenkie de Jong,22 Denzel Dumfries,12 Patrick van Aanholt,8 Georginio Wijnaldum,10 Memphis Depay,19 Wout Weghorst,4 Nathan Aké,5 Owen Wijndal,16 Ryan Gravenberch,18 Donyell Malen,9 Luuk de Jong,13 Tim Krul,23 Marco Bizot,25 Jurrien Timber,2 Joël Veltman,14 Davy Klaassen,11 Quincy Promes,7 Steven Berghuis,-,-,-,-,-,-,-,-,Euros 2020,Euros,"Jun 17, 2021",Netherlands vs Austria
30,Austria,13 Daniel Bachmann,4 Martin Hinteregger,8 David Alaba,3 Aleksandar Dragovic,23 Xaver Schlager,9 Marcel Sabitzer,24 Konrad Laimer,21 Stefan Lainer,2 Andreas Ulmer,19 Christoph Baumgartner,11 Michael Gregoritsch,15 Philipp Lienhart,10 Florian Grillitsch,22 Valentino Lazaro,20 Karim Onisiwo,25 Sasa Kalajdzic,12 Pavao Pervan,1 Alexander Schlager,26 Marco Friedl,16 Christopher Trimmel,6 Stefan Ilsanker,17 Louis Schaub,18 Alessandro Schöpf,-,-,-,-,-,-,-,-,Euros 2020,Euros,"Jun 17, 2021",Netherlands vs Austria
31,Ukraine,1 Georgiy Bushchan,22 Mykola Matvienko,13 Ilya Zabarnyi,16 Vitaliy Mykolenko,21 Oleksandr Karavaev,5 Sergiy Sydorchuk,17 Oleksandr Zinchenko,10 Mykola Shaparenko,8 Ruslan Malinovskyi,7 Andriy Yarmolenko,9 Roman Yaremchuk,11 Marlos,15 Viktor Tsygankov,19 Artem Besedin,-,-,12 Andriy Pyatov,23 Anatoliy Trubin,4 Sergiy Kryvtsov,2 Eduard Sobol,24 Oleksandr Tymchyk,6 Taras Stepanenko,14 Yevgen Makarenko,3 Georgiy Sudakov,26 Artem Dovbyk,-,-,-,-,-,-,Euros 2020,Euros,"Jun 21, 2021",Ukraine vs Austria
31,Austria,13 Daniel Bachmann,4 Martin Hinteregger,3 Aleksandar Dragovic,8 David Alaba,21 Stefan Lainer,10 Florian Grillitsch,23 Xaver Schlager,24 Konrad Laimer,19 Christoph Baumgartner,9 Marcel Sabitzer,7 Marko Arnautovic,6 Stefan Ilsanker,18 Alessandro Schöpf,25 Sasa Kalajdzic,-,-,12 Pavao Pervan,1 Alexander Schlager,15 Philipp Lienhart,2 Andreas Ulmer,5 Stefan Posch,16 Christopher Trimmel,17 Louis Schaub,11 Michael Gregoritsch,20 Karim Onisiwo,-,-,-,-,-,-,Euros 2020,Euros,"Jun 21, 2021",Ukraine vs Austria
32,North Macedonia,1 Stole Dimitrievski,6 Visar Musliu,14 Darko Velkovski,8 Ezgjan Alioski,13 Stefan Ristovski,5 Arijan Ademi,17 Enis Bardhi,21 Eljif Elmas,9 Aleksandar Trajkovski,7 Ivan Trickovski,10 Goran Pandev,16 Boban Nikolov,11 Ferhan Hasani,15 Tihomir Kostadinov,25 Darko Churlinov,18 Vlatko Stojanovski,12 Risto Jankov,22 Damjan Siskovski,4 Kire Ristevski,3 Gjoko Zajkov,20 Stefan Spirovski,24 Daniel Avramovski,19 Krste Velkoski,-,-,-,-,-,-,-,-,Euros 2020,Euros,"Jun 21, 2021",North Macedonia vs Netherlands
32,Netherlands,1 Maarten Stekelenburg,17 Daley Blind,3 Matthijs de Ligt,6 Stefan de Vrij,16 Ryan Gravenberch,21 Frenkie de Jong,22 Denzel Dumfries,12 Patrick van Aanholt,8 Georginio Wijnaldum,18 Donyell Malen,10 Memphis Depay,25 Jurrien Timber,11 Quincy Promes,26 Cody Gakpo,7 Steven Berghuis,19 Wout Weghorst,13 Tim Krul,23 Marco Bizot,4 Nathan Aké,2 Joël Veltman,14 Davy Klaassen,24 Teun Koopmeiners,9 Luuk de Jong,-,-,-,-,-,-,-,-,Euros 2020,Euros,"Jun 21, 2021",North Macedonia vs Netherlands
33,England,1 Jordan Pickford,15 Tyrone Mings,5 John Stones,12 Kieran Trippier,2 Kyle Walker,4 Declan Rice,14 Kalvin Phillips,19 Mason Mount,10 Raheem Sterling,20 Phil Foden,9 Harry Kane,26 Jude Bellingham,11 Marcus Rashford,18 Dominic Calvert-Lewin,-,-,13 Dean Henderson,23 Sam Johnstone,16 Conor Coady,3 Luke Shaw,22 Ben White,24 Reece James,8 Jordan Henderson,7 Jack Grealish,25 Bukayo Saka,-,-,-,-,-,-,Euros 2020,Euros,"Jun 13, 2021",England vs Croatia
33,Croatia,1 Dominik Livakovic,5 Duje Caleta-Car,21 Domagoj Vida,25 Josko Gvardiol,2 Sime Vrsaljko,11 Marcelo Brozovic,8 Mateo Kovacic,10 Luka Modric,4 Ivan Perisic,9 Andrej Kramaric,17 Ante Rebic,15 Mario Pasalic,13 Nikola Vlašić,7 Josip Brekalo,20 Bruno Petkovic,-,12 Lovre Kalinic,23 Simon Sluga,16 Mile Skoric,24 Domagoj Bradarić,22 Josip Juranovic,19 Milan Badelj,26 Luka Ivanusec,14 Ante Budimir,-,-,-,-,-,-,-,Euros 2020,Euros,"Jun 13, 2021",England vs Croatia
34,Scotland,1 David Marshall,16 Liam Cooper,5 Grant Hanley,24 Jack Hendry,4 Scott McTominay,17 Stuart Armstrong,2 Stephen O'Donnell,3 Andrew Robertson,7 John McGinn,11 Ryan Christie,9 Lyndon Dykes,8 Callum McGregor,20 Ryan Fraser,25 James Forrest,10 Ché Adams,19 Kevin Nisbet,21 Jon McLaughlin,12 Craig Gordon,26 Scott McKenna,13 Greg Taylor,22 Nathan Patterson,23 Billy Gilmour,18 David Turnbull,-,-,-,-,-,-,-,-,Euros 2020,Euros,"Jun 14, 2021",Scotland vs Czechia
34,Czechia,1 Tomas Vaclik,3 Ondrej Celustka,6 Tomas Kalas,18 Jan Boril,5 Vladimir Coufal,21 Alex Král,15 Tomas Soucek,8 Vladimír Darida,14 Jakub Jankto,12 Lukas Masopust,10 Patrik Schick,9 Tomas Holes,13 Petr Sevcik,11 Michael Krmencik,19 Adam Hlozek,20 Matej Vydra,16 Ales Mandous,4 Jakub Brabec,17 David Zima,2 Pavel Kaderabek,7 Antonín Barák,24 Tomas Pekhart,-,-,-,-,-,-,-,-,-,Euros 2020,Euros,"Jun 14, 2021",Scotland vs Czechia
35,Croatia,1 Dominik Livakovic,6 Dejan Lovren,21 Domagoj Vida,25 Josko Gvardiol,2 Sime Vrsaljko,8 Mateo Kovacic,10 Luka Modric,9 Andrej Kramaric,7 Josip Brekalo,4 Ivan Perisic,17 Ante Rebic,11 Marcelo Brozovic,13 Nikola Vlašić,26 Luka Ivanusec,20 Bruno Petkovic,-,12 Lovre Kalinic,23 Simon Sluga,5 Duje Caleta-Car,24 Domagoj Bradarić,22 Josip Juranovic,19 Milan Badelj,15 Mario Pasalic,18 Mislav Orsic,-,-,-,-,-,-,-,Euros 2020,Euros,"Jun 18, 2021",Croatia vs Czechia
35,Czechia,1 Tomas Vaclik,3 Ondrej Celustka,6 Tomas Kalas,18 Jan Boril,5 Vladimir Coufal,9 Tomas Holes,15 Tomas Soucek,12 Lukas Masopust,14 Jakub Jankto,8 Vladimír Darida,10 Patrik Schick,21 Alex Král,13 Petr Sevcik,7 Antonín Barák,11 Michael Krmencik,19 Adam Hlozek,16 Ales Mandous,23 Tomas Koubek,4 Jakub Brabec,17 David Zima,2 Pavel Kaderabek,20 Matej Vydra,24 Tomas Pekhart,-,-,-,-,-,-,-,-,Euros 2020,Euros,"Jun 18, 2021",Croatia vs Czechia
36,England,1 Jordan Pickford,15 Tyrone Mings,5 John Stones,3 Luke Shaw,24 Reece James,4 Declan Rice,14 Kalvin Phillips,19 Mason Mount,10 Raheem Sterling,20 Phil Foden,9 Harry Kane,7 Jack Grealish,11 Marcus Rashford,-,-,-,13 Aaron Ramsdale,23 Sam Johnstone,6 Harry Maguire,16 Conor Coady,21 Ben Chilwell,12 Kieran Trippier,8 Jordan Henderson,26 Jude Bellingham,17 Jadon Sancho,18 Dominic Calvert-Lewin,-,-,-,-,-,Euros 2020,Euros,"Jun 18, 2021",England vs Scotland
36,Scotland,1 David Marshall,5 Grant Hanley,6 Kieran Tierney,4 Scott McTominay,8 Callum McGregor,23 Billy Gilmour,2 Stephen O'Donnell,3 Andrew Robertson,7 John McGinn,9 Lyndon Dykes,10 Ché Adams,17 Stuart Armstrong,19 Kevin Nisbet,-,-,-,21 Jon McLaughlin,12 Craig Gordon,16 Liam Cooper,26 Scott McKenna,24 Jack Hendry,22 Nathan Patterson,14 John Fleck,11 Ryan Christie,20 Ryan Fraser,25 James Forrest,-,-,-,-,-,Euros 2020,Euros,"Jun 18, 2021",England vs Scotland
37,Czechia,1 Tomas Vaclik,3 Ondrej Celustka,6 Tomas Kalas,18 Jan Boril,5 Vladimir Coufal,9 Tomas Holes,15 Tomas Soucek,12 Lukas Masopust,14 Jakub Jankto,8 Vladimír Darida,10 Patrik Schick,21 Alex Král,13 Petr Sevcik,19 Adam Hlozek,20 Matej Vydra,24 Tomas Pekhart,16 Ales Mandous,23 Tomas Koubek,4 Jakub Brabec,2 Pavel Kaderabek,22 Ales Mateju,7 Antonín Barák,11 Michael Krmencik,-,-,-,-,-,-,-,-,Euros 2020,Euros,"Jun 22, 2021",Czechia vs England
37,England,1 Jordan Pickford,5 John Stones,6 Harry Maguire,3 Luke Shaw,2 Kyle Walker,4 Declan Rice,14 Kalvin Phillips,25 Bukayo Saka,7 Jack Grealish,10 Raheem Sterling,9 Harry Kane,15 Tyrone Mings,8 Jordan Henderson,26 Jude Bellingham,11 Marcus Rashford,17 Jadon Sancho,13 Aaron Ramsdale,23 Sam Johnstone,16 Conor Coady,12 Kieran Trippier,22 Ben White,24 Reece James,18 Dominic Calvert-Lewin,-,-,-,-,-,-,-,-,Euros 2020,Euros,"Jun 22, 2021",Czechia vs England
38,Croatia,1 Dominik Livakovic,6 Dejan Lovren,21 Domagoj Vida,25 Josko Gvardiol,22 Josip Juranovic,11 Marcelo Brozovic,8 Mateo Kovacic,10 Luka Modric,4 Ivan Perisic,13 Nikola Vlašić,20 Bruno Petkovic,3 Borna Barisic,17 Ante Rebic,26 Luka Ivanusec,9 Andrej Kramaric,-,12 Lovre Kalinic,23 Simon Sluga,5 Duje Caleta-Car,2 Sime Vrsaljko,19 Milan Badelj,15 Mario Pasalic,7 Josip Brekalo,14 Ante Budimir,-,-,-,-,-,-,-,Euros 2020,Euros,"Jun 22, 2021",Croatia vs Scotland
38,Scotland,1 David Marshall,5 Grant Hanley,6 Kieran Tierney,4 Scott McTominay,8 Callum McGregor,7 John McGinn,17 Stuart Armstrong,2 Stephen O'Donnell,3 Andrew Robertson,9 Lyndon Dykes,10 Ché Adams,26 Scott McKenna,22 Nathan Patterson,20 Ryan Fraser,19 Kevin Nisbet,-,21 Jon McLaughlin,12 Craig Gordon,16 Liam Cooper,15 Declan Gallagher,14 John Fleck,18 David Turnbull,11 Ryan Christie,25 James Forrest,-,-,-,-,-,-,-,Euros 2020,Euros,"Jun 22, 2021",Croatia vs Scotland
39,Poland,1 Wojciech Szczęsny,5 Jan Bednarek,15 Kamil Glik,18 Bartosz Bereszyński,10 Grzegorz Krychowiak,8 Karol Linetty,14 Mateusz Klich,21 Kamil Jóźwiak,13 Maciej Rybus,20 Piotr Zieliński,9 Robert Lewandowski,26 Tymoteusz Puchacz,16 Jakub Moder,19 Przemyslaw Frankowski,11 Karol Świderski,-,12 Lukasz Skorupski,22 Lukasz Fabianski,3 Paweł Dawidowicz,4 Tomasz Kedziora,25 Michal Helik,6 Kacper Kozlowski,17 Przemyslaw Placheta,24 Jakub Swierczok,-,-,-,-,-,-,-,Euros 2020,Euros,"Jun 14, 2021",Poland vs Slovakia
39,Slovakia,1 Martin Dúbravka,5 Lubomir Satka,14 Milan Skriniar,15 Tomas Hubocan,2 Peter Pekarík,25 Jakub Hromada,19 Juraj Kucka,20 Róbert Mak,18 Lukas Haraslin,17 Marek Hamsik,8 Ondrej Duda,24 Martin Koscelník,6 Ján Greguš,13 Patrik Hrosovsky,10 Tomas Suslov,21 Michal Duris,12 Dusan Kuciak,23 Marek Rodák,16 Dávid Hancko,3 Denis Vavro,22 Stanislav Lobotka,11 László Bénes,7 Vladimír Weiss,-,-,-,-,-,-,-,-,Euros 2020,Euros,"Jun 14, 2021",Poland vs Slovakia
40,Spain,23 Unai Simón,4 Pau Torres,24 Aymeric Laporte,18 Jordi Alba,6 Marcos Llorente,16 Rodri,8 Koke,26 Pedri,19 Dani Olmo,11 Ferran Torres,7 Álvaro Morata,17 Fabián Ruiz,10 Thiago,21 Mikel Oyarzabal,22 Pablo Sarabia,9 Gerard Moreno,1 David de Gea,13 Robert Sánchez,3 Diego Llorente,12 Eric García,14 José Gayà,2 César Azpilicueta,20 Adama Traoré,-,-,-,-,-,-,-,-,Euros 2020,Euros,"Jun 14, 2021",Spain vs Sweden
40,Sweden,1 Robin Olsen,3 Victor Lindelöf,24 Marcus Danielson,6 Ludwig Augustinsson,2 Mikael Lustig,8 Albin Ekdal,20 Kristoffer Olsson,7 Sebastian Larsson,10 Emil Forsberg,9 Marcus Berg,11 Alexander Isak,5 Pierre Neurath Bengtsson,16 Emil Krafth,17 Viktor Claesson,26 Jens Cajuste,22 Robin Quaison,12 Karl-Johan Johnsson,23 Kristoffer Nordfeldt,14 Filip Helander,18 Pontus Jansson,13 Gustav Svensson,15 Ken Sema,25 Jordan Larsson,-,-,-,-,-,-,-,-,Euros 2020,Euros,"Jun 14, 2021",Spain vs Sweden
41,Sweden,1 Robin Olsen,3 Victor Lindelöf,24 Marcus Danielson,6 Ludwig Augustinsson,2 Mikael Lustig,8 Albin Ekdal,20 Kristoffer Olsson,7 Sebastian Larsson,10 Emil Forsberg,9 Marcus Berg,11 Alexander Isak,5 Pierre Neurath Bengtsson,16 Emil Krafth,13 Gustav Svensson,17 Viktor Claesson,22 Robin Quaison,12 Karl-Johan Johnsson,23 Kristoffer Nordfeldt,14 Filip Helander,18 Pontus Jansson,26 Jens Cajuste,15 Ken Sema,21 Dejan Kulusevski,-,-,-,-,-,-,-,-,Euros 2020,Euros,"Jun 18, 2021",Sweden vs Slovakia
41,Slovakia,1 Martin Dúbravka,5 Lubomir Satka,14 Milan Skriniar,15 Tomas Hubocan,2 Peter Pekarík,13 Patrik Hrosovsky,19 Juraj Kucka,24 Martin Koscelník,17 Marek Hamsik,20 Róbert Mak,8 Ondrej Duda,16 Dávid Hancko,11 László Bénes,7 Vladimír Weiss,18 Lukas Haraslin,21 Michal Duris,12 Dusan Kuciak,23 Marek Rodák,4 Martin Valjent,22 Stanislav Lobotka,25 Jakub Hromada,6 Ján Greguš,9 Róbert Bozeník,-,-,-,-,-,-,-,-,Euros 2020,Euros,"Jun 18, 2021",Sweden vs Slovakia
42,Spain,23 Unai Simón,4 Pau Torres,24 Aymeric Laporte,18 Jordi Alba,6 Marcos Llorente,16 Rodri,8 Koke,26 Pedri,19 Dani Olmo,9 Gerard Moreno,7 Álvaro Morata,17 Fabián Ruiz,21 Mikel Oyarzabal,11 Ferran Torres,22 Pablo Sarabia,-,1 David de Gea,13 Robert Sánchez,3 Diego Llorente,12 Eric García,14 José Gayà,2 César Azpilicueta,10 Thiago,20 Adama Traoré,-,-,-,-,-,-,-,Euros 2020,Euros,"Jun 19, 2021",Spain vs Poland
42,Poland,1 Wojciech Szczęsny,5 Jan Bednarek,15 Kamil Glik,18 Bartosz Bereszyński,14 Mateusz Klich,16 Jakub Moder,21 Kamil Jóźwiak,26 Tymoteusz Puchacz,20 Piotr Zieliński,11 Karol Świderski,9 Robert Lewandowski,3 Paweł Dawidowicz,6 Kacper Kozlowski,8 Karol Linetty,19 Przemyslaw Frankowski,-,12 Lukasz Skorupski,22 Lukasz Fabianski,4 Tomasz Kedziora,25 Michal Helik,13 Maciej Rybus,17 Przemyslaw Placheta,23 Dawid Kownacki,24 Jakub Swierczok,-,-,-,-,-,-,-,Euros 2020,Euros,"Jun 19, 2021",Spain vs Poland
43,Sweden,1 Robin Olsen,3 Victor Lindelöf,24 Marcus Danielson,6 Ludwig Augustinsson,2 Mikael Lustig,8 Albin Ekdal,20 Kristoffer Olsson,7 Sebastian Larsson,10 Emil Forsberg,22 Robin Quaison,11 Alexander Isak,16 Emil Krafth,17 Viktor Claesson,21 Dejan Kulusevski,9 Marcus Berg,-,12 Karl-Johan Johnsson,23 Kristoffer Nordfeldt,14 Filip Helander,18 Pontus Jansson,5 Pierre Neurath Bengtsson,13 Gustav Svensson,26 Jens Cajuste,15 Ken Sema,-,-,-,-,-,-,-,Euros 2020,Euros,"Jun 23, 2021",Sweden vs Poland
43,Poland,1 Wojciech Szczęsny,5 Jan Bednarek,15 Kamil Glik,18 Bartosz Bereszyński,10 Grzegorz Krychowiak,14 Mateusz Klich,21 Kamil Jóźwiak,26 Tymoteusz Puchacz,20 Piotr Zieliński,11 Karol Świderski,9 Robert Lewandowski,6 Kacper Kozlowski,19 Przemyslaw Frankowski,17 Przemyslaw Placheta,24 Jakub Swierczok,-,12 Lukasz Skorupski,22 Lukasz Fabianski,3 Paweł Dawidowicz,4 Tomasz Kedziora,25 Michal Helik,13 Maciej Rybus,8 Karol Linetty,23 Dawid Kownacki,-,-,-,-,-,-,-,Euros 2020,Euros,"Jun 23, 2021",Sweden vs Poland
44,Slovakia,1 Martin Dúbravka,5 Lubomir Satka,14 Milan Skriniar,15 Tomas Hubocan,2 Peter Pekarík,19 Juraj Kucka,25 Jakub Hromada,17 Marek Hamsik,20 Róbert Mak,18 Lukas Haraslin,8 Ondrej Duda,22 Stanislav Lobotka,11 László Bénes,10 Tomas Suslov,7 Vladimír Weiss,21 Michal Duris,12 Dusan Kuciak,23 Marek Rodák,16 Dávid Hancko,4 Martin Valjent,24 Martin Koscelník,6 Ján Greguš,13 Patrik Hrosovsky,-,-,-,-,-,-,-,-,Euros 2020,Euros,"Jun 23, 2021",Slovakia vs Spain
44,Spain,23 Unai Simón,24 Aymeric Laporte,12 Eric García,18 Jordi Alba,2 César Azpilicueta,5 Sergio Busquets,8 Koke,26 Pedri,9 Gerard Moreno,22 Pablo Sarabia,7 Álvaro Morata,4 Pau Torres,10 Thiago,21 Mikel Oyarzabal,11 Ferran Torres,20 Adama Traoré,1 David de Gea,13 Robert Sánchez,14 José Gayà,16 Rodri,17 Fabián Ruiz,6 Marcos Llorente,19 Dani Olmo,-,-,-,-,-,-,-,-,Euros 2020,Euros,"Jun 23, 2021",Slovakia vs Spain
45,Hungary,1 Péter Gulácsi,4 Attila Szalai,6 Willi Orbán,21 Endre Botka,8 Ádám Nagy,13 András Schäfer,15 László Kleinheisler,14 Gergő Lovrencsics,5 Attila Fiola,20 Roland Sallai,9 Ádám Szalai,7 Loïc Nego,18 Dávid Sigér,24 Szabolcs Schön,19 Kevin Varga,17 Roland Varga,12 Dénes Dibusz,22 Ádám Bogdán,2 Ádám Lang,3 Ákos Kecskés,26 Bendegúz Bolla,10 Tamás Cseri,23 Nemanja Nikolics,-,-,-,-,-,-,-,-,Euros 2020,Euros,"Jun 15, 2021",Hungary vs Portugal
45,Portugal,1 Rui Patrício,3 Pepe,4 Rúben Dias,5 Raphaël Guerreiro,2 Nélson Semedo,13 Danilo Pereira,14 William Carvalho,11 Bruno Fernandes,21 Diogo Jota,10 Bernardo Silva,7 Cristiano Ronaldo,8 João Moutinho,16 Renato Sanches,15 Rafa,9 André Silva,-,12 Anthony Lopes,22 Rui Silva,6 José Fonte,25 Nuno Mendes,18 Rúben Neves,24 Sérgio Oliveira,19 Pedro Gonçalves,23 João Félix,-,-,-,-,-,-,-,Euros 2020,Euros,"Jun 15, 2021",Hungary vs Portugal
46,France,1 Hugo Lloris,3 Presnel Kimpembe,4 Raphaël Varane,21 Lucas Hernández,2 Benjamin Pavard,13 N'Golo Kanté,14 Adrien Rabiot,6 Paul Pogba,10 Kylian Mbappé,7 Antoine Griezmann,19 Karim Benzema,12 Corentin Tolisso,11 Ousmane Dembélé,-,-,-,16 Steve Mandanda,23 Mike Maignan,5 Clément Lenglet,15 Kurt Zouma,25 Jules Koundé,18 Lucas Digne,8 Thomas Lemar,20 Kingsley Coman,9 Olivier Giroud,22 Wissam Ben Yedder,-,-,-,-,-,Euros 2020,Euros,"Jun 15, 2021",France vs Germany
46,Germany,1 Manuel Neuer,2 Antonio Rüdiger,4 Matthias Ginter,5 Mats Hummels,8 Toni Kroos,21 İlkay Gündoğan,6 Joshua Kimmich,20 Robin Gosens,7 Kai Havertz,25 Thomas Müller,10 Serge Gnabry,23 Emre Can,19 Leroy Sané,9 Kevin Volland,11 Timo Werner,-,12 Bernd Leno,22 Kevin Trapp,3 Marcel Halstenberg,15 Niklas Süle,16 Lukas Klostermann,24 Robin Koch,26 Christian Günter,17 Florian Neuhaus,-,-,-,-,-,-,-,Euros 2020,Euros,"Jun 15, 2021",France vs Germany
47,Hungary,1 Péter Gulácsi,4 Attila Szalai,6 Willi Orbán,21 Endre Botka,8 Ádám Nagy,13 András Schäfer,15 László Kleinheisler,7 Loïc Nego,5 Attila Fiola,20 Roland Sallai,9 Ádám Szalai,14 Gergő Lovrencsics,10 Tamás Cseri,23 Nemanja Nikolics,-,-,12 Dénes Dibusz,22 Ádám Bogdán,2 Ádám Lang,3 Ákos Kecskés,18 Dávid Sigér,24 Szabolcs Schön,11 Filip Holender,19 Kevin Varga,17 Roland Varga,-,-,-,-,-,-,Euros 2020,Euros,"Jun 19, 2021",Hungary vs France
47,France,1 Hugo Lloris,3 Presnel Kimpembe,4 Raphaël Varane,18 Lucas Digne,2 Benjamin Pavard,13 N'Golo Kanté,14 Adrien Rabiot,6 Paul Pogba,7 Antoine Griezmann,10 Kylian Mbappé,19 Karim Benzema,12 Corentin Tolisso,8 Thomas Lemar,11 Ousmane Dembélé,9 Olivier Giroud,-,16 Steve Mandanda,23 Mike Maignan,5 Clément Lenglet,25 Jules Koundé,21 Lucas Hernández,24 Léo Dubois,17 Moussa Sissoko,26 Marcus Thuram,-,-,-,-,-,-,-,Euros 2020,Euros,"Jun 19, 2021",Hungary vs France
48,Portugal,1 Rui Patrício,3 Pepe,4 Rúben Dias,5 Raphaël Guerreiro,2 Nélson Semedo,13 Danilo Pereira,14 William Carvalho,11 Bruno Fernandes,21 Diogo Jota,10 Bernardo Silva,7 Cristiano Ronaldo,8 João Moutinho,16 Renato Sanches,15 Rafa,9 André Silva,-,12 Anthony Lopes,22 Rui Silva,6 José Fonte,20 Diogo Dalot,18 Rúben Neves,26 João Palhinha,19 Pedro Gonçalves,17 Gonçalo Guedes,-,-,-,-,-,-,-,Euros 2020,Euros,"Jun 19, 2021",Portugal vs Germany
48,Germany,1 Manuel Neuer,2 Antonio Rüdiger,4 Matthias Ginter,5 Mats Hummels,8 Toni Kroos,21 İlkay Gündoğan,6 Joshua Kimmich,20 Robin Gosens,7 Kai Havertz,25 Thomas Müller,10 Serge Gnabry,3 Marcel Halstenberg,15 Niklas Süle,23 Emre Can,18 Leon Goretzka,19 Leroy Sané,12 Bernd Leno,22 Kevin Trapp,24 Robin Koch,26 Christian Günter,17 Florian Neuhaus,9 Kevin Volland,11 Timo Werner,-,-,-,-,-,-,-,-,Euros 2020,Euros,"Jun 19, 2021",Portugal vs Germany
49,Portugal,1 Rui Patrício,3 Pepe,4 Rúben Dias,5 Raphaël Guerreiro,2 Nélson Semedo,13 Danilo Pereira,8 João Moutinho,16 Renato Sanches,21 Diogo Jota,10 Bernardo Silva,7 Cristiano Ronaldo,20 Diogo Dalot,18 Rúben Neves,26 João Palhinha,24 Sérgio Oliveira,11 Bruno Fernandes,12 Anthony Lopes,22 Rui Silva,6 José Fonte,14 William Carvalho,23 João Félix,15 Rafa,9 André Silva,-,-,-,-,-,-,-,-,Euros 2020,Euros,"Jun 23, 2021",Portugal vs France
49,France,1 Hugo Lloris,3 Presnel Kimpembe,4 Raphaël Varane,21 Lucas Hernández,25 Jules Koundé,13 N'Golo Kanté,6 Paul Pogba,12 Corentin Tolisso,10 Kylian Mbappé,7 Antoine Griezmann,19 Karim Benzema,18 Lucas Digne,14 Adrien Rabiot,17 Moussa Sissoko,20 Kingsley Coman,-,16 Steve Mandanda,23 Mike Maignan,5 Clément Lenglet,2 Benjamin Pavard,15 Kurt Zouma,8 Thomas Lemar,9 Olivier Giroud,22 Wissam Ben Yedder,-,-,-,-,-,-,-,Euros 2020,Euros,"Jun 23, 2021",Portugal vs France
50,Germany,1 Manuel Neuer,2 Antonio Rüdiger,4 Matthias Ginter,5 Mats Hummels,8 Toni Kroos,21 İlkay Gündoğan,6 Joshua Kimmich,20 Robin Gosens,7 Kai Havertz,19 Leroy Sané,10 Serge Gnabry,18 Leon Goretzka,14 Jamal Musiala,25 Thomas Müller,9 Kevin Volland,11 Timo Werner,12 Bernd Leno,22 Kevin Trapp,3 Marcel Halstenberg,15 Niklas Süle,24 Robin Koch,23 Emre Can,17 Florian Neuhaus,-,-,-,-,-,-,-,-,Euros 2020,Euros,"Jun 23, 2021",Germany vs Hungary
50,Hungary,1 Péter Gulácsi,4 Attila Szalai,6 Willi Orbán,21 Endre Botka,8 Ádám Nagy,13 András Schäfer,15 László Kleinheisler,7 Loïc Nego,5 Attila Fiola,20 Roland Sallai,9 Ádám Szalai,14 Gergő Lovrencsics,24 Szabolcs Schön,19 Kevin Varga,23 Nemanja Nikolics,-,12 Dénes Dibusz,22 Ádám Bogdán,2 Ádám Lang,3 Ákos Kecskés,18 Dávid Sigér,26 Bendegúz Bolla,11 Filip Holender,17 Roland Varga,-,-,-,-,-,-,-,Euros 2020,Euros,"Jun 23, 2021",Germany vs Hungary
51,Portugal,1 Rui Patrício,3 Pepe,4 José Fonte,5 Raphaël Guerreiro,21 Cédric Soares,14 William Carvalho,16 Renato Sanches,10 João Mário,23 Adrien Silva,17 Nani,7 Cristiano Ronaldo,8 João Moutinho,20 Ricardo Quaresma,9 Éder,-,-,12 Anthony Lopes,22 Eduardo,2 Bruno Alves,6 Ricardo Carvalho,19 Eliseu,11 Vieirinha,13 Danilo Pereira,15 André Gomes,18 Rafa,-,-,-,-,-,-,Euros 2016,Euros,"Sun Jul 10, 2016",Portugal vs France
51,France,1 Hugo Lloris,22 Samuel Umtiti,21 Laurent Koscielny,3 Patrice Evra,19 Bacary Sagna,14 Blaise Matuidi,15 Paul Pogba,18 Moussa Sissoko,8 Dimitri Payet,7 Antoine Griezmann,9 Olivier Giroud,20 Kingsley Coman,10 André-Pierre Gignac,11 Anthony Martial,-,-,16 Steve Mandanda,23 Benoît Costil,13 Eliaquim Mangala,4 Adil Rami,17 Lucas Digne,2 Christophe Jallet,5 N'Golo Kanté,12 Morgan Schneiderlin,6 Yohan Cabaye,-,-,-,-,-,-,Euros 2016,Euros,"Sun Jul 10, 2016",Portugal vs France
52,Portugal,1 Rui Patrício,2 Bruno Alves,4 José Fonte,5 Raphaël Guerreiro,21 Cédric Soares,13 Danilo Pereira,16 Renato Sanches,10 João Mário,23 Adrien Silva,17 Nani,7 Cristiano Ronaldo,8 João Moutinho,15 André Gomes,20 Ricardo Quaresma,-,-,12 Anthony Lopes,22 Eduardo,6 Ricardo Carvalho,19 Eliseu,11 Vieirinha,18 Rafa,9 Éder,-,-,-,-,-,-,-,-,Euros 2016,Euros,"Wed Jul 6, 2016",Portugal vs Wales
52,Wales,1 Wayne Hennessey,5 James Chester,6 Ashley Williams,19 James Collins,3 Neil Taylor,2 Chris Gunter,16 Joe Ledley,7 Joe Allen,8 Andy King,11 Gareth Bale,9 Hal Robson-Kanu,20 Jonathan Williams,18 Sam Vokes,23 Simon Church,-,-,12 Owain Fôn Williams,21 Danny Ward,15 Jazz Richards,22 David Vaughan,14 David Edwards,13 George Williams,17 David Cotterill,-,-,-,-,-,-,-,-,Euros 2016,Euros,"Wed Jul 6, 2016",Portugal vs Wales
53,Germany,1 Manuel Neuer,4 Benedikt Höwedes,17 Jérôme Boateng,3 Jonas Hector,21 Joshua Kimmich,7 Bastian Schweinsteiger,14 Emre Can,18 Toni Kroos,11 Julian Draxler,8 Mesut Özil,13 Thomas Müller,2 Shkodran Mustafi,19 Mario Götze,20 Leroy Sané,-,-,12 Bernd Leno,22 Marc-André ter Stegen,16 Jonathan Tah,15 Julian Weigl,6 Sami Khedira,10 Lukas Podolski,9 André Schürrle,23 Mario Gómez,-,-,-,-,-,-,-,Euros 2016,Euros,"Thu Jul 7, 2016",Germany vs France
53,France,1 Hugo Lloris,22 Samuel Umtiti,21 Laurent Koscielny,3 Patrice Evra,19 Bacary Sagna,14 Blaise Matuidi,15 Paul Pogba,18 Moussa Sissoko,8 Dimitri Payet,7 Antoine Griezmann,9 Olivier Giroud,5 N'Golo Kanté,6 Yohan Cabaye,10 André-Pierre Gignac,-,-,16 Steve Mandanda,23 Benoît Costil,13 Eliaquim Mangala,4 Adil Rami,17 Lucas Digne,2 Christophe Jallet,12 Morgan Schneiderlin,20 Kingsley Coman,11 Anthony Martial,-,-,-,-,-,-,Euros 2016,Euros,"Thu Jul 7, 2016",Germany vs France
54,Poland,22 Lukasz Fabianski,2 Michal Pazdan,15 Kamil Glik,3 Artur Jedrzejczyk,20 Lukasz Piszczek,10 Grzegorz Krychowiak,5 Krzysztof Maczynski,11 Kamil Grosicki,16 Jakub Blaszczykowski,7 Arkadiusz Milik,9 Robert Lewandowski,6 Tomasz Jodlowiec,21 Bartosz Kapustka,-,-,-,1 Wojciech Szczęsny,12 Artur Boruc,4 Thiago Cionek,18 Bartosz Salamon,14 Jakub Wawrzyniak,19 Piotr Zieliński,8 Karol Linetty,23 Filip Starzynski,17 Slawomir Peszko,13 Mariusz Stepinski,-,-,-,-,-,Euros 2016,Euros,"Thu Jun 30, 2016",Poland vs Portugal
54,Portugal,1 Rui Patrício,3 Pepe,4 José Fonte,19 Eliseu,21 Cédric Soares,14 William Carvalho,16 Renato Sanches,10 João Mário,23 Adrien Silva,17 Nani,7 Cristiano Ronaldo,13 Danilo Pereira,8 João Moutinho,20 Ricardo Quaresma,-,-,12 Anthony Lopes,22 Eduardo,2 Bruno Alves,6 Ricardo Carvalho,11 Vieirinha,18 Rafa,9 Éder,-,-,-,-,-,-,-,-,Euros 2016,Euros,"Thu Jun 30, 2016",Poland vs Portugal
55,Wales,1 Wayne Hennessey,5 James Chester,6 Ashley Williams,4 Ben Davies,16 Joe Ledley,7 Joe Allen,2 Chris Gunter,3 Neil Taylor,10 Aaron Ramsey,11 Gareth Bale,9 Hal Robson-Kanu,19 James Collins,8 Andy King,18 Sam Vokes,-,-,12 Owain Fôn Williams,21 Danny Ward,15 Jazz Richards,22 David Vaughan,14 David Edwards,20 Jonathan Williams,13 George Williams,17 David Cotterill,23 Simon Church,-,-,-,-,-,-,Euros 2016,Euros,"Fri Jul 1, 2016",Wales vs Belgium
55,Belgium,1 Thibaut Courtois,2 Toby Alderweireld,15 Jason Denayer,21 Jordan Lukaku,16 Thomas Meunier,6 Axel Witsel,4 Radja Nainggolan,7 Kevin De Bruyne,10 Eden Hazard,11 Yannick Carrasco,9 Romelu Lukaku,8 Marouane Fellaini,14 Dries Mertens,22 Michy Batshuayi,-,-,12 Simon Mignolet,13 Jean-François Gillet,18 Christian Kabasele,23 Laurent Ciman,19 Mousa Dembélé,17 Divock Origi,20 Christian Benteke,-,-,-,-,-,-,-,-,Euros 2016,Euros,"Fri Jul 1, 2016",Wales vs Belgium
56,Germany,1 Manuel Neuer,4 Benedikt Höwedes,5 Mats Hummels,17 Jérôme Boateng,18 Toni Kroos,6 Sami Khedira,21 Joshua Kimmich,3 Jonas Hector,8 Mesut Özil,13 Thomas Müller,23 Mario Gómez,7 Bastian Schweinsteiger,11 Julian Draxler,-,-,-,12 Bernd Leno,22 Marc-André ter Stegen,2 Shkodran Mustafi,16 Jonathan Tah,14 Emre Can,15 Julian Weigl,10 Lukas Podolski,19 Mario Götze,9 André Schürrle,20 Leroy Sané,-,-,-,-,-,Euros 2016,Euros,"Sat Jul 2, 2016",Germany vs Italy
56,Italy,1 Gianluigi Buffon,19 Leonardo Bonucci,3 Giorgio Chiellini,15 Andrea Barzagli,14 Stefano Sturaro,18 Marco Parolo,23 Emanuele Giaccherini,8 Alessandro Florenzi,2 Mattia De Sciglio,17 Éder,9 Graziano Pellè,4 Matteo Darmian,20 Lorenzo Insigne,7 Simone Zaza,-,-,13 Federico Marchetti,12 Salvatore Sirigu,5 Angelo Ogbonna,16 Daniele De Rossi,6 Antonio Candreva,22 Stephan El Shaarawy,21 Federico Bernardeschi,11 Ciro Immobile,-,-,-,-,-,-,-,Euros 2016,Euros,"Sat Jul 2, 2016",Germany vs Italy
57,France,1 Hugo Lloris,22 Samuel Umtiti,21 Laurent Koscielny,3 Patrice Evra,19 Bacary Sagna,14 Blaise Matuidi,15 Paul Pogba,18 Moussa Sissoko,8 Dimitri Payet,7 Antoine Griezmann,9 Olivier Giroud,13 Eliaquim Mangala,20 Kingsley Coman,10 André-Pierre Gignac,-,-,16 Steve Mandanda,23 Benoît Costil,17 Lucas Digne,2 Christophe Jallet,12 Morgan Schneiderlin,6 Yohan Cabaye,11 Anthony Martial,-,-,-,-,-,-,-,-,Euros 2016,Euros,"Sun Jul 3, 2016",France vs Iceland
57,Iceland,1 Hannes Thór Halldórsson,6 Ragnar Sigurdsson,14 Kári Árnason,23 Ari Freyr Skúlason,2 Birkir Már Saevarsson,17 Aron Gunnarsson,10 Gylfi Sigurdsson,8 Birkir Bjarnason,7 Jóhann Berg Gudmundsson,9 Kolbeinn Sigthórsson,15 Jón Dadi Bödvarsson,5 Sverrir Ingi Ingason,11 Alfred Finnbogason,22 Eidur Gudjohnsen,-,-,12 Ögmundur Kristinsson,13 Ingvar Jónsson,19 Hördur Magnússon,3 Haukur Heidar Hauksson,4 Hjörtur Hermannsson,20 Emil Hallfredsson,16 Rúnar Már Sigurjónsson,18 Elmar Bjarnason,21 Arnór Ingvi Traustason,-,-,-,-,-,-,Euros 2016,Euros,"Sun Jul 3, 2016",France vs Iceland
58,Switzerland,1 Yann Sommer,20 Johan Djourou,22 Fabian Schär,13 Ricardo Rodríguez,2 Stephan Lichtsteiner,10 Granit Xhaka,11 Valon Behrami,15 Blerim Dzemaili,18 Admir Mehmedi,23 Xherdan Shaqiri,9 Haris Seferovic,16 Gelson Fernandes,7 Breel Embolo,19 Eren Derdiyok,-,-,12 Marwin Hitz,21 Roman Bürki,4 Nico Elvedi,5 Steve von Bergen,3 François Moubandje,6 Michael Lang,8 Fabian Frei,14 Denis Zakaria,17 Shani Tarashaj,-,-,-,-,-,-,Euros 2016,Euros,"Sat Jun 25, 2016",Switzerland vs Poland
58,Poland,22 Lukasz Fabianski,2 Michal Pazdan,15 Kamil Glik,3 Artur Jedrzejczyk,20 Lukasz Piszczek,10 Grzegorz Krychowiak,5 Krzysztof Maczynski,11 Kamil Grosicki,16 Jakub Blaszczykowski,7 Arkadiusz Milik,9 Robert Lewandowski,6 Tomasz Jodlowiec,17 Slawomir Peszko,-,-,-,1 Wojciech Szczęsny,12 Artur Boruc,4 Thiago Cionek,18 Bartosz Salamon,14 Jakub Wawrzyniak,19 Piotr Zieliński,8 Karol Linetty,23 Filip Starzynski,13 Mariusz Stepinski,-,-,-,-,-,-,Euros 2016,Euros,"Sat Jun 25, 2016",Switzerland vs Poland
59,Wales,1 Wayne Hennessey,5 James Chester,6 Ashley Williams,4 Ben Davies,3 Neil Taylor,2 Chris Gunter,16 Joe Ledley,7 Joe Allen,10 Aaron Ramsey,11 Gareth Bale,18 Sam Vokes,20 Jonathan Williams,9 Hal Robson-Kanu,-,-,-,12 Owain Fôn Williams,21 Danny Ward,19 James Collins,15 Jazz Richards,22 David Vaughan,8 Andy King,14 David Edwards,13 George Williams,17 David Cotterill,23 Simon Church,-,-,-,-,-,Euros 2016,Euros,"Sat Jun 25, 2016",Wales vs N. Ireland
59,N. Ireland,1 Michael McGovern,5 Jonny Evans,4 Gareth McAuley,20 Craig Cathcart,14 Stuart Dallas,18 Aaron Hughes,16 Oliver Norwood,13 Corry Evans,8 Steven Davis,19 Jamie Ward,10 Kyle Lafferty,7 Niall McGinn,11 Conor Washington,21 Josh Magennis,-,-,12 Roy Carroll,23 Alan Mannus,15 Luke McCullough,17 Paddy McNair,2 Conor McLaughlin,22 Lee Hodson,6 Chris Baird,3 Shane Ferguson,9 Will Grigg,-,-,-,-,-,-,Euros 2016,Euros,"Sat Jun 25, 2016",Wales vs N. Ireland
60,Croatia,23 Danijel Subasic,5 Vedran Corluka,21 Domagoj Vida,3 Ivan Strinic,11 Darijo Srna,19 Milan Badelj,10 Luka Modric,14 Marcelo Brozovic,7 Ivan Rakitic,4 Ivan Perisic,17 Mario Mandžukić,20 Marko Pjaca,16 Nikola Kalinic,9 Andrej Kramaric,-,-,12 Lovre Kalinic,1 Ivan Vargic,6 Tin Jedvaj,13 Gordon Schildenfeld,2 Sime Vrsaljko,8 Mateo Kovacic,15 Marko Rog,18 Ante Coric,22 Duje Cop,-,-,-,-,-,-,Euros 2016,Euros,"Sat Jun 25, 2016",Croatia vs Portugal
60,Portugal,1 Rui Patrício,3 Pepe,4 José Fonte,5 Raphaël Guerreiro,21 Cédric Soares,14 William Carvalho,10 João Mário,15 André Gomes,23 Adrien Silva,17 Nani,7 Cristiano Ronaldo,13 Danilo Pereira,16 Renato Sanches,20 Ricardo Quaresma,-,-,12 Anthony Lopes,22 Eduardo,2 Bruno Alves,6 Ricardo Carvalho,19 Eliseu,11 Vieirinha,8 João Moutinho,18 Rafa,9 Éder,-,-,-,-,-,-,Euros 2016,Euros,"Sat Jun 25, 2016",Croatia vs Portugal
61,France,1 Hugo Lloris,4 Adil Rami,21 Laurent Koscielny,3 Patrice Evra,19 Bacary Sagna,5 N'Golo Kanté,14 Blaise Matuidi,15 Paul Pogba,8 Dimitri Payet,7 Antoine Griezmann,9 Olivier Giroud,18 Moussa Sissoko,20 Kingsley Coman,10 André-Pierre Gignac,-,-,16 Steve Mandanda,23 Benoît Costil,13 Eliaquim Mangala,22 Samuel Umtiti,17 Lucas Digne,2 Christophe Jallet,12 Morgan Schneiderlin,6 Yohan Cabaye,11 Anthony Martial,-,-,-,-,-,-,Euros 2016,Euros,"Sun Jun 26, 2016",France vs Ireland
61,Ireland,23 Darren Randolph,5 Richard Keogh,12 Shane Duffy,17 Stephen Ward,2 Seamus Coleman,8 James McCarthy,13 Jeff Hendrick,19 Robbie Brady,11 James McClean,9 Shane Long,21 Daryl Murphy,4 John O'Shea,20 Wes Hoolahan,14 Jonathan Walters,-,-,1 Keiren Westwood,16 Shay Given,3 Ciaran Clark,15 Cyrus Christie,6 Glenn Whelan,22 Stephen Quinn,18 David Meyler,7 Aiden McGeady,10 Robbie Keane,-,-,-,-,-,-,Euros 2016,Euros,"Sun Jun 26, 2016",France vs Ireland
62,Germany,1 Manuel Neuer,5 Mats Hummels,17 Jérôme Boateng,3 Jonas Hector,21 Joshua Kimmich,18 Toni Kroos,6 Sami Khedira,8 Mesut Özil,11 Julian Draxler,13 Thomas Müller,23 Mario Gómez,4 Benedikt Höwedes,7 Bastian Schweinsteiger,10 Lukas Podolski,-,-,12 Bernd Leno,22 Marc-André ter Stegen,2 Shkodran Mustafi,16 Jonathan Tah,14 Emre Can,15 Julian Weigl,19 Mario Götze,9 André Schürrle,20 Leroy Sané,-,-,-,-,-,-,Euros 2016,Euros,"Sun Jun 26, 2016",Germany vs Slovakia
62,Slovakia,23 Matus Kozacik,4 Jan Durica,3 Martin Skrtel,5 Norbert Gyömbér,2 Peter Pekarík,14 Milan Skriniar,17 Marek Hamsik,13 Patrik Hrosovsky,19 Juraj Kucka,7 Vladimír Weiss,21 Michal Duris,16 Kornél Saláta,6 Ján Greguš,9 Stanislav Sestak,-,-,1 Jan Mucha,12 Ján Novota,15 Tomas Hubocan,18 Dusan Svento,22 Viktor Pecovsky,8 Ondrej Duda,10 Miroslav Stoch,20 Róbert Mak,11 Adam Nemec,-,-,-,-,-,-,Euros 2016,Euros,"Sun Jun 26, 2016",Germany vs Slovakia
63,Hungary,1 Gábor Király,20 Richárd Guzmics,23 Roland Juhász,4 Tamás Kádár,2 Ádám Lang,8 Ádám Nagy,16 Ádám Pintér,10 Zoltán Gera,14 Gergő Lovrencsics,7 Balázs Dzsudzsák,9 Ádám Szalai,6 Ákos Elek,17 Nemanja Nikolics,13 Dániel Böde,-,-,12 Dénes Dibusz,22 Péter Gulácsi,3 Mihály Korhut,5 Attila Fiola,21 Barnabás Bese,18 Zoltán Stieber,15 László Kleinheisler,11 Krisztián Németh,19 Tamás Priskin,-,-,-,-,-,-,Euros 2016,Euros,"Sun Jun 26, 2016",Hungary vs Belgium
63,Belgium,1 Thibaut Courtois,3 Thomas Vermaelen,2 Toby Alderweireld,5 Jan Vertonghen,16 Thomas Meunier,6 Axel Witsel,4 Radja Nainggolan,7 Kevin De Bruyne,10 Eden Hazard,14 Dries Mertens,9 Romelu Lukaku,8 Marouane Fellaini,11 Yannick Carrasco,22 Michy Batshuayi,-,-,12 Simon Mignolet,13 Jean-François Gillet,15 Jason Denayer,18 Christian Kabasele,23 Laurent Ciman,21 Jordan Lukaku,19 Mousa Dembélé,17 Divock Origi,20 Christian Benteke,-,-,-,-,-,-,Euros 2016,Euros,"Sun Jun 26, 2016",Hungary vs Belgium
64,Italy,1 Gianluigi Buffon,19 Leonardo Bonucci,3 Giorgio Chiellini,15 Andrea Barzagli,16 Daniele De Rossi,18 Marco Parolo,23 Emanuele Giaccherini,8 Alessandro Florenzi,2 Mattia De Sciglio,9 Graziano Pellè,17 Éder,4 Matteo Darmian,10 Thiago Motta,20 Lorenzo Insigne,-,-,13 Federico Marchetti,12 Salvatore Sirigu,5 Angelo Ogbonna,14 Stefano Sturaro,6 Antonio Candreva,22 Stephan El Shaarawy,21 Federico Bernardeschi,7 Simone Zaza,11 Ciro Immobile,-,-,-,-,-,-,Euros 2016,Euros,"Mon Jun 27, 2016",Italy vs Spain
64,Spain,13 David de Gea,3 Gerard Piqué,15 Sergio Ramos,18 Jordi Alba,16 Juanfran Torres,5 Sergio Busquets,6 Andrés Iniesta,10 Cesc Fàbregas,22 Nolito,21 David Silva,7 Álvaro Morata,9 Lucas Vázquez,11 Pedro,20 Aritz Aduriz,-,-,1 Iker Casillas,23 Sergio Rico,4 Marc Bartra,2 César Azpilicueta,12 Héctor Bellerín,19 Bruno Soriano,17 Mikel San José,8 Koke,14 Thiago,-,-,-,-,-,-,Euros 2016,Euros,"Mon Jun 27, 2016",Italy vs Spain
65,England,1 Joe Hart,5 Gary Cahill,6 Chris Smalling,3 Danny Rose,2 Kyle Walker,17 Eric Dier,20 Dele Alli,10 Wayne Rooney,7 Raheem Sterling,15 Daniel Sturridge,9 Harry Kane,18 Jack Wilshere,22 Marcus Rashford,11 Jamie Vardy,-,-,13 Fraser Forster,23 Tom Heaton,16 John Stones,21 Ryan Bertrand,12 Nathaniel Clyne,4 James Milner,14 Jordan Henderson,19 Ross Barkley,8 Adam Lallana,-,-,-,-,-,-,Euros 2016,Euros,"Mon Jun 27, 2016",England vs Iceland
65,Iceland,1 Hannes Thór Halldórsson,6 Ragnar Sigurdsson,14 Kári Árnason,23 Ari Freyr Skúlason,2 Birkir Már Saevarsson,17 Aron Gunnarsson,10 Gylfi Sigurdsson,8 Birkir Bjarnason,7 Jóhann Berg Gudmundsson,9 Kolbeinn Sigthórsson,15 Jón Dadi Bödvarsson,18 Elmar Bjarnason,21 Arnór Ingvi Traustason,-,-,-,12 Ögmundur Kristinsson,13 Ingvar Jónsson,19 Hördur Magnússon,3 Haukur Heidar Hauksson,4 Hjörtur Hermannsson,5 Sverrir Ingi Ingason,20 Emil Hallfredsson,16 Rúnar Már Sigurjónsson,11 Alfred Finnbogason,22 Eidur Gudjohnsen,-,-,-,-,-,Euros 2016,Euros,"Mon Jun 27, 2016",England vs Iceland
66,France,1 Hugo Lloris,4 Adil Rami,21 Laurent Koscielny,3 Patrice Evra,19 Bacary Sagna,5 N'Golo Kanté,14 Blaise Matuidi,15 Paul Pogba,8 Dimitri Payet,7 Antoine Griezmann,9 Olivier Giroud,18 Moussa Sissoko,20 Kingsley Coman,11 Anthony Martial,-,-,16 Steve Mandanda,23 Benoît Costil,13 Eliaquim Mangala,22 Samuel Umtiti,17 Lucas Digne,2 Christophe Jallet,12 Morgan Schneiderlin,6 Yohan Cabaye,10 André-Pierre Gignac,-,-,-,-,-,-,Euros 2016,Euros,"Jun 10, 2016",France vs Romania
66,Romania,12 Ciprian Tătărușanu,6 Vlad Chiricheș,21 Dragoș Grigore,3 Răzvan Raţ,22 Cristian Săpunaru,5 Ovidiu Hoban,8 Mihai Pintilii,10 Nicolae Stanciu,19 Bogdan Stancu,20 Adrian Popa,14 Florin Andone,11 Gabriel Torje,7 Alexandru Chipciu,9 Denis Alibec,-,-,1 Costel Pantilimon,23 Silviu Lung Jr.,4 Cosmin Moți,15 Valerică Găman,16 Steliano Filip,2 Alexandru Mățel,18 Andrei Prepeliță,17 Lucian Sânmărtean,13 Claudiu Keșerü,-,-,-,-,-,-,Euros 2016,Euros,"Jun 10, 2016",France vs Romania
67,Albania,1 Etrit Berisha,15 Mergim Mavraj,5 Lorik Cana,7 Ansi Agolli,4 Elseid Hysaj,13 Burim Kukeli,14 Taulant Xhaka,22 Amir Abrashi,3 Ermir Lenjani,21 Odise Roshi,10 Armando Sadiku,20 Ergys Kaçe,11 Shkëlzen Gashi,16 Sokol Cikalleshi,-,-,12 Orges Shehi,23 Alban Hoxha,18 Arlind Ajeti,17 Naser Aliji,6 Frédéric Veseli,2 Andi Lila,8 Migjen Basha,9 Ledian Memushaj,19 Bekim Balaj,-,-,-,-,-,-,Euros 2016,Euros,"Jun 11, 2016",Albania vs Switzerland
67,Switzerland,1 Yann Sommer,20 Johan Djourou,22 Fabian Schär,13 Ricardo Rodríguez,2 Stephan Lichtsteiner,10 Granit Xhaka,11 Valon Behrami,15 Blerim Dzemaili,18 Admir Mehmedi,23 Xherdan Shaqiri,9 Haris Seferovic,8 Fabian Frei,16 Gelson Fernandes,7 Breel Embolo,-,-,12 Marwin Hitz,21 Roman Bürki,4 Nico Elvedi,5 Steve von Bergen,3 François Moubandje,6 Michael Lang,14 Denis Zakaria,17 Shani Tarashaj,19 Eren Derdiyok,-,-,-,-,-,-,Euros 2016,Euros,"Jun 11, 2016",Albania vs Switzerland
68,Romania,12 Ciprian Tătărușanu,6 Vlad Chiricheș,21 Dragoș Grigore,3 Răzvan Raţ,22 Cristian Săpunaru,8 Mihai Pintilii,18 Andrei Prepeliță,7 Alexandru Chipciu,11 Gabriel Torje,19 Bogdan Stancu,13 Claudiu Keșerü,16 Steliano Filip,5 Ovidiu Hoban,14 Florin Andone,-,-,1 Costel Pantilimon,23 Silviu Lung Jr.,4 Cosmin Moți,15 Valerică Găman,2 Alexandru Mățel,17 Lucian Sânmărtean,10 Nicolae Stanciu,20 Adrian Popa,9 Denis Alibec,-,-,-,-,-,-,Euros 2016,Euros,"Jun 15, 2016",Romania vs Switzerland
68,Switzerland,1 Yann Sommer,20 Johan Djourou,22 Fabian Schär,13 Ricardo Rodríguez,2 Stephan Lichtsteiner,10 Granit Xhaka,11 Valon Behrami,15 Blerim Dzemaili,18 Admir Mehmedi,23 Xherdan Shaqiri,9 Haris Seferovic,6 Michael Lang,17 Shani Tarashaj,7 Breel Embolo,-,-,12 Marwin Hitz,21 Roman Bürki,4 Nico Elvedi,5 Steve von Bergen,3 François Moubandje,8 Fabian Frei,14 Denis Zakaria,16 Gelson Fernandes,19 Eren Derdiyok,-,-,-,-,-,-,Euros 2016,Euros,"Jun 15, 2016",Romania vs Switzerland
69,France,1 Hugo Lloris,4 Adil Rami,21 Laurent Koscielny,3 Patrice Evra,19 Bacary Sagna,5 N'Golo Kanté,14 Blaise Matuidi,8 Dimitri Payet,11 Anthony Martial,20 Kingsley Coman,9 Olivier Giroud,15 Paul Pogba,7 Antoine Griezmann,10 André-Pierre Gignac,-,-,16 Steve Mandanda,23 Benoît Costil,13 Eliaquim Mangala,22 Samuel Umtiti,17 Lucas Digne,2 Christophe Jallet,12 Morgan Schneiderlin,6 Yohan Cabaye,18 Moussa Sissoko,-,-,-,-,-,-,Euros 2016,Euros,"Jun 15, 2016",France vs Albania
69,Albania,1 Etrit Berisha,15 Mergim Mavraj,18 Arlind Ajeti,7 Ansi Agolli,4 Elseid Hysaj,13 Burim Kukeli,22 Amir Abrashi,9 Ledian Memushaj,2 Andi Lila,3 Ermir Lenjani,10 Armando Sadiku,6 Frédéric Veseli,14 Taulant Xhaka,21 Odise Roshi,-,-,12 Orges Shehi,23 Alban Hoxha,17 Naser Aliji,8 Migjen Basha,20 Ergys Kaçe,11 Shkëlzen Gashi,16 Sokol Cikalleshi,19 Bekim Balaj,-,-,-,-,-,-,-,Euros 2016,Euros,"Jun 15, 2016",France vs Albania
70,Switzerland,1 Yann Sommer,20 Johan Djourou,22 Fabian Schär,13 Ricardo Rodríguez,2 Stephan Lichtsteiner,11 Valon Behrami,10 Granit Xhaka,15 Blerim Dzemaili,18 Admir Mehmedi,23 Xherdan Shaqiri,7 Breel Embolo,6 Michael Lang,16 Gelson Fernandes,9 Haris Seferovic,-,-,12 Marwin Hitz,21 Roman Bürki,4 Nico Elvedi,5 Steve von Bergen,3 François Moubandje,8 Fabian Frei,14 Denis Zakaria,17 Shani Tarashaj,19 Eren Derdiyok,-,-,-,-,-,-,Euros 2016,Euros,"Jun 19, 2016",Switzerland vs France
70,France,1 Hugo Lloris,4 Adil Rami,21 Laurent Koscielny,3 Patrice Evra,19 Bacary Sagna,6 Yohan Cabaye,15 Paul Pogba,18 Moussa Sissoko,20 Kingsley Coman,7 Antoine Griezmann,10 André-Pierre Gignac,14 Blaise Matuidi,12 Dimitri Payet,-,-,-,16 Steve Mandanda,23 Benoît Costil,13 Eliaquim Mangala,22 Samuel Umtiti,17 Lucas Digne,2 Christophe Jallet,5 N'Golo Kanté,12 Morgan Schneiderlin,9 Olivier Giroud,11 Anthony Martial,-,-,-,-,-,Euros 2016,Euros,"Jun 19, 2016",Switzerland vs France
71,Romania,12 Ciprian Tătărușanu,6 Vlad Chiricheș,21 Dragoș Grigore,2 Alexandru Mățel,22 Cristian Săpunaru,5 Ovidiu Hoban,18 Andrei Prepeliță,10 Nicolae Stanciu,19 Bogdan Stancu,20 Adrian Popa,9 Denis Alibec,17 Lucian Sânmărtean,11 Gabriel Torje,14 Florin Andone,-,-,1 Costel Pantilimon,23 Silviu Lung Jr.,4 Cosmin Moți,15 Valerică Găman,3 Răzvan Raţ,16 Steliano Filip,8 Mihai Pintilii,7 Alexandru Chipciu,13 Claudiu Keșerü,-,-,-,-,-,-,Euros 2016,Euros,"Jun 19, 2016",Romania vs Albania
71,Albania,1 Etrit Berisha,15 Mergim Mavraj,18 Arlind Ajeti,7 Ansi Agolli,4 Elseid Hysaj,8 Migjen Basha,22 Amir Abrashi,9 Ledian Memushaj,2 Andi Lila,3 Ermir Lenjani,10 Armando Sadiku,5 Lorik Cana,21 Odise Roshi,19 Bekim Balaj,-,-,12 Orges Shehi,23 Alban Hoxha,17 Naser Aliji,6 Frédéric Veseli,14 Taulant Xhaka,20 Ergys Kaçe,11 Shkëlzen Gashi,16 Sokol Cikalleshi,-,-,-,-,-,-,-,Euros 2016,Euros,"Jun 19, 2016",Romania vs Albania
72,Wales,21 Danny Ward,5 James Chester,6 Ashley Williams,4 Ben Davies,3 Neil Taylor,2 Chris Gunter,7 Joe Allen,14 David Edwards,20 Jonathan Williams,10 Aaron Ramsey,11 Gareth Bale,15 Jazz Richards,16 Joe Ledley,9 Hal Robson-Kanu,-,-,1 Wayne Hennessey,12 Owain Fôn Williams,19 James Collins,22 David Vaughan,8 Andy King,13 George Williams,17 David Cotterill,18 Sam Vokes,23 Simon Church,-,-,-,-,-,-,Euros 2016,Euros,"Jun 11, 2016",Wales vs Slovakia
72,Slovakia,23 Matus Kozacik,4 Jan Durica,3 Martin Skrtel,18 Dusan Svento,2 Peter Pekarík,13 Patrik Hrosovsky,17 Marek Hamsik,19 Juraj Kucka,7 Vladimír Weiss,20 Róbert Mak,21 Michal Duris,8 Ondrej Duda,10 Miroslav Stoch,11 Adam Nemec,-,-,1 Jan Mucha,12 Ján Novota,5 Norbert Gyömbér,14 Milan Skriniar,15 Tomas Hubocan,16 Kornél Saláta,22 Viktor Pecovsky,6 Ján Greguš,9 Stanislav Sestak,-,-,-,-,-,-,Euros 2016,Euros,"Jun 11, 2016",Wales vs Slovakia
73,England,1 Joe Hart,5 Gary Cahill,6 Chris Smalling,3 Danny Rose,2 Kyle Walker,17 Eric Dier,20 Dele Alli,10 Wayne Rooney,7 Raheem Sterling,8 Adam Lallana,9 Harry Kane,18 Jack Wilshere,4 James Milner,-,-,-,13 Fraser Forster,23 Tom Heaton,16 John Stones,21 Ryan Bertrand,12 Nathaniel Clyne,14 Jordan Henderson,19 Ross Barkley,22 Marcus Rashford,15 Daniel Sturridge,11 Jamie Vardy,-,-,-,-,-,Euros 2016,Euros,"Jun 11, 2016",England vs Russia
73,Russia,1 Igor Akinfeev,4 Sergey Ignashevich,14 Vasiliy Berezutskiy,21 Georgiy Shchennikov,3 Igor Smolnikov,5 Roman Neustädter,13 Aleksandr Golovin,17 Oleg Shatov,10 Fedor Smolov,9 Aleksandr Kokorin,22 Artem Dzyuba,8 Denis Glushakov,11 Pavel Mamaev,15 Roman Shirokov,-,-,12 Yuriy Lodygin,16 Guilherme,6 Aleksey Berezutskiy,23 Dmitriy Kombarov,2 Roman Shishkin,20 Dmitriy Torbinskiy,7 Artur Yusupov,18 Oleg Ivanov,19 Aleksandr Samedov,-,-,-,-,-,-,Euros 2016,Euros,"Jun 11, 2016",England vs Russia
74,Russia,1 Igor Akinfeev,4 Sergey Ignashevich,14 Vasiliy Berezutskiy,21 Georgiy Shchennikov,3 Igor Smolnikov,5 Roman Neustädter,13 Aleksandr Golovin,17 Oleg Shatov,10 Fedor Smolov,9 Aleksandr Kokorin,22 Artem Dzyuba,8 Denis Glushakov,11 Pavel Mamaev,15 Roman Shirokov,-,-,12 Yuriy Lodygin,16 Guilherme,6 Aleksey Berezutskiy,23 Dmitriy Kombarov,2 Roman Shishkin,20 Dmitriy Torbinskiy,7 Artur Yusupov,18 Oleg Ivanov,19 Aleksandr Samedov,-,-,-,-,-,-,Euros 2016,Euros,"Jun 15, 2016",Russia vs Slovakia
74,Slovakia,23 Matus Kozacik,4 Jan Durica,3 Martin Skrtel,15 Tomas Hubocan,2 Peter Pekarík,22 Viktor Pecovsky,17 Marek Hamsik,19 Juraj Kucka,7 Vladimír Weiss,20 Róbert Mak,8 Ondrej Duda,18 Dusan Svento,11 Adam Nemec,21 Michal Duris,-,-,1 Jan Mucha,12 Ján Novota,5 Norbert Gyömbér,14 Milan Skriniar,16 Kornél Saláta,6 Ján Greguš,13 Patrik Hrosovsky,10 Miroslav Stoch,9 Stanislav Sestak,-,-,-,-,-,-,Euros 2016,Euros,"Jun 15, 2016",Russia vs Slovakia
75,England,1 Joe Hart,5 Gary Cahill,6 Chris Smalling,3 Danny Rose,2 Kyle Walker,17 Eric Dier,20 Dele Alli,10 Wayne Rooney,7 Raheem Sterling,8 Adam Lallana,9 Harry Kane,22 Marcus Rashford,15 Daniel Sturridge,11 Jamie Vardy,-,-,13 Fraser Forster,23 Tom Heaton,16 John Stones,21 Ryan Bertrand,12 Nathaniel Clyne,18 Jack Wilshere,4 James Milner,14 Jordan Henderson,19 Ross Barkley,-,-,-,-,-,-,Euros 2016,Euros,"Jun 16, 2016",England vs Wales
75,Wales,1 Wayne Hennessey,5 James Chester,6 Ashley Williams,4 Ben Davies,3 Neil Taylor,2 Chris Gunter,16 Joe Ledley,7 Joe Allen,10 Aaron Ramsey,11 Gareth Bale,9 Hal Robson-Kanu,14 David Edwards,20 Jonathan Williams,-,-,-,12 Owain Fôn Williams,21 Danny Ward,19 James Collins,15 Jazz Richards,22 David Vaughan,8 Andy King,13 George Williams,17 David Cotterill,18 Sam Vokes,23 Simon Church,-,-,-,-,-,Euros 2016,Euros,"Jun 16, 2016",England vs Wales
76,Slovakia,23 Matus Kozacik,4 Jan Durica,3 Martin Skrtel,15 Tomas Hubocan,2 Peter Pekarík,22 Viktor Pecovsky,17 Marek Hamsik,19 Juraj Kucka,7 Vladimír Weiss,20 Róbert Mak,8 Ondrej Duda,5 Norbert Gyömbér,14 Milan Skriniar,18 Dusan Svento,-,-,1 Jan Mucha,12 Ján Novota,16 Kornél Saláta,6 Ján Greguš,13 Patrik Hrosovsky,10 Miroslav Stoch,11 Adam Nemec,9 Stanislav Sestak,21 Michal Duris,-,-,-,-,-,-,Euros 2016,Euros,"Jun 20, 2016",Slovakia vs England
76,England,1 Joe Hart,5 Gary Cahill,6 Chris Smalling,21 Ryan Bertrand,12 Nathaniel Clyne,17 Eric Dier,18 Jack Wilshere,14 Jordan Henderson,8 Adam Lallana,15 Daniel Sturridge,11 Jamie Vardy,20 Dele Alli,9 Harry Kane,10 Wayne Rooney,-,-,13 Fraser Forster,23 Tom Heaton,16 John Stones,3 Danny Rose,2 Kyle Walker,4 James Milner,19 Ross Barkley,7 Raheem Sterling,22 Marcus Rashford,-,-,-,-,-,-,Euros 2016,Euros,"Jun 20, 2016",Slovakia vs England
77,Russia,1 Igor Akinfeev,4 Sergey Ignashevich,14 Vasiliy Berezutskiy,23 Dmitriy Kombarov,3 Igor Smolnikov,8 Denis Glushakov,11 Pavel Mamaev,15 Roman Shirokov,10 Fedor Smolov,9 Aleksandr Kokorin,22 Artem Dzyuba,6 Aleksey Berezutskiy,13 Aleksandr Golovin,19 Aleksandr Samedov,-,-,12 Yuriy Lodygin,16 Guilherme,5 Roman Neustädter,21 Georgiy Shchennikov,2 Roman Shishkin,20 Dmitriy Torbinskiy,7 Artur Yusupov,17 Oleg Shatov,18 Oleg Ivanov,-,-,-,-,-,-,Euros 2016,Euros,"Jun 20, 2016",Russia vs Wales
77,Wales,1 Wayne Hennessey,5 James Chester,6 Ashley Williams,4 Ben Davies,3 Neil Taylor,2 Chris Gunter,16 Joe Ledley,7 Joe Allen,10 Aaron Ramsey,11 Gareth Bale,18 Sam Vokes,8 Andy King,14 David Edwards,23 Simon Church,-,-,12 Owain Fôn Williams,21 Danny Ward,19 James Collins,15 Jazz Richards,22 David Vaughan,20 Jonathan Williams,13 George Williams,17 David Cotterill,9 Hal Robson-Kanu,-,-,-,-,-,-,Euros 2016,Euros,"Jun 20, 2016",Russia vs Wales
78,Poland,1 Wojciech Szczęsny,2 Michal Pazdan,15 Kamil Glik,3 Artur Jedrzejczyk,20 Lukasz Piszczek,10 Grzegorz Krychowiak,5 Krzysztof Maczynski,16 Jakub Blaszczykowski,21 Bartosz Kapustka,7 Arkadiusz Milik,9 Robert Lewandowski,6 Tomasz Jodlowiec,11 Kamil Grosicki,17 Slawomir Peszko,-,-,12 Artur Boruc,22 Lukasz Fabianski,4 Thiago Cionek,18 Bartosz Salamon,14 Jakub Wawrzyniak,19 Piotr Zieliński,8 Karol Linetty,23 Filip Starzynski,13 Mariusz Stepinski,-,-,-,-,-,-,Euros 2016,Euros,"Jun 12, 2016",Poland vs N. Ireland
78,N. Ireland,1 Michael McGovern,5 Jonny Evans,4 Gareth McAuley,20 Craig Cathcart,3 Shane Ferguson,2 Conor McLaughlin,6 Chris Baird,17 Paddy McNair,16 Oliver Norwood,8 Steven Davis,10 Kyle Lafferty,14 Stuart Dallas,19 Jamie Ward,11 Conor Washington,-,-,12 Roy Carroll,23 Alan Mannus,15 Luke McCullough,18 Aaron Hughes,22 Lee Hodson,13 Corry Evans,7 Niall McGinn,9 Will Grigg,21 Josh Magennis,-,-,-,-,-,-,Euros 2016,Euros,"Jun 12, 2016",Poland vs N. Ireland
79,Germany,1 Manuel Neuer,2 Shkodran Mustafi,17 Jérôme Boateng,3 Jonas Hector,4 Benedikt Höwedes,18 Toni Kroos,6 Sami Khedira,8 Mesut Özil,11 Julian Draxler,13 Thomas Müller,19 Mario Götze,7 Bastian Schweinsteiger,9 André Schürrle,-,-,-,12 Bernd Leno,22 Marc-André ter Stegen,5 Mats Hummels,16 Jonathan Tah,21 Joshua Kimmich,14 Emre Can,15 Julian Weigl,10 Lukas Podolski,20 Leroy Sané,23 Mario Gómez,-,-,-,-,-,Euros 2016,Euros,"Jun 12, 2016",Germany vs Ukraine
79,Ukraine,12 Andriy Pyatov,20 Yaroslav Rakitskyi,3 Yevgen Khacheridi,13 Vyacheslav Shevchuk,17 Artem Fedetskyi,6 Taras Stepanenko,16 Sergiy Sydorchuk,9 Viktor Kovalenko,10 Yevgen Konoplyanka,7 Andriy Yarmolenko,8 Roman Zozulya,21 Oleksandr Zinchenko,11 Yevgen Seleznyov,-,-,-,1 Denys Boyko,23 Mykyta Shevchenko,5 Oleksandr Kucher,2 Bogdan Butko,22 Oleksandr Karavaev,4 Anatoliy Tymoshchuk,18 Sergiy Rybalka,14 Ruslan Rotan,19 Denys Garmash,15 Pylyp Budkivskyi,-,-,-,-,-,Euros 2016,Euros,"Jun 12, 2016",Germany vs Ukraine
80,Ukraine,12 Andriy Pyatov,20 Yaroslav Rakitskyi,3 Yevgen Khacheridi,13 Vyacheslav Shevchuk,17 Artem Fedetskyi,6 Taras Stepanenko,16 Sergiy Sydorchuk,9 Viktor Kovalenko,10 Yevgen Konoplyanka,7 Andriy Yarmolenko,11 Yevgen Seleznyov,21 Oleksandr Zinchenko,19 Denys Garmash,8 Roman Zozulya,-,-,1 Denys Boyko,23 Mykyta Shevchenko,5 Oleksandr Kucher,2 Bogdan Butko,22 Oleksandr Karavaev,4 Anatoliy Tymoshchuk,18 Sergiy Rybalka,14 Ruslan Rotan,15 Pylyp Budkivskyi,-,-,-,-,-,-,Euros 2016,Euros,"Jun 16, 2016",Ukraine vs N. Ireland
80,N. Ireland,1 Michael McGovern,4 Gareth McAuley,20 Craig Cathcart,5 Jonny Evans,18 Aaron Hughes,16 Oliver Norwood,8 Steven Davis,13 Corry Evans,14 Stuart Dallas,19 Jamie Ward,11 Conor Washington,17 Paddy McNair,7 Niall McGinn,21 Josh Magennis,-,-,12 Roy Carroll,23 Alan Mannus,15 Luke McCullough,2 Conor McLaughlin,22 Lee Hodson,6 Chris Baird,3 Shane Ferguson,9 Will Grigg,10 Kyle Lafferty,-,-,-,-,-,-,Euros 2016,Euros,"Jun 16, 2016",Ukraine vs N. Ireland
81,Germany,1 Manuel Neuer,5 Mats Hummels,17 Jérôme Boateng,3 Jonas Hector,4 Benedikt Höwedes,6 Sami Khedira,18 Toni Kroos,8 Mesut Özil,11 Julian Draxler,13 Thomas Müller,19 Mario Götze,9 André Schürrle,23 Mario Gómez,-,-,-,12 Bernd Leno,22 Marc-André ter Stegen,2 Shkodran Mustafi,16 Jonathan Tah,21 Joshua Kimmich,14 Emre Can,15 Julian Weigl,7 Bastian Schweinsteiger,10 Lukas Podolski,20 Leroy Sané,-,-,-,-,-,Euros 2016,Euros,"Jun 16, 2016",Germany vs Poland
81,Poland,22 Lukasz Fabianski,2 Michal Pazdan,15 Kamil Glik,3 Artur Jedrzejczyk,20 Lukasz Piszczek,10 Grzegorz Krychowiak,5 Krzysztof Maczynski,11 Kamil Grosicki,16 Jakub Blaszczykowski,7 Arkadiusz Milik,9 Robert Lewandowski,6 Tomasz Jodlowiec,21 Bartosz Kapustka,17 Slawomir Peszko,-,-,1 Wojciech Szczęsny,12 Artur Boruc,4 Thiago Cionek,18 Bartosz Salamon,14 Jakub Wawrzyniak,19 Piotr Zieliński,8 Karol Linetty,23 Filip Starzynski,13 Mariusz Stepinski,-,-,-,-,-,-,Euros 2016,Euros,"Jun 16, 2016",Germany vs Poland
82,Ukraine,12 Andriy Pyatov,3 Yevgen Khacheridi,5 Oleksandr Kucher,2 Bogdan Butko,17 Artem Fedetskyi,6 Taras Stepanenko,14 Ruslan Rotan,21 Oleksandr Zinchenko,10 Yevgen Konoplyanka,7 Andriy Yarmolenko,8 Roman Zozulya,4 Anatoliy Tymoshchuk,9 Viktor Kovalenko,-,-,-,1 Denys Boyko,23 Mykyta Shevchenko,20 Yaroslav Rakitskyi,13 Vyacheslav Shevchuk,22 Oleksandr Karavaev,16 Sergiy Sydorchuk,18 Sergiy Rybalka,19 Denys Garmash,11 Yevgen Seleznyov,15 Pylyp Budkivskyi,-,-,-,-,-,Euros 2016,Euros,"Jun 21, 2016",Ukraine vs Poland
82,Poland,22 Lukasz Fabianski,2 Michal Pazdan,15 Kamil Glik,3 Artur Jedrzejczyk,4 Thiago Cionek,6 Tomasz Jodlowiec,10 Grzegorz Krychowiak,19 Piotr Zieliński,21 Bartosz Kapustka,7 Arkadiusz Milik,9 Robert Lewandowski,23 Filip Starzynski,11 Kamil Grosicki,16 Jakub Blaszczykowski,-,-,1 Wojciech Szczęsny,12 Artur Boruc,18 Bartosz Salamon,14 Jakub Wawrzyniak,20 Lukasz Piszczek,5 Krzysztof Maczynski,8 Karol Linetty,17 Slawomir Peszko,13 Mariusz Stepinski,-,-,-,-,-,-,Euros 2016,Euros,"Jun 21, 2016",Ukraine vs Poland
83,N. Ireland,1 Michael McGovern,4 Gareth McAuley,20 Craig Cathcart,5 Jonny Evans,18 Aaron Hughes,16 Oliver Norwood,8 Steven Davis,13 Corry Evans,14 Stuart Dallas,19 Jamie Ward,11 Conor Washington,7 Niall McGinn,10 Kyle Lafferty,21 Josh Magennis,-,-,12 Roy Carroll,23 Alan Mannus,15 Luke McCullough,17 Paddy McNair,2 Conor McLaughlin,22 Lee Hodson,6 Chris Baird,3 Shane Ferguson,9 Will Grigg,-,-,-,-,-,-,Euros 2016,Euros,"Jun 21, 2016",N. Ireland vs Germany
83,Germany,1 Manuel Neuer,5 Mats Hummels,17 Jérôme Boateng,3 Jonas Hector,21 Joshua Kimmich,6 Sami Khedira,18 Toni Kroos,8 Mesut Özil,19 Mario Götze,13 Thomas Müller,23 Mario Gómez,4 Benedikt Höwedes,7 Bastian Schweinsteiger,9 André Schürrle,-,-,12 Bernd Leno,22 Marc-André ter Stegen,2 Shkodran Mustafi,16 Jonathan Tah,14 Emre Can,15 Julian Weigl,10 Lukas Podolski,11 Julian Draxler,20 Leroy Sané,-,-,-,-,-,-,Euros 2016,Euros,"Jun 21, 2016",N. Ireland vs Germany
84,Türkiye,1 Volkan Babacan,3 Hakan Balta,15 Mehmet Topal,18 Caner Erkin,7 Gökhan Gönül,8 Selçuk İnan,16 Ozan Tufan,14 Oğuzhan Özyakup,10 Arda Turan,6 Hakan Çalhanoğlu,9 Cenk Tosun,20 Volkan Şen,21 Emre Mor,17 Burak Yılmaz,-,-,12 Onur Kıvrak,23 Harun Tekin,2 Semih Kaya,4 Ahmet Çalık,13 İsmail Köybaşı,22 Şener Özbayraklı,5 Nuri Şahin,11 Olcay Şahan,19 Yunus Mallı,-,-,-,-,-,-,Euros 2016,Euros,"Jun 12, 2016",Türkiye vs Croatia
84,Croatia,23 Danijel Subasic,5 Vedran Corluka,21 Domagoj Vida,3 Ivan Strinic,11 Darijo Srna,19 Milan Badelj,10 Luka Modric,14 Marcelo Brozovic,7 Ivan Rakitic,4 Ivan Perisic,17 Mario Mandžukić,13 Gordon Schildenfeld,20 Marko Pjaca,9 Andrej Kramaric,-,-,12 Lovre Kalinic,1 Ivan Vargic,6 Tin Jedvaj,2 Sime Vrsaljko,8 Mateo Kovacic,15 Marko Rog,18 Ante Coric,16 Nikola Kalinic,-,-,-,-,-,-,-,Euros 2016,Euros,"Jun 12, 2016",Türkiye vs Croatia
85,Spain,13 David de Gea,3 Gerard Piqué,15 Sergio Ramos,18 Jordi Alba,16 Juanfran Torres,5 Sergio Busquets,6 Andrés Iniesta,10 Cesc Fàbregas,22 Nolito,21 David Silva,7 Álvaro Morata,14 Thiago,11 Pedro,20 Aritz Aduriz,-,-,1 Iker Casillas,23 Sergio Rico,4 Marc Bartra,2 César Azpilicueta,9 Lucas Vázquez,12 Héctor Bellerín,19 Bruno Soriano,17 Mikel San José,8 Koke,-,-,-,-,-,-,Euros 2016,Euros,"Jun 13, 2016",Spain vs Czechia
85,Czechia,1 Petr Cech,5 Roman Hubnik,6 Tomas Sivok,8 David Limbersky,2 Pavel Kaderabek,13 Jaroslav Plasil,22 Vladimír Darida,4 Theodor Gebre Selassie,10 Tomas Rosicky,19 Ladislav Krejci,7 Tomas Necid,12 David Pavelka,18 Josef Sural,21 David Lafata,-,-,16 Tomas Vaclik,23 Tomas Koubek,3 Michal Kadlec,11 Daniel Pudil,9 Borek Dockal,14 Daniel Kolar,20 Jiri Skalak,15 Milan Skoda,-,-,-,-,-,-,-,Euros 2016,Euros,"Jun 13, 2016",Spain vs Czechia
86,Czechia,1 Petr Cech,5 Roman Hubnik,6 Tomas Sivok,8 David Limbersky,2 Pavel Kaderabek,13 Jaroslav Plasil,22 Vladimír Darida,10 Tomas Rosicky,19 Ladislav Krejci,20 Jiri Skalak,21 David Lafata,7 Tomas Necid,12 Milan Skoda,18 Josef Sural,-,-,16 Tomas Vaclik,23 Tomas Koubek,3 Michal Kadlec,17 Marek Suchy,11 Daniel Pudil,4 Theodor Gebre Selassie,15 David Pavelka,9 Borek Dockal,14 Daniel Kolar,-,-,-,-,-,-,Euros 2016,Euros,"Jun 17, 2016",Czechia vs Croatia
86,Croatia,23 Danijel Subasic,5 Vedran Corluka,21 Domagoj Vida,3 Ivan Strinic,11 Darijo Srna,19 Milan Badelj,10 Luka Modric,14 Marcelo Brozovic,7 Ivan Rakitic,4 Ivan Perisic,17 Mario Mandžukić,13 Gordon Schildenfeld,2 Sime Vrsaljko,8 Mateo Kovacic,-,-,12 Lovre Kalinic,1 Ivan Vargic,6 Tin Jedvaj,15 Marko Rog,18 Ante Coric,20 Marko Pjaca,16 Nikola Kalinic,9 Andrej Kramaric,22 Duje Cop,-,-,-,-,-,-,Euros 2016,Euros,"Jun 17, 2016",Czechia vs Croatia
87,Spain,13 David de Gea,3 Gerard Piqué,15 Sergio Ramos,18 Jordi Alba,16 Juanfran Torres,5 Sergio Busquets,6 Andrés Iniesta,10 Cesc Fàbregas,22 Nolito,21 David Silva,7 Álvaro Morata,2 César Azpilicueta,19 Bruno Soriano,8 Koke,-,-,1 Iker Casillas,23 Sergio Rico,4 Marc Bartra,9 Lucas Vázquez,12 Héctor Bellerín,17 Mikel San José,14 Thiago,11 Pedro,20 Aritz Aduriz,-,-,-,-,-,-,Euros 2016,Euros,"Jun 17, 2016",Spain vs Türkiye
87,Türkiye,1 Volkan Babacan,3 Hakan Balta,15 Mehmet Topal,18 Caner Erkin,7 Gökhan Gönül,8 Selçuk İnan,16 Ozan Tufan,14 Oğuzhan Özyakup,10 Arda Turan,6 Hakan Çalhanoğlu,17 Burak Yılmaz,5 Nuri Şahin,11 Olcay Şahan,19 Yunus Mallı,-,-,12 Onur Kıvrak,23 Harun Tekin,2 Semih Kaya,4 Ahmet Çalık,13 İsmail Köybaşı,22 Şener Özbayraklı,20 Volkan Şen,21 Emre Mor,9 Cenk Tosun,-,-,-,-,-,-,Euros 2016,Euros,"Jun 17, 2016",Spain vs Türkiye
88,Czechia,1 Petr Cech,5 Roman Hubnik,6 Tomas Sivok,11 Daniel Pudil,2 Pavel Kaderabek,15 David Pavelka,13 Jaroslav Plasil,22 Vladimír Darida,19 Ladislav Krejci,9 Borek Dockal,7 Tomas Necid,14 Daniel Kolar,12 Milan Skoda,18 Josef Sural,-,-,16 Tomas Vaclik,23 Tomas Koubek,3 Michal Kadlec,17 Marek Suchy,8 David Limbersky,4 Theodor Gebre Selassie,10 Tomas Rosicky,20 Jiri Skalak,21 David Lafata,-,-,-,-,-,-,Euros 2016,Euros,"Jun 21, 2016",Czechia vs Türkiye
88,Türkiye,1 Volkan Babacan,3 Hakan Balta,15 Mehmet Topal,13 İsmail Köybaşı,7 Gökhan Gönül,8 Selçuk İnan,16 Ozan Tufan,10 Arda Turan,20 Volkan Şen,21 Emre Mor,17 Burak Yılmaz,11 Olcay Şahan,14 Oğuzhan Özyakup,9 Cenk Tosun,-,-,12 Onur Kıvrak,23 Harun Tekin,2 Semih Kaya,4 Ahmet Çalık,18 Caner Erkin,22 Şener Özbayraklı,5 Nuri Şahin,6 Hakan Çalhanoğlu,19 Yunus Mallı,-,-,-,-,-,-,Euros 2016,Euros,"Jun 21, 2016",Czechia vs Türkiye
89,Croatia,23 Danijel Subasic,5 Vedran Corluka,6 Tin Jedvaj,2 Sime Vrsaljko,11 Darijo Srna,19 Milan Badelj,15 Marko Rog,7 Ivan Rakitic,4 Ivan Perisic,20 Marko Pjaca,16 Nikola Kalinic,8 Mateo Kovacic,9 Andrej Kramaric,22 Duje Cop,-,-,12 Lovre Kalinic,1 Ivan Vargic,13 Gordon Schildenfeld,21 Domagoj Vida,3 Ivan Strinic,14 Marcelo Brozovic,10 Luka Modric,18 Ante Coric,17 Mario Mandžukić,-,-,-,-,-,-,Euros 2016,Euros,"Jun 21, 2016",Croatia vs Spain
89,Spain,13 David de Gea,3 Gerard Piqué,15 Sergio Ramos,18 Jordi Alba,16 Juanfran Torres,5 Sergio Busquets,6 Andrés Iniesta,10 Cesc Fàbregas,22 Nolito,21 David Silva,7 Álvaro Morata,19 Bruno Soriano,14 Thiago,20 Aritz Aduriz,-,-,1 Iker Casillas,23 Sergio Rico,4 Marc Bartra,2 César Azpilicueta,9 Lucas Vázquez,12 Héctor Bellerín,17 Mikel San José,8 Koke,11 Pedro,-,-,-,-,-,-,Euros 2016,Euros,"Jun 21, 2016",Croatia vs Spain
90,Ireland,23 Darren Randolph,3 Ciaran Clark,4 John O'Shea,19 Robbie Brady,2 Seamus Coleman,6 Glenn Whelan,8 James McCarthy,13 Jeff Hendrick,20 Wes Hoolahan,14 Jonathan Walters,9 Shane Long,11 James McClean,7 Aiden McGeady,10 Robbie Keane,-,-,1 Keiren Westwood,16 Shay Given,5 Richard Keogh,12 Shane Duffy,17 Stephen Ward,15 Cyrus Christie,22 Stephen Quinn,18 David Meyler,21 Daryl Murphy,-,-,-,-,-,-,Euros 2016,Euros,"Jun 13, 2016",Ireland vs Sweden
90,Sweden,1 Andreas Isaksson,4 Andreas Granqvist,14 Victor Lindelöf,5 Martin Olsson,2 Mikael Lustig,18 Oscar Lewicki,9 Kim Källström,7 Sebastian Larsson,6 Emil Forsberg,10 Zlatan Ibrahimović,11 Marcus Berg,3 Erik Berg,8 Albin Ekdal,20 John Guidetti,-,-,12 Robin Olsen,23 Patrik Carlgren,13 Pontus Jansson,17 Ludwig Augustinsson,21 Jimmy Durmaz,15 Oscar Hiljemark,16 Pontus Wernbloom,22 Erkan Zengin,19 Emir Kujovic,-,-,-,-,-,-,Euros 2016,Euros,"Jun 13, 2016",Ireland vs Sweden
91,Belgium,1 Thibaut Courtois,3 Thomas Vermaelen,2 Toby Alderweireld,5 Jan Vertonghen,23 Laurent Ciman,6 Axel Witsel,4 Radja Nainggolan,8 Marouane Fellaini,10 Eden Hazard,7 Kevin De Bruyne,9 Romelu Lukaku,11 Yannick Carrasco,14 Dries Mertens,17 Divock Origi,-,-,12 Simon Mignolet,13 Jean-François Gillet,15 Jason Denayer,18 Christian Kabasele,21 Jordan Lukaku,16 Thomas Meunier,19 Mousa Dembélé,20 Christian Benteke,22 Michy Batshuayi,-,-,-,-,-,-,Euros 2016,Euros,"Jun 13, 2016",Belgium vs Italy
91,Italy,1 Gianluigi Buffon,19 Leonardo Bonucci,3 Giorgio Chiellini,15 Andrea Barzagli,16 Daniele De Rossi,18 Marco Parolo,23 Emanuele Giaccherini,4 Matteo Darmian,6 Antonio Candreva,9 Graziano Pellè,17 Éder,2 Mattia De Sciglio,10 Thiago Motta,11 Ciro Immobile,-,-,13 Federico Marchetti,12 Salvatore Sirigu,5 Angelo Ogbonna,8 Alessandro Florenzi,14 Stefano Sturaro,20 Lorenzo Insigne,22 Stephan El Shaarawy,21 Federico Bernardeschi,7 Simone Zaza,-,-,-,-,-,-,Euros 2016,Euros,"Jun 13, 2016",Belgium vs Italy
92,Italy,1 Gianluigi Buffon,19 Leonardo Bonucci,3 Giorgio Chiellini,15 Andrea Barzagli,16 Daniele De Rossi,18 Marco Parolo,23 Emanuele Giaccherini,6 Antonio Candreva,8 Alessandro Florenzi,9 Graziano Pellè,17 Éder,10 Thiago Motta,14 Stefano Sturaro,7 Simone Zaza,-,-,13 Federico Marchetti,12 Salvatore Sirigu,5 Angelo Ogbonna,2 Mattia De Sciglio,4 Matteo Darmian,20 Lorenzo Insigne,22 Stephan El Shaarawy,21 Federico Bernardeschi,11 Ciro Immobile,-,-,-,-,-,-,Euros 2016,Euros,"Jun 17, 2016",Italy vs Sweden
92,Sweden,1 Andreas Isaksson,3 Erik Berg,4 Andreas Granqvist,5 Martin Olsson,14 Victor Lindelöf,8 Albin Ekdal,9 Kim Källström,7 Sebastian Larsson,6 Emil Forsberg,10 Zlatan Ibrahimović,20 John Guidetti,18 Oscar Lewicki,21 Jimmy Durmaz,11 Marcus Berg,-,-,12 Robin Olsen,23 Patrik Carlgren,13 Pontus Jansson,17 Ludwig Augustinsson,2 Mikael Lustig,15 Oscar Hiljemark,16 Pontus Wernbloom,22 Erkan Zengin,19 Emir Kujovic,-,-,-,-,-,-,Euros 2016,Euros,"Jun 17, 2016",Italy vs Sweden
93,Belgium,1 Thibaut Courtois,3 Thomas Vermaelen,2 Toby Alderweireld,5 Jan Vertonghen,16 Thomas Meunier,6 Axel Witsel,19 Mousa Dembélé,7 Kevin De Bruyne,10 Eden Hazard,11 Yannick Carrasco,9 Romelu Lukaku,4 Radja Nainggolan,14 Dries Mertens,20 Christian Benteke,-,-,12 Simon Mignolet,13 Jean-François Gillet,15 Jason Denayer,18 Christian Kabasele,23 Laurent Ciman,21 Jordan Lukaku,8 Marouane Fellaini,17 Divock Origi,22 Michy Batshuayi,-,-,-,-,-,-,Euros 2016,Euros,"Jun 18, 2016",Belgium vs Ireland
93,Ireland,23 Darren Randolph,3 Ciaran Clark,4 John O'Shea,17 Stephen Ward,2 Seamus Coleman,6 Glenn Whelan,8 James McCarthy,13 Jeff Hendrick,19 Robbie Brady,20 Wes Hoolahan,9 Shane Long,11 James McClean,7 Aiden McGeady,10 Robbie Keane,-,-,1 Keiren Westwood,16 Shay Given,5 Richard Keogh,12 Shane Duffy,15 Cyrus Christie,22 Stephen Quinn,18 David Meyler,14 Jonathan Walters,21 Daryl Murphy,-,-,-,-,-,-,Euros 2016,Euros,"Jun 18, 2016",Belgium vs Ireland
94,Italy,12 Salvatore Sirigu,19 Leonardo Bonucci,5 Angelo Ogbonna,15 Andrea Barzagli,10 Thiago Motta,8 Alessandro Florenzi,14 Stefano Sturaro,21 Federico Bernardeschi,2 Mattia De Sciglio,7 Simone Zaza,11 Ciro Immobile,4 Matteo Darmian,20 Lorenzo Insigne,22 Stephan El Shaarawy,-,-,13 Federico Marchetti,1 Gianluigi Buffon,3 Giorgio Chiellini,16 Daniele De Rossi,18 Marco Parolo,6 Antonio Candreva,23 Emanuele Giaccherini,9 Graziano Pellè,17 Éder,-,-,-,-,-,-,Euros 2016,Euros,"Jun 22, 2016",Italy vs Ireland
94,Ireland,23 Darren Randolph,5 Richard Keogh,12 Shane Duffy,17 Stephen Ward,2 Seamus Coleman,8 James McCarthy,13 Jeff Hendrick,19 Robbie Brady,11 James McClean,9 Shane Long,21 Daryl Murphy,22 Stephen Quinn,20 Wes Hoolahan,7 Aiden McGeady,-,-,1 Keiren Westwood,16 Shay Given,3 Ciaran Clark,4 John O'Shea,15 Cyrus Christie,6 Glenn Whelan,18 David Meyler,14 Jonathan Walters,10 Robbie Keane,-,-,-,-,-,-,Euros 2016,Euros,"Jun 22, 2016",Italy vs Ireland
95,Sweden,1 Andreas Isaksson,3 Erik Berg,4 Andreas Granqvist,5 Martin Olsson,14 Victor Lindelöf,8 Albin Ekdal,9 Kim Källström,7 Sebastian Larsson,6 Emil Forsberg,10 Zlatan Ibrahimović,11 Marcus Berg,21 Jimmy Durmaz,22 Erkan Zengin,20 John Guidetti,-,-,12 Robin Olsen,23 Patrik Carlgren,13 Pontus Jansson,17 Ludwig Augustinsson,2 Mikael Lustig,18 Oscar Lewicki,15 Oscar Hiljemark,16 Pontus Wernbloom,19 Emir Kujovic,-,-,-,-,-,-,Euros 2016,Euros,"Jun 22, 2016",Sweden vs Belgium
95,Belgium,1 Thibaut Courtois,3 Thomas Vermaelen,2 Toby Alderweireld,5 Jan Vertonghen,16 Thomas Meunier,6 Axel Witsel,4 Radja Nainggolan,7 Kevin De Bruyne,10 Eden Hazard,11 Yannick Carrasco,9 Romelu Lukaku,14 Dries Mertens,17 Divock Origi,20 Christian Benteke,-,-,12 Simon Mignolet,13 Jean-François Gillet,15 Jason Denayer,18 Christian Kabasele,23 Laurent Ciman,21 Jordan Lukaku,19 Mousa Dembélé,8 Marouane Fellaini,22 Michy Batshuayi,-,-,-,-,-,-,Euros 2016,Euros,"Jun 22, 2016",Sweden vs Belgium
96,Austria,1 Robert Almer,4 Martin Hinteregger,3 Aleksandar Dragovic,5 Christian Fuchs,17 Florian Klein,14 Julian Baumgartlinger,8 David Alaba,10 Zlatko Junuzovic,7 Marko Arnautovic,11 Martin Harnik,21 Marc Janko,20 Marcel Sabitzer,18 Alessandro Schöpf,9 Rubin Okotie,-,-,23 Ramazan Özcan,12 Heinz Lindner,16 Kevin Wimmer,15 Sebastian Prödl,13 Markus Suttner,2 György Garics,6 Stefan Ilsanker,22 Jakob Jantscher,19 Lukas Hinterseer,-,-,-,-,-,-,Euros 2016,Euros,"Jun 14, 2016",Austria vs Hungary
96,Hungary,1 Gábor Király,2 Ádám Lang,20 Richárd Guzmics,4 Tamás Kádár,5 Attila Fiola,10 Zoltán Gera,8 Ádám Nagy,15 László Kleinheisler,11 Krisztián Németh,7 Balázs Dzsudzsák,9 Ádám Szalai,16 Ádám Pintér,18 Zoltán Stieber,19 Tamás Priskin,-,-,12 Dénes Dibusz,22 Péter Gulácsi,23 Roland Juhász,3 Mihály Korhut,14 Gergő Lovrencsics,21 Barnabás Bese,6 Ákos Elek,17 Nemanja Nikolics,13 Dániel Böde,-,-,-,-,-,-,Euros 2016,Euros,"Jun 14, 2016",Austria vs Hungary
97,Portugal,1 Rui Patrício,3 Pepe,6 Ricardo Carvalho,5 Raphaël Guerreiro,11 Vieirinha,13 Danilo Pereira,10 João Mário,15 André Gomes,8 João Moutinho,17 Nani,7 Cristiano Ronaldo,16 Renato Sanches,20 Ricardo Quaresma,9 Éder,-,-,12 Anthony Lopes,22 Eduardo,2 Bruno Alves,4 José Fonte,19 Eliseu,21 Cédric Soares,14 William Carvalho,23 Adrien Silva,18 Rafa,-,-,-,-,-,-,Euros 2016,Euros,"Jun 14, 2016",Portugal vs Iceland
97,Iceland,1 Hannes Thór Halldórsson,6 Ragnar Sigurdsson,14 Kári Árnason,23 Ari Freyr Skúlason,2 Birkir Már Saevarsson,17 Aron Gunnarsson,10 Gylfi Sigurdsson,8 Birkir Bjarnason,7 Jóhann Berg Gudmundsson,9 Kolbeinn Sigthórsson,15 Jón Dadi Bödvarsson,18 Elmar Bjarnason,11 Alfred Finnbogason,-,-,-,12 Ögmundur Kristinsson,13 Ingvar Jónsson,19 Hördur Magnússon,3 Haukur Heidar Hauksson,4 Hjörtur Hermannsson,5 Sverrir Ingi Ingason,20 Emil Hallfredsson,16 Rúnar Már Sigurjónsson,21 Arnór Ingvi Traustason,22 Eidur Gudjohnsen,-,-,-,-,-,Euros 2016,Euros,"Jun 14, 2016",Portugal vs Iceland
98,Iceland,1 Hannes Thór Halldórsson,6 Ragnar Sigurdsson,14 Kári Árnason,23 Ari Freyr Skúlason,2 Birkir Már Saevarsson,17 Aron Gunnarsson,10 Gylfi Sigurdsson,8 Birkir Bjarnason,7 Jóhann Berg Gudmundsson,9 Kolbeinn Sigthórsson,15 Jón Dadi Bödvarsson,20 Emil Hallfredsson,11 Alfred Finnbogason,22 Eidur Gudjohnsen,-,-,12 Ögmundur Kristinsson,13 Ingvar Jónsson,19 Hördur Magnússon,3 Haukur Heidar Hauksson,4 Hjörtur Hermannsson,5 Sverrir Ingi Ingason,16 Rúnar Már Sigurjónsson,18 Elmar Bjarnason,21 Arnór Ingvi Traustason,-,-,-,-,-,-,Euros 2016,Euros,"Jun 18, 2016",Iceland vs Hungary
98,Hungary,1 Gábor Király,20 Richárd Guzmics,23 Roland Juhász,4 Tamás Kádár,2 Ádám Lang,8 Ádám Nagy,10 Zoltán Gera,15 László Kleinheisler,18 Zoltán Stieber,7 Balázs Dzsudzsák,19 Tamás Priskin,17 Nemanja Nikolics,9 Ádám Szalai,13 Dániel Böde,-,-,12 Dénes Dibusz,22 Péter Gulácsi,16 Ádám Pintér,3 Mihály Korhut,5 Attila Fiola,14 Gergő Lovrencsics,21 Barnabás Bese,6 Ákos Elek,11 Krisztián Németh,-,-,-,-,-,-,Euros 2016,Euros,"Jun 18, 2016",Iceland vs Hungary
99,Portugal,1 Rui Patrício,3 Pepe,6 Ricardo Carvalho,5 Raphaël Guerreiro,11 Vieirinha,14 William Carvalho,20 Ricardo Quaresma,15 André Gomes,8 João Moutinho,17 Nani,7 Cristiano Ronaldo,10 João Mário,18 Rafa,9 Éder,-,-,12 Anthony Lopes,22 Eduardo,2 Bruno Alves,4 José Fonte,19 Eliseu,21 Cédric Soares,13 Danilo Pereira,16 Renato Sanches,23 Adrien Silva,-,-,-,-,-,-,Euros 2016,Euros,"Jun 18, 2016",Portugal vs Austria
99,Austria,1 Robert Almer,4 Martin Hinteregger,15 Sebastian Prödl,5 Christian Fuchs,17 Florian Klein,6 Stefan Ilsanker,14 Julian Baumgartlinger,8 David Alaba,7 Marko Arnautovic,20 Marcel Sabitzer,11 Martin Harnik,16 Kevin Wimmer,18 Alessandro Schöpf,19 Lukas Hinterseer,-,-,23 Ramazan Özcan,12 Heinz Lindner,13 Markus Suttner,2 György Garics,22 Jakob Jantscher,21 Marc Janko,9 Rubin Okotie,-,-,-,-,-,-,-,-,Euros 2016,Euros,"Jun 18, 2016",Portugal vs Austria
100,Hungary,1 Gábor Király,20 Richárd Guzmics,23 Roland Juhász,3 Mihály Korhut,2 Ádám Lang,10 Zoltán Gera,6 Ákos Elek,16 Ádám Pintér,7 Balázs Dzsudzsák,14 Gergő Lovrencsics,9 Ádám Szalai,21 Barnabás Bese,18 Zoltán Stieber,11 Krisztián Németh,-,-,12 Dénes Dibusz,22 Péter Gulácsi,4 Tamás Kádár,5 Attila Fiola,8 Ádám Nagy,15 László Kleinheisler,17 Nemanja Nikolics,13 Dániel Böde,19 Tamás Priskin,-,-,-,-,-,-,Euros 2016,Euros,"Jun 22, 2016",Hungary vs Portugal
100,Portugal,1 Rui Patrício,3 Pepe,6 Ricardo Carvalho,19 Eliseu,11 Vieirinha,14 William Carvalho,10 João Mário,15 André Gomes,8 João Moutinho,17 Nani,7 Cristiano Ronaldo,13 Danilo Pereira,16 Renato Sanches,20 Ricardo Quaresma,-,-,12 Anthony Lopes,22 Eduardo,2 Bruno Alves,4 José Fonte,5 Raphaël Guerreiro,21 Cédric Soares,23 Adrien Silva,18 Rafa,9 Éder,-,-,-,-,-,-,Euros 2016,Euros,"Jun 22, 2016",Hungary vs Portugal
101,Iceland,1 Hannes Thór Halldórsson,6 Ragnar Sigurdsson,14 Kári Árnason,23 Ari Freyr Skúlason,2 Birkir Már Saevarsson,17 Aron Gunnarsson,10 Gylfi Sigurdsson,8 Birkir Bjarnason,7 Jóhann Berg Gudmundsson,15 Jón Dadi Bödvarsson,9 Kolbeinn Sigthórsson,5 Sverrir Ingi Ingason,18 Elmar Bjarnason,21 Arnór Ingvi Traustason,-,-,12 Ögmundur Kristinsson,13 Ingvar Jónsson,19 Hördur Magnússon,3 Haukur Heidar Hauksson,4 Hjörtur Hermannsson,20 Emil Hallfredsson,16 Rúnar Már Sigurjónsson,22 Eidur Gudjohnsen,-,-,-,-,-,-,-,Euros 2016,Euros,"Jun 22, 2016",Iceland vs Austria
101,Austria,1 Robert Almer,4 Martin Hinteregger,3 Aleksandar Dragovic,15 Sebastian Prödl,6 Stefan Ilsanker,14 Julian Baumgartlinger,17 Florian Klein,5 Christian Fuchs,8 David Alaba,20 Marcel Sabitzer,7 Marko Arnautovic,18 Alessandro Schöpf,22 Jakob Jantscher,21 Marc Janko,-,-,23 Ramazan Özcan,12 Heinz Lindner,16 Kevin Wimmer,13 Markus Suttner,2 György Garics,10 Zlatko Junuzovic,11 Martin Harnik,9 Rubin Okotie,19 Lukas Hinterseer,-,-,-,-,-,-,Euros 2016,Euros,"Jun 22, 2016",Iceland vs Austria