,Unnamed: 0,Match ID,Competition,Match,Date,Nationality,Team Country Code,Season,Status,Name,Market Value,Lookup Still Required?,Lookup Return Case,Impute Required?,Name(s) Found,ORIGINAL JERSEY,Match Case,Status New
0,8,2714,"World Cup Qualifiers, Asia, 2026",Turkmenistan vs Uzbekistan,16-11-2023,Turkmenistan,TM,2023,FAIL,"['Merdan Gurbanov', 'Amir Gurbani']",0,TRUE,Failed Using Name Looking at Season and Season +-1,FALSE,Yazgylyc Gurbanov,Y Gurbanow,multiple,Done
1,15,2728,"World Cup Qualifiers, Asia, 2026",Afghanistan vs Kuwait,21-11-2023,Kuwait,KW,2023,FAIL,"['Abdullah Al Saqer', 'Abdullah Al Faraj']",0,TRUE,Failed Using Name Looking at Season and Season +-1,FALSE,Abdullah Al-Ammar,Abdullah Ammar,multiple,Done
2,32,4240,"World Cup 2014, Qualifiers, CONMEBOL",Colombia vs Bolivia,22-Mar-13,Bolivia,BO,2013,FAIL,"['Ignacio García', 'John García']",0,TRUE,Failed Using Name Looking at Season and Season +-1,FALSE,Ronald Garcia,García,multiple,Done
3,37,4027,"World Cup 2018, Qualifiers, CONCACAF",Guatemala vs USA,25-Mar-16,USA,US,2016,FAIL,"['Omar González', 'Jesse González']",0,TRUE,Failed Using Name Looking at Season and Season +-1,FALSE,Omar Gonzalez,Gonzalez,multiple,Done
4,38,4028,"World Cup 2018, Qualifiers, CONCACAF",Trinidad and Tobago vs Saint Vincent and the Grenadines,29-Mar-16,Trinidad and Tobago,TT,2016,FAIL,"['Jamali Garcia', 'Justin Garcia']",0,TRUE,Failed Using Name Looking at Season and Season +-1,FALSE,Justin Garcia,Garcia,multiple,Done
5,40,4043,"World Cup 2018, Qualifiers, CONCACAF",USA vs Trinidad and Tobago,06-Sep-16,USA,US,2016,FAIL,"['Omar González', 'Jesse González']",0,TRUE,Failed Using Name Looking at Season and Season +-1,FALSE,Omar Gonzalez,Gonzalez,multiple,Done
6,42,4043,"World Cup 2018, Qualifiers, CONCACAF",USA vs Trinidad and Tobago,06-Sep-16,Trinidad and Tobago,TT,2016,FAIL,"['Jamali Garcia', 'Justin Garcia']",0,TRUE,Failed Using Name Looking at Season and Season +-1,FALSE,Justin Garcia,Garcia,multiple,Done
7,45,2232,"World Cup Qualifiers, Africa, 2026",Sierra Leone vs Egypt,19-11-2023,Sierra Leone,SL,2023,FAIL,"['Donald Kamara', 'Demba Kamara']",0,TRUE,Failed Using Name Looking at Season and Season +-1,FALSE,Demba Kamara,D Kamara,multiple,Done
8,50,2236,"World Cup Qualifiers, Africa, 2026",Sudan vs Congo DR,19-11-2023,Sudan,SD,2023,FAIL,"['Ali Abdalla', 'Faris Abdalla', 'Sofian Abdalla']",0,TRUE,Failed Using Name Looking at Season and Season +-1,FALSE,Al Hilal Omdurman,Abu Agla Abdalla,multiple,Done
9,72,4284,"World Cup 2018, Qualifiers, CONMEBOL",Bolivia vs Venezuela,12-Nov-15,Venezuela,VE,2015,FAIL,"['Luis González', 'Óscar González', 'César González']",0,TRUE,Failed Using Name Looking at Season and Season +-1,FALSE,Omar Gonzalez,Gonzalez,multiple,Done
10,74,2751,"World Cup Qualifiers, Asia, 2026",Myanmar vs Macao,12-10-2023,Macao,MF,2023,FAIL,"['Man Chan', 'Pak-Chun Chan', 'Ka-Chon Chang']",0,TRUE,Failed Using Name Looking at Season and Season +-1,FALSE,Must Chao Pak Kei,Pang Chi-Hang,multiple,Done
11,75,2751,"World Cup Qualifiers, Asia, 2026",Myanmar vs Macao,12-10-2023,Macao,MF,2023,FAIL,"['Cheng-Fai Sam', 'Chi-Fong Ho']",0,TRUE,Failed Using Name Looking at Season and Season +-1,FALSE,Hoi San Cheong,Cheong Hoi San,multiple,Done
12,76,2751,"World Cup Qualifiers, Asia, 2026",Myanmar vs Macao,12-10-2023,Macao,MF,2023,FAIL,"['Chi-Kin Lei', 'Cheng-Lam Lei']",0,TRUE,Failed Using Name Looking at Season and Season +-1,FALSE,Cheng Lam Lei,C Lei,multiple,Done
13,77,2751,"World Cup Qualifiers, Asia, 2026",Myanmar vs Macao,12-10-2023,Macao,MF,2023,FAIL,"['Ka-Seng Lam', 'Ka-Pou Lam']",0,TRUE,Failed Using Name Looking at Season and Season +-1,FALSE,Ka Seng Lam,Ka Seng Lam,multiple,Done
14,79,2755,"World Cup Qualifiers, Asia, 2026",Macao vs Myanmar,17-10-2023,Macao,MF,2023,FAIL,"['Ka-Seng Lam', 'Ka-Pou Lam']",0,TRUE,Failed Using Name Looking at Season and Season +-1,FALSE,Ka Seng Lam,Ka Seng Lam,multiple,Done
15,80,2755,"World Cup Qualifiers, Asia, 2026",Macao vs Myanmar,17-10-2023,Macao,MF,2023,FAIL,"['Chi-Kin Lei', 'Cheng-Lam Lei']",0,TRUE,Failed Using Name Looking at Season and Season +-1,FALSE,Cheng Lam Lei,C Lei,multiple,Done
16,82,3797,"Gold Cup, 2023",Guadeloupe vs Guatemala,05-07-2023,Guatemala,GT,2023,FAIL,"['Josué García', 'Wilmer García', 'Nelson García']",0,TRUE,Failed Using Name Looking at Season and Season +-1,FALSE,Gabriel Garcia,E García,multiple,Done
17,83,2442,"World Cup Qualifiers, Asia, 2018",Cambodia vs Macao,12-03-2015,Macao,MF,2015,FAIL,"['Man Chan', 'Pak-Chun Chan', 'Ka-Chon Chang']",0,TRUE,Failed Using Name Looking at Season and Season +-1,FALSE,Must Chao Pak Kei,Pang Chi-Hang,multiple,Done
18,84,2450,"World Cup Qualifiers, Asia, 2018",Kuwait vs Myanmar,03-09-2015,Kuwait,KW,2015,FAIL,"['Abdulrahman Al Enezi', 'Meeian Al Enezi']",0,TRUE,Failed Using Name Looking at Season and Season +-1,FALSE,Abdulaziz Wadi,Abdel Aziz Al Enezi,multiple,Done
19,86,2474,"World Cup Qualifiers, Asia, 2018",Lebanon vs Kuwait,11-06-2015,Kuwait,KW,2015,FAIL,"['Abdulrahman Al Enezi', 'Meeian Al Enezi']",0,TRUE,Failed Using Name Looking at Season and Season +-1,FALSE,Abdulaziz Wadi,Abdel Aziz Al Enezi,multiple,Done
20,88,446,"Euros 2016, Qualifiers",Ireland vs Gibraltar,11.10.14,Ireland,IE,2014,FAIL,"['John OShea', 'Dara OShea']",0,TRUE,Failed Using Name Looking at Season and Season +-1,FALSE,John Oshea,O`Shea,multiple,Done
21,89,449,"Euros 2016, Qualifiers",Germany vs Ireland,14.10.14,Ireland,IE,2014,FAIL,"['John OShea', 'Dara OShea']",0,TRUE,Failed Using Name Looking at Season and Season +-1,FALSE,John Oshea,O`Shea,multiple,Done
22,91,465,"Euros 2016, Qualifiers",Ireland vs Georgia,07.09.15,Ireland,IE,2015,FAIL,"['John OShea', 'Dara OShea']",0,TRUE,Failed Using Name Looking at Season and Season +-1,FALSE,John Oshea,O`Shea,multiple,Done
23,93,468,"Euros 2016, Qualifiers",Ireland vs Germany,08.10.15,Ireland,IE,2015,FAIL,"['John OShea', 'Dara OShea']",0,TRUE,Failed Using Name Looking at Season and Season +-1,FALSE,John Oshea,O`Shea,multiple,Done
24,96,472,"Euros 2016, Qualifiers",Poland vs Ireland,11.10.15,Ireland,IE,2015,FAIL,"['John OShea', 'Dara OShea']",0,TRUE,Failed Using Name Looking at Season and Season +-1,FALSE,John Oshea,O`Shea,multiple,Done
25,98,2385,"World Cup Qualifiers, Asia, 2018",Guam vs India,16-06-2015,India,IN,2015,FAIL,"['Dhanachandra Singh', 'Davinder Singh', 'Dheeraj Singh']",0,TRUE,Failed Using Name Looking at Season and Season +-1,FALSE,Dheeraj Singh,D Singh,multiple,Done
26,100,2406,"World Cup Qualifiers, Asia, 2018",Sri Lanka vs Bhutan,12-03-2015,Sri Lanka,LK,2015,FAIL,"['Dilan De Silva', 'Dillon De Silva']",0,TRUE,Failed Using Name Looking at Season and Season +-1,FALSE,Dillon De Silva,D De Silva,multiple,Done
27,102,1328,"Olympics, 2016",Iraq vs Denmark,2016-08-04,Denmark,DK,2016,FAIL,"['Nicolai Johansen', 'Nicolai Boilesen']",0,TRUE,Failed Using Name Looking at Season and Season +-1,FALSE,Nicolai Brock Madsen,Nicolai Brock-Madsen,multiple,Done
28,103,1330,"Olympics, 2016",Denmark vs South Africa,2016-08-07,Denmark,DK,2016,FAIL,"['Nicolai Johansen', 'Nicolai Boilesen']",0,TRUE,Failed Using Name Looking at Season and Season +-1,FALSE,Nicolai Brock Madsen,Nicolai Brock-Madsen,multiple,Done
29,104,1332,"Olympics, 2016",Denmark vs Brazil,2016-08-10,Denmark,DK,2016,FAIL,"['Nicolai Johansen', 'Nicolai Boilesen']",0,TRUE,Failed Using Name Looking at Season and Season +-1,FALSE,Nicolai Brock Madsen,Nicolai Brock-Madsen,multiple,Done
30,105,1333,"Olympics, 2016",South Africa vs Iraq,2016-08-10,South Africa,ZA,2016,FAIL,"['Tercious Malepe', 'Tsepo Masilela']",0,TRUE,Failed Using Name Looking at Season and Season +-1,FALSE,Tercious Malepe,Repo Malepe,multiple,Done
31,106,1335,"Olympics, 2016",Nigeria vs Japan,2016-08-04,Japan,JP,2016,FAIL,"['Musashi Suzuki', 'Masato Kudo']",0,TRUE,Failed Using Name Looking at Season and Season +-1,FALSE,Masatoshi Kushibiki,Masatoshi Kushibiki,multiple,Done
32,107,1337,"Olympics, 2016",Japan vs Colombia,2016-08-07,Japan,JP,2016,FAIL,"['Shoya Nakajima', 'Seiya Maikuma']",0,TRUE,Failed Using Name Looking at Season and Season +-1,FALSE,Shinya Yajima,Shinya Yajima,multiple,Done
33,108,1345,"Olympics, 2016",South Korea vs Mexico,2016-08-10,Mexico,MX,2016,FAIL,"['Julio González', 'Arturo González', 'Hugo González']",0,TRUE,Failed Using Name Looking at Season and Season +-1,FALSE,Arturo Gonzalez,Alfonso González,multiple,Done
34,109,1347,"Olympics, 2016",Portugal vs Argentina,2016-08-04,Argentina,AR,2016,FAIL,"['Lautaro Martínez', 'Lautaro Acosta']",0,TRUE,Failed Using Name Looking at Season and Season +-1,FALSE,Lautaro Giannetti,Lautaro Gianetti,multiple,Done
35,110,1347,"Olympics, 2016",Portugal vs Argentina,2016-08-04,Argentina,AR,2016,FAIL,"['Lautaro Martínez', 'Emiliano Martínez', 'Pity Martínez']",0,TRUE,Failed Using Name Looking at Season and Season +-1,FALSE,Mauricio Martinez,Mauricio Martínez,multiple,Done
36,111,1349,"Olympics, 2016",Argentina vs Algeria,2016-08-07,Argentina,AR,2016,FAIL,"['Lautaro Martínez', 'Lautaro Acosta']",0,TRUE,Failed Using Name Looking at Season and Season +-1,FALSE,Lautaro Giannetti,Lautaro Gianetti,multiple,Done
37,112,1349,"Olympics, 2016",Argentina vs Algeria,2016-08-07,Argentina,AR,2016,FAIL,"['Lautaro Martínez', 'Emiliano Martínez', 'Pity Martínez']",0,TRUE,Failed Using Name Looking at Season and Season +-1,FALSE,Mauricio Martinez,Mauricio Martínez,multiple,Done
38,113,1350,"Olympics, 2016",Argentina vs Honduras,2016-08-10,Argentina,AR,2016,FAIL,"['Lautaro Martínez', 'Lautaro Acosta']",0,TRUE,Failed Using Name Looking at Season and Season +-1,FALSE,Lautaro Giannetti,Lautaro Gianetti,multiple,Done
39,114,1350,"Olympics, 2016",Argentina vs Honduras,2016-08-10,Argentina,AR,2016,FAIL,"['Lautaro Martínez', 'Emiliano Martínez', 'Pity Martínez']",0,TRUE,Failed Using Name Looking at Season and Season +-1,FALSE,Mauricio Martinez,Mauricio Martínez,multiple,Done
40,115,1351,"Olympics, 2016",Algeria vs Portugal,2016-08-10,Portugal,PT,2016,FAIL,"['Goncalo Ramos', 'Claudio Ramos']",0,TRUE,Failed Using Name Looking at Season and Season +-1,FALSE,Francisco Ramos,Francisco Ramos,multiple,Done
41,118,2101,"World Cup Qualifiers, Africa, 2022",Equatorial Guinea vs Mauritania,07-09-2021,Mauritania,MR,2021,FAIL,"['Abou Sy', 'Ablaye Sy']",0,TRUE,Failed Using Name Looking at Season and Season +-1,FALSE,Abou Sy,A Sy,multiple,Done
42,130,1368,"Olympics, 2020",Honduras vs Romania,2021-07-22,Romania,RO,2021,FAIL,"['Valentin Crețu', 'Valentin Cojocaru', 'Valentin Lazăr']",0,TRUE,Failed Using Name Looking at Season and Season +-1,FALSE,Valentin Gheorghe,Valentin Gheorghe,multiple,Done
43,131,1407,Nations League 2018-2020,Iceland vs Switzerland,15.10.18,Iceland,IS,2018,FAIL,"['Aron Bjarnason', 'Arnór Smárason', 'Aron Gunnarsson']",0,TRUE,Failed Using Name Looking at Season and Season +-1,FALSE,Kari Arnason,Arnason,multiple,Done
44,132,1408,Nations League 2018-2020,Belgium vs Iceland,15.11.18,Iceland,IS,2018,FAIL,"['Aron Bjarnason', 'Arnór Smárason', 'Aron Gunnarsson']",0,TRUE,Failed Using Name Looking at Season and Season +-1,FALSE,Kari Arnason,Arnason,multiple,Done
45,139,4047,"World Cup 2018, Qualifiers, CONCACAF",USA vs Mexico,11-Nov-16,USA,US,2016,FAIL,"['Omar González', 'Jesse González']",0,TRUE,Failed Using Name Looking at Season and Season +-1,FALSE,Omar Gonzalez,Gonzalez,multiple,Done
46,142,4050,"World Cup 2018, Qualifiers, CONCACAF",Costa Rica vs USA,15-Nov-16,USA,US,2016,FAIL,"['Omar González', 'Jesse González']",0,TRUE,Failed Using Name Looking at Season and Season +-1,FALSE,Omar Gonzalez,Gonzalez,multiple,Done
47,145,4054,"World Cup 2018, Qualifiers, CONCACAF",USA vs Honduras,24-Mar-17,USA,US,2017,FAIL,"['Omar González', 'Jesse González']",0,TRUE,Failed Using Name Looking at Season and Season +-1,FALSE,Omar Gonzalez,Gonzalez,multiple,Done
48,146,4057,"World Cup 2018, Qualifiers, CONCACAF",Panama vs USA,28-Mar-17,USA,US,2017,FAIL,"['Omar González', 'Jesse González']",0,TRUE,Failed Using Name Looking at Season and Season +-1,FALSE,Omar Gonzalez,Gonzalez,multiple,Done
49,149,4061,"World Cup 2018, Qualifiers, CONCACAF",Mexico vs USA,11-Jun-17,USA,US,2017,FAIL,"['Omar González', 'Jesse González']",0,TRUE,Failed Using Name Looking at Season and Season +-1,FALSE,Omar Gonzalez,Gonzalez,multiple,Done
50,150,4062,"World Cup 2018, Qualifiers, CONCACAF",Panama vs Honduras,13-Jun-17,Honduras,HN,2017,FAIL,"['Mario Martínez', 'Rony Martínez', 'Wálter Martínez', 'Douglas Martínez', 'Francisco Martínez', 'Julián Martínez']",0,TRUE,Failed Using Name Looking at Season and Season +-1,FALSE,Rony Martinez,Martínez,multiple,Done
51,152,4067,"World Cup 2018, Qualifiers, CONCACAF",Honduras vs USA,05-Sep-17,USA,US,2017,FAIL,"['Omar González', 'Jesse González']",0,TRUE,Failed Using Name Looking at Season and Season +-1,FALSE,Omar Gonzalez,Gonzalez,multiple,Done
52,154,4070,"World Cup 2018, Qualifiers, CONCACAF",USA vs Panama,06-Oct-17,USA,US,2017,FAIL,"['Omar González', 'Jesse González']",0,TRUE,Failed Using Name Looking at Season and Season +-1,FALSE,Omar Gonzalez,Gonzalez,multiple,Done
53,155,4071,"World Cup 2018, Qualifiers, CONCACAF",Mexico vs Trinidad and Tobago,06-Oct-17,Trinidad and Tobago,TT,2017,FAIL,"['Jamali Garcia', 'Justin Garcia']",0,TRUE,Failed Using Name Looking at Season and Season +-1,FALSE,Justin Garcia,Garcia,multiple,Done
54,156,4075,"World Cup 2018, Qualifiers, CONCACAF",Trinidad and Tobago vs USA,10-Oct-17,Trinidad and Tobago,TT,2017,FAIL,"['Jamali Garcia', 'Justin Garcia']",0,TRUE,Failed Using Name Looking at Season and Season +-1,FALSE,Justin Garcia,Garcia,multiple,Done
55,157,4075,"World Cup 2018, Qualifiers, CONCACAF",Trinidad and Tobago vs USA,10-Oct-17,USA,US,2017,FAIL,"['Omar González', 'Jesse González']",0,TRUE,Failed Using Name Looking at Season and Season +-1,FALSE,Omar Gonzalez,Gonzalez,multiple,Done
56,165,4143,"World Cup 2022, Qualifiers, CONCACAF",Canada vs Honduras,02-Sep-21,Honduras,HN,2021,FAIL,"['Luis López', 'Alexander López', 'Iván López', 'Kevin López', 'Roberto López']",0,TRUE,Failed Using Name Looking at Season and Season +-1,FALSE,Luis Lopez,López,multiple,Done
57,167,4144,"World Cup 2022, Qualifiers, CONCACAF",El Salvador vs USA,02-Sep-21,USA,US,2021,FAIL,"['Weston McKennie', 'Mark McKenzie', 'Kenny Saief']",0,TRUE,Failed Using Name Looking at Season and Season +-1,FALSE,Weston Mckennie,Mc Kennie,multiple,Done
58,171,4405,"World Cup 2022, Qualifiers, CONMEBOL",Uruguay vs Ecuador,09-Sep-21,Ecuador,EC,2021,FAIL,"['Leonardo Campana', 'Leonel Quiñónez', 'Leonardo Realpe']",0,TRUE,Failed Using Name Looking at Season and Season +-1,FALSE,Fernando Leon,Leon,multiple,Done
59,172,2582,"World Cup Qualifiers, Asia, 2022",Saudi Arabia vs Vietnam,02-09-2021,Vietnam,VN,2021,FAIL,"['Minh Toan Tran', 'Phi Son Tran']",0,TRUE,Failed Using Name Looking at Season and Season +-1,FALSE,Bùi Tấn Trường,Bùi Tn Trng,multiple,Done
60,174,2593,"World Cup Qualifiers, Asia, 2022",Vietnam vs Indonesia,07-06-2021,Vietnam,VN,2021,FAIL,"['Minh Toan Tran', 'Phi Son Tran']",0,TRUE,Failed Using Name Looking at Season and Season +-1,FALSE,Bùi Tấn Trường,Bùi Tn Trng,multiple,Done
61,175,2596,"World Cup Qualifiers, Asia, 2022",Malaysia vs Vietnam,11-6-2021,Vietnam,VN,2021,FAIL,"['Minh Toan Tran', 'Phi Son Tran']",0,TRUE,Failed Using Name Looking at Season and Season +-1,FALSE,Bùi Tấn Trường,Bùi Tn Trng,multiple,Done
62,177,2600,"World Cup Qualifiers, Asia, 2022",Iraq vs Syria,11-11-2021,Syria,SY,2021,FAIL,"['Ahmad Al-Khassi', 'Ahmad Al-Shemali', 'Khaled Al-Mobayed']",0,TRUE,Failed Using Name Looking at Season and Season +-1,FALSE,Khalid Ali Al-Hajjaji,Khalid Alhaji,multiple,Done
63,178,2613,"World Cup Qualifiers, Asia, 2022",China PR vs Vietnam,07-10-2021,Vietnam,VN,2021,FAIL,"['Minh Toan Tran', 'Phi Son Tran']",0,TRUE,Failed Using Name Looking at Season and Season +-1,FALSE,Bùi Tấn Trường,Bùi Tn Trng,multiple,Done
64,179,1934,"World Cup Qualifiers, Africa, 2018",Namibia vs Gambia,13-10-2015,Gambia,GM,2015,FAIL,"['Abdou Jammeh', 'Adama Jammeh']",0,TRUE,Failed Using Name Looking at Season and Season +-1,FALSE,Adama Jammeh,A Jammeh,multiple,Done
65,187,4380,"World Cup 2022, Qualifiers, CONMEBOL",Venezuela vs Chile,17-Nov-20,Venezuela,VE,2020,FAIL,"['Luis González', 'Óscar González', 'César González']",0,TRUE,Failed Using Name Looking at Season and Season +-1,FALSE,Omar Gonzalez,Gonzalez,multiple,Done
66,188,4384,"World Cup 2022, Qualifiers, CONMEBOL",Bolivia vs Venezuela,03-Jun-21,Venezuela,VE,2021,FAIL,"['Luis González', 'Óscar González', 'César González']",0,TRUE,Failed Using Name Looking at Season and Season +-1,FALSE,Omar Gonzalez,Gonzalez,multiple,Done
67,189,4385,"World Cup 2022, Qualifiers, CONMEBOL",Uruguay vs Paraguay,03-Jun-21,Paraguay,PY,2021,FAIL,"['Luis Cardozo', 'Óscar Cardozo']",0,TRUE,Failed Using Name Looking at Season and Season +-1,FALSE,Angel Cardozo Lucena,Cardozo,multiple,Done
68,190,4391,"World Cup 2022, Qualifiers, CONMEBOL",Venezuela vs Uruguay,08-Jun-21,Venezuela,VE,2021,FAIL,"['Luis González', 'Óscar González', 'César González']",0,TRUE,Failed Using Name Looking at Season and Season +-1,FALSE,Omar Gonzalez,Gonzalez,multiple,Done
69,191,4392,"World Cup 2022, Qualifiers, CONMEBOL",Paraguay vs Brazil,08-Jun-21,Paraguay,PY,2021,FAIL,"['Luis Cardozo', 'Óscar Cardozo']",0,TRUE,Failed Using Name Looking at Season and Season +-1,FALSE,Angel Cardozo Lucena,Cardozo,multiple,Done
70,192,4395,"World Cup 2022, Qualifiers, CONMEBOL",Ecuador vs Paraguay,02-Sep-21,Ecuador,EC,2021,FAIL,"['Leonardo Campana', 'Leonel Quiñónez', 'Leonardo Realpe']",0,TRUE,Failed Using Name Looking at Season and Season +-1,FALSE,Fernando Leon,Leon,multiple,Done
71,193,1875,"World Cup Intercontinental Playoffs, 2014",Uruguay vs Jordan,20-11-2013,Jordan,JO,2013,FAIL,"['Mohammad Khater', 'Mohannad Khairullah']",0,TRUE,Failed Using Name Looking at Season and Season +-1,FALSE,Mohammad Khater,Moh'd Khier,multiple,Done
72,202,2552,"World Cup Qualifiers, Asia, 2022",Vietnam vs Japan,11-11-2021,Vietnam,VN,2021,FAIL,"['Minh Toan Tran', 'Phi Son Tran']",0,TRUE,Failed Using Name Looking at Season and Season +-1,FALSE,Bùi Tấn Trường,Bùi Tn Trng,multiple,Done
73,206,2563,"World Cup Qualifiers, Asia, 2022",Vietnam vs Saudi Arabia,16-11-2021,Vietnam,VN,2021,FAIL,"['Minh Toan Tran', 'Phi Son Tran']",0,TRUE,Failed Using Name Looking at Season and Season +-1,FALSE,Mohamed Fasal,Bùi Tn Trng,multiple,Done
74,211,578,"Euros 2016, Qualifiers",Croatia vs Italy,12.06.15,Italy,IT,2015,FAIL,"['Lorenzo Pellegrini', 'Luca Pellegrini', 'Pietro Pellegri']",0,TRUE,Failed Using Name Looking at Season and Season +-1,FALSE,Graziano Pelle,Pelle,multiple,Done
75,212,583,"Euros 2016, Qualifiers",Italy vs Malta,03.09.15,Italy,IT,2015,FAIL,"['Lorenzo Pellegrini', 'Luca Pellegrini', 'Pietro Pellegri']",0,TRUE,Failed Using Name Looking at Season and Season +-1,FALSE,Graziano Pelle,Pelle,multiple,Done
76,213,586,"Euros 2016, Qualifiers",Italy vs Bulgaria,06.09.15,Italy,IT,2015,FAIL,"['Lorenzo Pellegrini', 'Luca Pellegrini', 'Pietro Pellegri']",0,TRUE,Failed Using Name Looking at Season and Season +-1,FALSE,Graziano Pelle,Pelle,multiple,Done
77,214,587,"Euros 2016, Qualifiers",Azerbaijan vs Italy,10.10.15,Italy,IT,2015,FAIL,"['Lorenzo Pellegrini', 'Luca Pellegrini', 'Pietro Pellegri']",0,TRUE,Failed Using Name Looking at Season and Season +-1,FALSE,Graziano Pelle,Pelle,multiple,Done
78,215,591,"Euros 2016, Qualifiers",Italy vs Norway,13.10.15,Italy,IT,2015,FAIL,"['Lorenzo Pellegrini', 'Luca Pellegrini', 'Pietro Pellegri']",0,TRUE,Failed Using Name Looking at Season and Season +-1,FALSE,Graziano Pelle,Pelle,multiple,Done
79,216,3944,"World Cup 2014, Qualifiers, CONCACAF",Jamaica vs USA,07-Jun-13,Jamaica,JM,2013,FAIL,"['Jason Johnson', 'Jermaine Johnson', 'Daniel Johnson']",0,TRUE,Failed Using Name Looking at Season and Season +-1,FALSE,Fabian Johnson,Johnson,multiple,Done
80,217,3944,"World Cup 2014, Qualifiers, CONCACAF",Jamaica vs USA,07-Jun-13,Jamaica,JM,2013,FAIL,"['Jason Johnson', 'Jermaine Johnson', 'Daniel Johnson']",0,TRUE,Failed Using Name Looking at Season and Season +-1,FALSE,Fabian Johnson,Johnson,multiple,Done
81,218,3944,"World Cup 2014, Qualifiers, CONCACAF",Jamaica vs USA,07-Jun-13,USA,US,2013,FAIL,"['Omar González', 'Jesse González']",0,TRUE,Failed Using Name Looking at Season and Season +-1,FALSE,Omar Gonzalez,Gonzalez,multiple,Done
82,223,3947,"World Cup 2014, Qualifiers, CONCACAF",Honduras vs Jamaica,11-Jun-13,Jamaica,JM,2013,FAIL,"['Jason Johnson', 'Jermaine Johnson', 'Daniel Johnson']",0,TRUE,Failed Using Name Looking at Season and Season +-1,FALSE,Jermaine Johnson,Johnson,multiple,Done
83,225,3947,"World Cup 2014, Qualifiers, CONCACAF",Honduras vs Jamaica,11-Jun-13,Jamaica,JM,2013,FAIL,"['Kemar Beckford', 'Deshane Beckford']",0,TRUE,Failed Using Name Looking at Season and Season +-1,FALSE,Jermaine Beckford,Beckford,multiple,Done
84,226,3948,"World Cup 2014, Qualifiers, CONCACAF",USA vs Panama,11-Jun-13,USA,US,2013,FAIL,"['Omar González', 'Jesse González']",0,TRUE,Failed Using Name Looking at Season and Season +-1,FALSE,Omar Gonzalez,Gonzalez,multiple,Done
85,229,3949,"World Cup 2014, Qualifiers, CONCACAF",USA vs Honduras,18-Jun-13,USA,US,2013,FAIL,"['Omar González', 'Jesse González']",0,TRUE,Failed Using Name Looking at Season and Season +-1,FALSE,Omar Gonzalez,Gonzalez,multiple,Done
86,233,3951,"World Cup 2014, Qualifiers, CONCACAF",Costa Rica vs USA,06-Sep-13,USA,US,2013,FAIL,"['Omar González', 'Jesse González']",0,TRUE,Failed Using Name Looking at Season and Season +-1,FALSE,Omar Gonzalez,Gonzalez,multiple,Done
87,237,3956,"World Cup 2014, Qualifiers, CONCACAF",USA vs Mexico,10-Sep-13,USA,US,2013,FAIL,"['Omar González', 'Jesse González']",0,TRUE,Failed Using Name Looking at Season and Season +-1,FALSE,Omar Gonzalez,Gonzalez,multiple,Done
88,241,3958,"World Cup 2014, Qualifiers, CONCACAF",USA vs Jamaica,11-Oct-13,Jamaica,JM,2013,FAIL,"['Jason Johnson', 'Jermaine Johnson', 'Daniel Johnson']",0,TRUE,Failed Using Name Looking at Season and Season +-1,FALSE,Jermaine Johnson,Johnson,multiple,Done
89,248,3901,"World Cup 2014, Qualifiers, CONCACAF",Costa Rica vs El Salvador,08-Jun-12,El Salvador,SV,2012,FAIL,"['Kenner Gutiérrez', 'Jorge Gutiérrez']",0,TRUE,Failed Using Name Looking at Season and Season +-1,FALSE,Isidro Gutierrez,Gutiérrez,multiple,Done
90,257,3907,"World Cup 2014, Qualifiers, CONCACAF",Guyana vs Costa Rica,12-Jun-12,Guyana,GY,2012,FAIL,"['Ariel Rodriguez', 'Osvaldo Rodriguez']",0,TRUE,Failed Using Name Looking at Season and Season +-1,FALSE,John Rodriguez,Rodrigues,multiple,Done
91,281,3933,"World Cup 2014, Qualifiers, CONCACAF",Honduras vs USA,06-Feb-13,USA,US,2013,FAIL,"['Omar González', 'Jesse González']",0,TRUE,Failed Using Name Looking at Season and Season +-1,FALSE,Omar Gonzalez,Gonzalez,multiple,Done
92,286,3934,"World Cup 2014, Qualifiers, CONCACAF",Mexico vs Jamaica,06-Feb-13,Jamaica,JM,2013,FAIL,"['Jason Johnson', 'Jermaine Johnson', 'Daniel Johnson']",0,TRUE,Failed Using Name Looking at Season and Season +-1,FALSE,Jermaine Johnson,Johnson,multiple,Done
93,287,3934,"World Cup 2014, Qualifiers, CONCACAF",Mexico vs Jamaica,06-Feb-13,Jamaica,JM,2013,FAIL,"['Jason Johnson', 'Jermaine Johnson', 'Daniel Johnson']",0,TRUE,Failed Using Name Looking at Season and Season +-1,FALSE,Jermaine Johnson,Johnson,multiple,Done
94,289,3937,"World Cup 2014, Qualifiers, CONCACAF",USA vs Costa Rica,22-Mar-13,USA,US,2013,FAIL,"['Omar González', 'Jesse González']",0,TRUE,Failed Using Name Looking at Season and Season +-1,FALSE,Omar Gonzalez,Gonzalez,multiple,Done
95,292,3938,"World Cup 2014, Qualifiers, CONCACAF",Jamaica vs Panama,22-Mar-13,Jamaica,JM,2013,FAIL,"['Kemar Beckford', 'Deshane Beckford']",0,TRUE,Failed Using Name Looking at Season and Season +-1,FALSE,Jermaine Beckford,Beckford,multiple,Done
96,293,3939,"World Cup 2014, Qualifiers, CONCACAF",Costa Rica vs Jamaica,26-Mar-13,Jamaica,JM,2013,FAIL,"['Kemar Beckford', 'Deshane Beckford']",0,TRUE,Failed Using Name Looking at Season and Season +-1,FALSE,Jermaine Beckford,Beckford,multiple,Done
97,294,3940,"World Cup 2014, Qualifiers, CONCACAF",Mexico vs USA,26-Mar-13,USA,US,2013,FAIL,"['Omar González', 'Jesse González']",0,TRUE,Failed Using Name Looking at Season and Season +-1,FALSE,Omar Gonzalez,Gonzalez,multiple,Done
98,296,3942,"World Cup 2014, Qualifiers, CONCACAF",Jamaica vs Mexico,04-Jun-13,Jamaica,JM,2013,FAIL,"['Jason Johnson', 'Jermaine Johnson', 'Daniel Johnson']",0,TRUE,Failed Using Name Looking at Season and Season +-1,FALSE,Jermaine Johnson,Johnson,multiple,Done
99,314,2026,"World Cup Qualifiers, Africa, 2018",Gambia vs Namibia,09-10-2015,Gambia,GM,2015,FAIL,"['Abdou Jammeh', 'Adama Jammeh']",0,TRUE,Failed Using Name Looking at Season and Season +-1,FALSE,Adama Jammeh,A Jammeh,multiple,Done
100,321,2068,"World Cup Qualifiers, Africa, 2022",Ghana vs Zimbabwe,09-10-2021,Ghana,GH,2021,FAIL,"['Fatawu Safiu', 'Fatawu Dauda']",0,TRUE,Failed Using Name Looking at Season and Season +-1,FALSE,Hamidu Abdul Fatawu,A Fatawu,multiple,Done
101,322,3383,"World Cup Qualifiers, Europe, 2022",North Macedonia vs Iceland,14-11-2021,Iceland,IS,2021,FAIL,"['Kolbeinn Thordarson', 'David Thor Vidarsson', 'Hordur Arnason']",0,TRUE,Failed Using Name Looking at Season and Season +-1,FALSE,Stefan Teitur Thordarson,S THordarson,multiple,Done
102,323,3419,"World Cup Qualifiers, Europe, 2022",Romania vs Iceland,11-11-2021,Iceland,IS,2021,FAIL,"['Kolbeinn Thordarson', 'David Thor Vidarsson', 'Hordur Arnason']",0,TRUE,Failed Using Name Looking at Season and Season +-1,FALSE,Stefan Teitur Thordarson,S THordarson,multiple,Done
103,333,2819,"World Cup Qualifiers, Europe, 2014",Armenia vs Malta,07-06-2013,Armenia,AM,2013,FAIL,"['Aleksandr Karapetyan', 'Sevak Aslanyan', 'Narek Aslanyan']",0,TRUE,Failed Using Name Looking at Season and Season +-1,FALSE,Sevak Aslanyan,V Aleksanyan,multiple,Done
104,340,4348,"World Cup 2018, Qualifiers, CONMEBOL",Colombia vs Brazil,05-Sep-17,Colombia,CO,2017,FAIL,"['Ramires', 'Jemerson', 'Jonas']",0,TRUE,Failed Using Name Looking at Season and Season +-1,FALSE,James Rodriguez,James,multiple,Done
105,341,4348,"World Cup 2018, Qualifiers, CONMEBOL",Colombia vs Brazil,05-Sep-17,Brazil,BR,2017,FAIL,"['Malcom', 'Talisca']",0,TRUE,Failed Using Name Looking at Season and Season +-1,FALSE,Falcao,Falcao,multiple,Done
106,342,4349,"World Cup 2018, Qualifiers, CONMEBOL",Bolivia vs Chile,05-Sep-17,Chile,CL,2017,FAIL,"['Felipe Campos', 'Cristóbal Campos']",0,TRUE,Failed Using Name Looking at Season and Season +-1,FALSE,Felipe Campos,Campos,multiple,Done
107,343,1781,Nations League 2022-2023,Montenegro vs Romania,04.06.22,Romania,RO,2022,FAIL,"['Mihai Bălașa', 'Mihai Popa']",0,TRUE,Failed Using Name Looking at Season and Season +-1,FALSE,Valentin Mihaila,Mihaila,multiple,Done
108,344,1787,Nations League 2022-2023,Romania vs Montenegro,14.06.22,Romania,RO,2022,FAIL,"['Mihai Bălașa', 'Mihai Popa']",0,TRUE,Failed Using Name Looking at Season and Season +-1,FALSE,Valentin Mihaila,Mihaila,multiple,Done
109,350,2648,"World Cup Qualifiers, Asia, 2022",South Korea vs Sri Lanka,10-10-2019,Sri Lanka,LK,2019,FAIL,"['Mohamed Rifnas', 'Mohamed Nuskan', 'Mohamed Nifras']",0,TRUE,Failed Using Name Looking at Season and Season +-1,FALSE,Mohamed Fasal,Mohamed Fasal,multiple,Done
110,354,2665,"World Cup Qualifiers, Asia, 2022",Syria vs Iran,16-11-2021,Syria,SY,2021,FAIL,"['Ahmad Al-Khassi', 'Ahmad Al-Shemali', 'Khaled Al-Mobayed']",0,TRUE,Failed Using Name Looking at Season and Season +-1,FALSE,Khalid Ali Al Hajjaji,Khalid Alhaji,multiple,Done
111,364,4155,"World Cup 2022, Qualifiers, CONCACAF",Honduras vs Costa Rica,07-Oct-21,Honduras,HN,2021,FAIL,"['Luis López', 'Alexander López', 'Iván López', 'Kevin López', 'Roberto López']",0,TRUE,Failed Using Name Looking at Season and Season +-1,FALSE,Luis Lopez,López,multiple,Done
112,367,4156,"World Cup 2022, Qualifiers, CONCACAF",USA vs Jamaica,07-Oct-21,USA,US,2021,FAIL,"['Weston McKennie', 'Mark McKenzie', 'Kenny Saief']",0,TRUE,Failed Using Name Looking at Season and Season +-1,FALSE,Weston Mckennie,Mc Kennie,multiple,Done
113,372,4163,"World Cup 2022, Qualifiers, CONCACAF",USA vs Costa Rica,12-Oct-21,USA,US,2021,FAIL,"['Weston McKennie', 'Mark McKenzie', 'Kenny Saief']",0,TRUE,Failed Using Name Looking at Season and Season +-1,FALSE,Weston Mckennie,Mc Kennie,multiple,Done
114,374,4164,"World Cup 2022, Qualifiers, CONCACAF",Honduras vs Jamaica,13-Oct-21,Honduras,HN,2021,FAIL,"['Luis López', 'Alexander López', 'Iván López', 'Kevin López', 'Roberto López']",0,TRUE,Failed Using Name Looking at Season and Season +-1,FALSE,Luis Lopez,López,multiple,Done
115,376,4168,"World Cup 2022, Qualifiers, CONCACAF",Honduras vs Panama,12-Nov-21,Honduras,HN,2021,FAIL,"['Luis López', 'Alexander López', 'Iván López', 'Kevin López', 'Roberto López']",0,TRUE,Failed Using Name Looking at Season and Season +-1,FALSE,Luis Lopez,López,multiple,Done
116,379,4170,"World Cup 2022, Qualifiers, CONCACAF",USA vs Mexico,12-Nov-21,USA,US,2021,FAIL,"['Weston McKennie', 'Mark McKenzie', 'Kenny Saief']",0,TRUE,Failed Using Name Looking at Season and Season +-1,FALSE,Weston Mckennie,Mc Kennie,multiple,Done
117,384,4175,"World Cup 2022, Qualifiers, CONCACAF",USA vs El Salvador,27-Jan-22,USA,US,2022,FAIL,"['Weston McKennie', 'Mark McKenzie', 'Kenny Saief']",0,TRUE,Failed Using Name Looking at Season and Season +-1,FALSE,Weston Mckennie,Mc Kennie,multiple,Done
118,387,4179,"World Cup 2022, Qualifiers, CONCACAF",Canada vs USA,30-Jan-22,USA,US,2022,FAIL,"['Weston McKennie', 'Mark McKenzie', 'Kenny Saief']",0,TRUE,Failed Using Name Looking at Season and Season +-1,FALSE,Weston Mckennie,Mc Kennie,multiple,Done
119,391,4183,"World Cup 2022, Qualifiers, CONCACAF",USA vs Honduras,02-Feb-22,USA,US,2022,FAIL,"['Weston McKennie', 'Mark McKenzie', 'Kenny Saief']",0,TRUE,Failed Using Name Looking at Season and Season +-1,FALSE,Weston Mckennie,Mc Kennie,multiple,Done
120,400,3220,"World Cup Qualifiers, Europe, 2022",Iceland vs Liechtenstein,11-10-2021,Iceland,IS,2021,FAIL,"['Kolbeinn Thordarson', 'David Thor Vidarsson', 'Hordur Arnason']",0,TRUE,Failed Using Name Looking at Season and Season +-1,FALSE,Stefan Teitur Thordarson,S THordarson,multiple,Done
121,401,1113,Euros 2016,Germany vs Italy,02.07.16,Italy,IT,2016,FAIL,"['Lorenzo Pellegrini', 'Luca Pellegrini', 'Pietro Pellegri']",0,TRUE,Failed Using Name Looking at Season and Season +-1,FALSE,Graziano Pelle,Pelle,multiple,Done
122,404,1121,Euros 2016,Italy vs Spain,27.06.16,Italy,IT,2016,FAIL,"['Lorenzo Pellegrini', 'Luca Pellegrini', 'Pietro Pellegri']",0,TRUE,Failed Using Name Looking at Season and Season +-1,FALSE,Graziano Pelle,Pelle,multiple,Done
123,405,1147,Euros 2016,Ireland vs Sweden,13.06.16,Ireland,IE,2016,FAIL,"['John OShea', 'Dara OShea']",0,TRUE,Failed Using Name Looking at Season and Season +-1,FALSE,John Oshea,O`Shea,multiple,Done
124,407,1148,Euros 2016,Belgium vs Italy,13.06.16,Italy,IT,2016,FAIL,"['Lorenzo Pellegrini', 'Luca Pellegrini', 'Pietro Pellegri']",0,TRUE,Failed Using Name Looking at Season and Season +-1,FALSE,Graziano Pelle,Pelle,multiple,Done
125,408,1149,Euros 2016,Italy vs Sweden,17.06.16,Italy,IT,2016,FAIL,"['Lorenzo Pellegrini', 'Luca Pellegrini', 'Pietro Pellegri']",0,TRUE,Failed Using Name Looking at Season and Season +-1,FALSE,Graziano Pelle,Pelle,multiple,Done
126,409,1149,Euros 2016,Italy vs Sweden,17.06.16,Sweden,SE,2016,FAIL,"['Adam Johansson', 'Jakob Johansson', 'Mattias Johansson', 'Viktor Johansson']",0,TRUE,Failed Using Name Looking at Season and Season +-1,FALSE,Viktor Johansson,Johansson,multiple,Done
127,410,1150,Euros 2016,Belgium vs Ireland,18.06.16,Ireland,IE,2016,FAIL,"['John OShea', 'Dara OShea']",0,TRUE,Failed Using Name Looking at Season and Season +-1,FALSE,John Oshea,O`Shea,multiple,Done
128,414,1152,Euros 2016,Sweden vs Belgium,22.06.16,Sweden,SE,2016,FAIL,"['Adam Johansson', 'Jakob Johansson', 'Mattias Johansson', 'Viktor Johansson']",0,TRUE,Failed Using Name Looking at Season and Season +-1,FALSE,Viktor Johansson,Johansson,multiple,Done
129,417,2282,"World Cup Qualifiers, Asia, 2018",India vs Oman,11-06-2015,India,IN,2015,FAIL,"['Dhanachandra Singh', 'Davinder Singh', 'Dheeraj Singh']",0,TRUE,Failed Using Name Looking at Season and Season +-1,FALSE,Dheeraj Singh,D Singh,multiple,Done