,Unnamed: 0.1,Unnamed: 0,DF index,Match ID,Competition,Date,Match,Season,Nationality,Country Code,ORIGINAL JERSEY,English Name,Match(es) Found,Status
4,4,4,1204,539,"Euros 2016, Qualifiers",12.10.14,Austria vs Montenegro,2014,Montenegro,ME,7. Вукчевич,Vukcevic,"['Nikola Vukcevic', 'Marko Vukcevic', 'Simon Vukcevic', 'Andrija Vukcevic']",Success
7,7,7,1207,539,"Euros 2016, Qualifiers",12.10.14,Austria vs Montenegro,2014,Montenegro,ME,15. Савич,Savić,"['Stefan Savic', 'Vukan Savicevic']",Success
31,31,31,1231,541,"Euros 2016, Qualifiers",12.10.14,Sweden vs Liechtenstein,2014,Liechtenstein,LI,18. Хаслер,Hasler,"['Nicolas Hasler', 'David Hasler', 'Julien Hasler']",Success
34,34,34,1234,541,"Euros 2016, Qualifiers",12.10.14,Sweden vs Liechtenstein,2014,Liechtenstein,LI,10. Фрик,Frick,"['Mario Frick', 'Yanik Frick', 'Noah Frick']",Success
45,45,45,1245,543,"Euros 2016, Qualifiers",15.11.14,Moldova vs Liechtenstein,2014,Liechtenstein,LI,21. Б.Бюхель,Büchel,"['Benjamin Büchel', 'Martin Büchel', 'Marcel Büchel']",Success
60,60,60,1260,544,"Euros 2016, Qualifiers",15.11.14,Montenegro vs Sweden,2014,Montenegro,ME,15. Савич,Savić,"['Stefan Savic', 'Vukan Savicevic']",Success
74,74,74,1274,552,"Euros 2016, Qualifiers",05.09.15,Austria vs Moldova,2015,Moldova,MD,6. Жардан,Jardin,"['Ion Jardan', 'Vasile Jardan']",Success
77,77,77,1277,552,"Euros 2016, Qualifiers",05.09.15,Austria vs Moldova,2015,Moldova,MD,9. Андрончик,Andronchik,"['Gheorghe Andronic', 'Valeriu Andronic']",Success
82,82,82,1282,553,"Euros 2016, Qualifiers",05.09.15,Montenegro vs Liechtenstein,2015,Montenegro,ME,4. Вукчевич,Vukcevic,"['Nikola Vukcevic', 'Marko Vukcevic', 'Simon Vukcevic', 'Andrija Vukcevic']",Success
88,88,88,1288,553,"Euros 2016, Qualifiers",05.09.15,Montenegro vs Liechtenstein,2015,Montenegro,ME,15. Савич,Savić,"['Stefan Savic', 'Vukan Savicevic']",Success
89,89,89,1289,553,"Euros 2016, Qualifiers",05.09.15,Montenegro vs Liechtenstein,2015,Montenegro,ME,18. Болевич,Bolevich,"['Aleksandar Boljevic', 'Vladimir Boljevic']",Success
95,95,95,1295,553,"Euros 2016, Qualifiers",05.09.15,Montenegro vs Liechtenstein,2015,Liechtenstein,LI,10. Фрик,Frick,"['Mario Frick', 'Yanik Frick', 'Noah Frick']",Success
97,97,97,1297,553,"Euros 2016, Qualifiers",05.09.15,Montenegro vs Liechtenstein,2015,Liechtenstein,LI,13. Бюхель,Büchel,"['Benjamin Büchel', 'Martin Büchel', 'Marcel Büchel']",Success
100,100,0,2300,404,"Euros 2016, Qualifiers",06.09.15,Wales vs Israel,2015,Wales,WA,3. Тейлор,Taylor,"['Neil Taylor', 'Jake Taylor']",Success
103,103,3,2303,404,"Euros 2016, Qualifiers",06.09.15,Wales vs Israel,2015,Wales,WA,7. Эдвардс,Edwards,"['David Edwards', 'Gwion Edwards']",Success
104,104,4,2304,404,"Euros 2016, Qualifiers",06.09.15,Wales vs Israel,2015,Wales,WA,8. Кинг,King,"['Andy King', 'Tom King']",Success
111,111,11,2311,404,"Euros 2016, Qualifiers",06.09.15,Wales vs Israel,2015,Israel,IL,4. Биттон,Bitton,"['Nir Bitton', 'Ben Bitton']",Success
120,120,20,2320,1010,"Euros 2024, Qualifiers",14.10.23,Hungary vs Serbia,2023,Serbia,RS,Terzić,Terzić,"['Nikola Terzic', 'Aleksa Terzic']",Success
121,121,21,2321,1638,Nations League 2020-2021,05.09.20,Cyprus vs Montenegro,2020,Montenegro,ME,Boljević,Boljević,"['Aleksandar Boljevic', 'Vladimir Boljevic']",Success
122,122,22,2322,1639,Nations League 2020-2021,08.09.20,Luxembourg vs Montenegro,2020,Montenegro,ME,Boljević,Boljević,"['Aleksandar Boljevic', 'Vladimir Boljevic']",Success
123,123,23,2323,1642,Nations League 2020-2021,10.10.20,Montenegro vs Azerbaijan,2020,Montenegro,ME,Boljević,Boljević,"['Aleksandar Boljevic', 'Vladimir Boljevic']",Success
124,124,24,2324,1648,Nations League 2020-2021,17.11.20,Montenegro vs Cyprus,2020,Montenegro,ME,Boljević,Boljević,"['Aleksandar Boljevic', 'Vladimir Boljevic']",Success
129,129,29,2329,717,"Euros 2020, Qualifiers",09.09.19,Hungary vs Slovakia,2019,Hungary,HU,9. Сцалай,Scalay,"['Péter Szakály', 'Ádám Szalai', 'Roland Sallai', 'Attila Szalai', 'Gábor Szalai']",Success
133,133,33,2333,727,"Euros 2020, Qualifiers",23.03.19,Malta vs Faroe Islands,2019,Malta,MT,9. Мифсуд,Mifsud,"['Michael Mifsud', 'Jean Pierre Mifsud Triganza']",Success
144,144,44,2344,741,"Euros 2020, Qualifiers",08.09.19,Romania vs Malta,2019,Malta,MT,9. Фарруджа,Farrugia,"['Jean Paul Farrugia', 'Brooke Farrugia']",Success
148,148,48,2348,749,"Euros 2020, Qualifiers",15.10.19,Faroe Islands vs Malta,2019,Malta,MT,9. Мифсуд,Mifsud,"['Michael Mifsud', 'Jean Pierre Mifsud Triganza']",Success
153,153,53,2353,755,"Euros 2020, Qualifiers",18.11.19,Malta vs Norway,2019,Malta,MT,9. Мифсуд,Mifsud,"['Michael Mifsud', 'Jean Pierre Mifsud Triganza']",Success
154,154,54,2354,1796,Nations League 2022-2023,09.06.22,Sweden vs Serbia,2022,Serbia,RS,Terzić,Terzić,"['Nikola Terzic', 'Aleksa Terzic']",Success
158,158,58,2358,662,"Euros 2020, Qualifiers",14.11.19,Portugal vs Lithuania,2019,Portugal,PT,15. Рикарду,Ricardo,"['Ricardo Costa', 'Ricardo Carvalho', 'Ricardo Pereira', 'Ricardo Horta', 'Ricardo Quaresma', 'Ricardo Ferreira']",Success
159,159,59,2359,665,"Euros 2020, Qualifiers",17.11.19,Luxembourg vs Portugal,2019,Portugal,PT,15. Рикарду,Ricardo,"['Ricardo Costa', 'Ricardo Carvalho', 'Ricardo Pereira', 'Ricardo Horta', 'Ricardo Quaresma', 'Ricardo Ferreira']",Success
187,187,87,2387,18,"U-20 World Cup, 2015",02.06.15,Myanmar U-20 vs Ukraine U-20,2015,Myanmar,MM,17. Тиха Хтет Аунг,Tiha Htet Aung,"['Thiha Htet Aung', 'Than Htet Aung']",Success
194,194,94,2394,18,"U-20 World Cup, 2015",02.06.15,Myanmar U-20 vs Ukraine U-20,2015,Myanmar,MM,11. Мг Мг Лвин,Mg Mg Lwin,"['Khin Maung Lwin', 'Maung Maung Lwin']",Success
203,203,3,1503,571,"Euros 2016, Qualifiers",13.10.14,Norway vs Bulgaria,2014,Norway,NO,8. Йохансен,Johansen,"['Stefan Johansen', 'Eirik Holmen Johansen']",Success
204,204,4,1504,571,"Euros 2016, Qualifiers",13.10.14,Norway vs Bulgaria,2014,Norway,NO,10. Эльюнусси,Elyounoussi,"['Mohamed Elyounoussi', 'Tarik Elyounoussi']",Success
211,211,11,1511,571,"Euros 2016, Qualifiers",13.10.14,Norway vs Bulgaria,2014,Bulgaria,BG,2. Попов А.,Popova,"['Strahil Popov', 'Ivelin Popov', 'Apostol Popov', 'Viktor Popov']",Success
213,213,13,1513,571,"Euros 2016, Qualifiers",13.10.14,Norway vs Bulgaria,2014,Bulgaria,BG,9. Попов,Popov,"['Strahil Popov', 'Ivelin Popov', 'Apostol Popov', 'Viktor Popov']",Success
215,215,15,1515,571,"Euros 2016, Qualifiers",13.10.14,Norway vs Bulgaria,2014,Bulgaria,BG,14. Минев,Minev,"['Veselin Minev', 'Yordan Minev']",Success
217,217,17,1517,571,"Euros 2016, Qualifiers",13.10.14,Norway vs Bulgaria,2014,Bulgaria,BG,17. Миланов,Milanov,"['Iliya Milanov', 'Georgi Milanov', 'Zhivko Milanov']",Success
220,220,20,1520,571,"Euros 2016, Qualifiers",13.10.14,Norway vs Bulgaria,2014,Bulgaria,BG,22. Илиев,Iliev,"['Plamen Iliev', 'Georgi Iliev', 'Dimitar Iliev', 'Ilian Iliev', 'Atanas Iliev', 'Nikola Iliev']",Success
224,224,24,1524,572,"Euros 2016, Qualifiers",16.11.14,Azerbaijan vs Norway,2014,Azerbaijan,AZ,14. Р.Садыгов,R Sadygov,"['Rashad Sadyqov', 'Rahim Sadykhov']",Success
236,236,36,1536,572,"Euros 2016, Qualifiers",16.11.14,Azerbaijan vs Norway,2014,Norway,NO,8. Йохансен,Johansen,"['Stefan Johansen', 'Eirik Holmen Johansen']",Success
240,240,40,1540,573,"Euros 2016, Qualifiers",16.11.14,Bulgaria vs Malta,2014,Bulgaria,BG,1. Стоянов,Stoyanov,"['Vladislav Stoyanov', 'Krum Stoyanov', 'Yoan Stoyanov']",Success
241,241,41,1541,573,"Euros 2016, Qualifiers",16.11.14,Bulgaria vs Malta,2014,Bulgaria,BG,4. Терзиев,Terziev,"['Georgi Terziev', 'Radoslav Terziev']",Success
245,245,45,1545,573,"Euros 2016, Qualifiers",16.11.14,Bulgaria vs Malta,2014,Bulgaria,BG,7. Александров,Alexandrov,"['Aleksandar Aleksandrov', 'Mihail Aleksandrov', 'Denislav Aleksandrov']",Success
246,246,46,1546,573,"Euros 2016, Qualifiers",16.11.14,Bulgaria vs Malta,2014,Bulgaria,BG,9. Попов,Popov,"['Strahil Popov', 'Ivelin Popov', 'Apostol Popov', 'Viktor Popov']",Success
252,252,52,1552,573,"Euros 2016, Qualifiers",16.11.14,Bulgaria vs Malta,2014,Malta,MT,2. Каруана,Caruana,"['Jonathan Caruana', 'Tristan Caruana']",Success
257,257,57,1557,573,"Euros 2016, Qualifiers",16.11.14,Bulgaria vs Malta,2014,Malta,MT,8. Бриффа,Briffa,"['Roderick Briffa', 'Emanuel Briffa']",Success
273,273,73,1573,577,"Euros 2016, Qualifiers",28.03.15,Bulgaria vs Italy,2015,Bulgaria,BG,6. Минев,Minev,"['Veselin Minev', 'Yordan Minev']",Success
277,277,77,1577,577,"Euros 2016, Qualifiers",28.03.15,Bulgaria vs Italy,2015,Bulgaria,BG,17. Миланов,Milanov,"['Iliya Milanov', 'Georgi Milanov', 'Zhivko Milanov']",Success
287,287,87,1587,581,"Euros 2016, Qualifiers",03.09.15,Azerbaijan vs Croatia,2015,Azerbaijan,AZ,5. Гусейнов,Huseynov,"['Vurgun Hüseynov', 'Badavi Hüseynov', 'Cavid Hüseynov', 'Abbas Hüseynov', 'Calal Hüseynov']",Success
298,298,98,1598,582,"Euros 2016, Qualifiers",03.09.15,Bulgaria vs Norway,2015,Bulgaria,BG,6. Минев,Minev,"['Veselin Minev', 'Yordan Minev']",Success
300,300,0,100,607,"Euros 2016, Qualifiers",07.09.15,Armenia vs Denmark,2015,Denmark,DK,20. Поульсен,Poulsen,"['Jakob Poulsen', 'Simon Poulsen', 'Yussuf Poulsen']",Success
301,301,1,101,607,"Euros 2016, Qualifiers",07.09.15,Armenia vs Denmark,2015,Denmark,DK,23. Хейбьерг,Højbjerg,"['Pierre-Emile Højbjerg', 'Jeppe Højbjerg']",Success
312,312,12,112,609,"Euros 2016, Qualifiers",08.10.15,Albania vs Serbia,2015,Albania,AL,8. Баша,Basha,"['Migjen Basha', 'Vullnet Basha']",Success
316,316,16,116,609,"Euros 2016, Qualifiers",08.10.15,Albania vs Serbia,2015,Serbia,RS,1. Стойкович,Stojkovic,"['Vladimir Stojkovic', 'Arandjel Stojkovic']",Success
327,327,27,127,612,"Euros 2016, Qualifiers",11.10.15,Serbia vs Portugal,2015,Serbia,RS,1. Стойкович,Stojkovic,"['Vladimir Stojkovic', 'Arandjel Stojkovic']",Success
329,329,29,129,612,"Euros 2016, Qualifiers",11.10.15,Serbia vs Portugal,2015,Portugal,PT,23. Семеду,Semedo,"['Nélson Semedo', 'Rúben Semedo']",Success
331,331,31,131,639,"Euros 2020, Qualifiers",11.10.19,Montenegro vs Bulgaria,2019,Montenegro,ME,Boljević,Boljević,"['Aleksandar Boljevic', 'Vladimir Boljevic']",Success
332,332,32,132,641,"Euros 2020, Qualifiers",14.10.19,Kosovo vs Montenegro,2019,Montenegro,ME,Boljević,Boljević,"['Aleksandar Boljevic', 'Vladimir Boljevic']",Success
343,343,43,143,405,"Euros 2016, Qualifiers",06.09.15,Bosnia-Herzegovina vs Andorra,2015,Bosnia,BA,9. Ибишевич,Ibishevich,"['Vedad Ibisevic', 'Elvir Ibisevic']",Success
349,349,49,149,405,"Euros 2016, Qualifiers",06.09.15,Bosnia-Herzegovina vs Andorra,2015,Andorra,AD,2. Мартинес,Martínez,"['Cristian Martínez', 'Alex Martínez']",Success
353,353,53,153,405,"Euros 2016, Qualifiers",06.09.15,Bosnia-Herzegovina vs Andorra,2015,Andorra,AD,8. Виейра,Vieira,"['Márcio Vieira', 'Xavier Vieira']",Success
362,362,62,162,406,"Euros 2016, Qualifiers",06.09.15,Cyprus vs Belgium,2015,Cyprus,CY,7. Экономидес,Economides,"['Chris Ikonomidis, Georgios Ikonomidis']",Success
369,369,69,169,406,"Euros 2016, Qualifiers",06.09.15,Cyprus vs Belgium,2015,Cyprus,CY,23. Николау,Nikolaou,"['Marios Nikolaou', 'Thomas Nikolaou']",Success
377,377,77,177,407,"Euros 2016, Qualifiers",10.10.15,Andorra vs Belgium,2015,Andorra,AD,8. Виейра,Vieira,"['Márcio Vieira', 'Xavier Vieira']",Success
381,381,81,181,408,"Euros 2016, Qualifiers",10.10.15,Bosnia-Herzegovina vs Wales,2015,Bosnia,BA,21. Хаджич,Hadzic,"['Anel Hadzic', 'Irfan Hadzic']",Success
389,389,89,189,409,"Euros 2016, Qualifiers",10.10.15,Israel vs Cyprus,2015,Cyprus,CY,23. Николау,Nikolaou,"['Marios Nikolaou', 'Thomas Nikolaou']",Success
398,398,98,198,411,"Euros 2016, Qualifiers",13.10.15,Cyprus vs Bosnia-Herzegovina,2015,Cyprus,CY,23. Николау,Nikolaou,"['Marios Nikolaou', 'Thomas Nikolaou']",Success
399,399,99,199,411,"Euros 2016, Qualifiers",13.10.15,Cyprus vs Bosnia-Herzegovina,2015,Bosnia,BA,Vranješ,Vranješ,"['Stojan Vranjes', 'Ognjen Vranjes']",Success
404,404,4,604,477,"Euros 2016, Qualifiers",09.10.14,Lithuania vs Estonia,2014,Lithuania,LT,18. Панка,Punk,"['Mindaugas Panka', 'Ignas Plukas', 'Lukas Paukste']",Success
419,419,19,619,478,"Euros 2016, Qualifiers",09.10.14,Slovenia vs Switzerland,2014,Slovenia,SI,1. Ханданович,Handanović,"['Samir Handanovic', 'Jasmin Handanovic']",Success
422,422,22,622,478,"Euros 2016, Qualifiers",09.10.14,Slovenia vs Switzerland,2014,Slovenia,SI,6. Илич,Ilic,"['Branko Ilic', 'Josip Ilicic']",Success
426,426,26,626,478,"Euros 2016, Qualifiers",09.10.14,Slovenia vs Switzerland,2014,Slovenia,SI,15. Штруна,String,"['Andraz Struna', 'Aljaz Struna']",Success
435,435,35,635,479,"Euros 2016, Qualifiers",12.10.14,Estonia vs England,2014,Estonia,EE,14. Васильев,Vasilyev,"['Konstantin Vassiljev', 'Nikita Vassiljev']",Success
444,444,44,644,479,"Euros 2016, Qualifiers",12.10.14,Estonia vs England,2014,England,EN,4. Хендерсон,Henderson,"['Jordan Henderson', 'Dean Henderson']",Success
458,458,58,658,480,"Euros 2016, Qualifiers",12.10.14,Lithuania vs Slovenia,2014,Lithuania,LT,18. Панка,Punk,"['Mindaugas Panka', 'Ignas Plukas', 'Lukas Paukste']",Success
459,459,59,659,480,"Euros 2016, Qualifiers",12.10.14,Lithuania vs Slovenia,2014,Slovenia,SI,1. Ханданович,Handanović,"['Samir Handanovic', 'Jasmin Handanovic']",Success
462,462,62,662,480,"Euros 2016, Qualifiers",12.10.14,Lithuania vs Slovenia,2014,Slovenia,SI,6. Илич,Ilic,"['Branko Ilic', 'Josip Ilicic']",Success
463,463,63,663,480,"Euros 2016, Qualifiers",12.10.14,Lithuania vs Slovenia,2014,Slovenia,SI,15. Струна,String (music),"['Aljaz Struna', 'Andraz Struna']",Success
470,470,70,670,481,"Euros 2016, Qualifiers",14.10.14,San Marino vs Switzerland,2014,San Marino,SM,1. Симончини,Simoncini,"['Aldo Simoncini', 'Davide Simoncini', 'Michael Simoncini']",Success
472,472,72,672,481,"Euros 2016, Qualifiers",14.10.14,San Marino vs Switzerland,2014,San Marino,SM,3. Баттистини,Battistini,"['Manuel Battistini', 'Michael Battistini']",Success
479,479,79,679,481,"Euros 2016, Qualifiers",14.10.14,San Marino vs Switzerland,2014,San Marino,SM,10. Гасперони,Gasperoni,"['Frederico Gasperoni', 'Alex Gasperoni', 'Lorenzo Gasperoni']",Success
482,482,82,682,482,"Euros 2016, Qualifiers",15.11.14,England vs Slovenia,2014,Slovenia,SI,1. Ханданович,Handanović,"['Samir Handanovic', 'Jasmin Handanovic']",Success
486,486,86,686,482,"Euros 2016, Qualifiers",15.11.14,England vs Slovenia,2014,Slovenia,SI,15. Струна,String (music),"['Aljaz Struna', 'Andraz Struna']",Success
505,505,5,1905,359,"Euros 2016, Qualifiers",13.10.14,Kazakhstan vs Czech,2014,Czech,CZ,Kolář,Kolář,"['Ondrej Kolar', 'Daniel Kolar']",Success
506,506,6,1906,360,"Euros 2016, Qualifiers",13.10.14,Iceland vs Netherlands,2014,Iceland,IS,1. Хадльдорссон,Haldorsson,"['Hannes Thór Halldórsson', 'Hilmar Árni Halldórsson']",Success
512,512,12,1912,360,"Euros 2016, Qualifiers",13.10.14,Iceland vs Netherlands,2014,Iceland,IS,17. Гуннарссон,Gunnarsson,"['Aron Gunnarsson', 'Patrik Gunnarsson', 'Hördur Ingi Gunnarsson']",Success
513,513,13,1913,360,"Euros 2016, Qualifiers",13.10.14,Iceland vs Netherlands,2014,Iceland,IS,18. Бьярнасон,Bjarnason,"['Birkir Bjarnason', 'Elmar Bjarnason', 'Andri Rúnar Bjarnason', 'Brynjar Ingi Bjarnason', 'Aron Bjarnason']",Success
516,516,16,1916,360,"Euros 2016, Qualifiers",13.10.14,Iceland vs Netherlands,2014,Iceland,IS,23. Скуласон,Skulason,"['Ólafur Ingi Skúlason', 'Ari Freyr Skúlason']",Success
522,522,22,1922,360,"Euros 2016, Qualifiers",13.10.14,Iceland vs Netherlands,2014,Netherlands,NL,6. де Йонг,de Jong,"['Nigel de Jong', 'Siem de Jong', 'Luuk de Jong', 'Frenkie de Jong']",Success
532,532,32,1932,361,"Euros 2016, Qualifiers",13.10.14,Latvia vs Turkey,2014,Latvia,LV,8. Икауниекс,Ikaunieks,"['Janis Ikaunieks', 'Davis Ikaunieks']",Success
539,539,39,1939,361,"Euros 2016, Qualifiers",13.10.14,Latvia vs Turkey,2014,Turkey,TR,23. Волкан,Volkan,"['Volkan Demirel', 'Volkan Babacan', 'Volkan Şen']",Success
542,542,42,1942,361,"Euros 2016, Qualifiers",13.10.14,Latvia vs Turkey,2014,Turkey,TR,9. Булут,Bulut,"['Umut Bulut', 'Onur Bulut']",Success
543,543,43,1943,361,"Euros 2016, Qualifiers",13.10.14,Latvia vs Turkey,2014,Turkey,TR,10. Арда,Arda,"['Arda Turan', 'Arda Güler']",Success
547,547,47,1947,361,"Euros 2016, Qualifiers",13.10.14,Latvia vs Turkey,2014,Turkey,TR,16. Озан,Ozan,"['Ozan Tufan', 'Ozan Kabak']",Success
559,559,59,1959,362,"Euros 2016, Qualifiers",16.11.14,Netherlands vs Latvia,2014,Latvia,LV,14. Икауниекс,Ikaunieks,"['Janis Ikaunieks', 'Davis Ikaunieks']",Success
565,565,65,1965,363,"Euros 2016, Qualifiers",16.11.14,Czech vs Iceland,2014,Iceland,IS,1. Хадльдорссон,Haldorsson,"['Hannes Thór Halldórsson', 'Hilmar Árni Halldórsson']",Success
567,567,67,1967,363,"Euros 2016, Qualifiers",16.11.14,Czech vs Iceland,2014,Iceland,IS,17. Гуннарссон,Gunnarsson,"['Aron Gunnarsson', 'Patrik Gunnarsson', 'Hördur Ingi Gunnarsson']",Success
570,570,70,1970,364,"Euros 2016, Qualifiers",16.11.14,Turkey vs Kazakhstan,2014,Turkey,TR,1. Волкан,Volkan,"['Volkan Demirel', 'Volkan Babacan', 'Volkan Şen']",Success
574,574,74,1974,364,"Euros 2016, Qualifiers",16.11.14,Turkey vs Kazakhstan,2014,Turkey,TR,16. Озан,Ozan,"['Ozan Tufan', 'Ozan Kabak']",Success
602,602,2,802,498,"Euros 2016, Qualifiers",09.10.15,Slovenia vs Lithuania,2015,Lithuania,LT,18. Панка,Punk,"['Mindaugas Panka', 'Ignas Plukas', 'Lukas Paukste']",Success
604,604,4,804,499,"Euros 2016, Qualifiers",09.10.15,Switzerland vs San Marino,2015,San Marino,SM,4. Делла Валле,Della Valle,"['Alessandro Della Valle', 'Alex Della Valle']",Success
607,607,7,807,499,"Euros 2016, Qualifiers",09.10.15,Switzerland vs San Marino,2015,San Marino,SM,13. Берарди,Berardi,"['Marco Berardi', 'Filippo Berardi']",Success
608,608,8,808,499,"Euros 2016, Qualifiers",09.10.15,Switzerland vs San Marino,2015,San Marino,SM,6. Гасперини,Gasperini,"['Frederico Gasperoni', 'Alex Gasperoni', 'Lorenzo Gasperoni']",Success
609,609,9,809,499,"Euros 2016, Qualifiers",09.10.15,Switzerland vs San Marino,2015,San Marino,SM,9. Витайоли,Vitaioli,"['Fabio Vitaioli', 'Matteo Vitaioli']",Success
610,610,10,810,499,"Euros 2016, Qualifiers",09.10.15,Switzerland vs San Marino,2015,San Marino,SM,18. Голинуччи,Golinucci,"['Enrico Golinucci', 'Alessandro Golinucci']",Success
617,617,17,817,501,"Euros 2016, Qualifiers",12.10.15,Lithuania vs England,2015,Lithuania,LT,18. Панка,Punk,"['Mindaugas Panka', 'Ignas Plukas', 'Lukas Paukste']",Success
624,624,24,824,502,"Euros 2016, Qualifiers",12.10.15,San Marino vs Slovenia,2015,San Marino,SM,7. Витайоли,Vitaioli,"['Fabio Vitaioli', 'Matteo Vitaioli']",Success
629,629,29,829,502,"Euros 2016, Qualifiers",12.10.15,San Marino vs Slovenia,2015,San Marino,SM,19. Баттистини,Battistini,"['Manuel Battistini', 'Michael Battistini']",Success
630,630,30,830,502,"Euros 2016, Qualifiers",12.10.15,San Marino vs Slovenia,2015,San Marino,SM,20. Гасперони,Gasperoni,"['Frederico Gasperoni', 'Alex Gasperoni', 'Lorenzo Gasperoni']",Success
632,632,32,832,1434,Nations League 2018-2020,08.09.18,Northern Ireland vs Bosnia-Herzegovina,2018,Bosnia,BA,Sarić,Sarić,"['Dario Saric', 'Elvis Saric']",Success
633,633,33,833,1435,Nations League 2018-2020,11.09.18,Bosnia-Herzegovina vs Austria,2018,Bosnia,BA,Sarić,Sarić,"['Dario Saric', 'Elvis Saric']",Success
634,634,34,834,1437,Nations League 2018-2020,15.10.18,Bosnia-Herzegovina vs Northern Ireland,2018,Bosnia,BA,Vranješ,Vranješ,"['Stojan Vranjes', 'Ognjen Vranjes']",Success
635,635,35,835,1437,Nations League 2018-2020,15.10.18,Bosnia-Herzegovina vs Northern Ireland,2018,Bosnia,BA,Sarić,Sarić,"['Dario Saric', 'Elvis Saric']",Success
636,636,36,836,1438,Nations League 2018-2020,15.11.18,Austria vs Bosnia-Herzegovina,2018,Bosnia,BA,Vranješ,Vranješ,"['Stojan Vranjes', 'Ognjen Vranjes']",Success
637,637,37,837,1438,Nations League 2018-2020,15.11.18,Austria vs Bosnia-Herzegovina,2018,Bosnia,BA,Sarić,Sarić,"['Dario Saric', 'Elvis Saric']",Success
639,639,39,839,1447,Nations League 2018-2020,10.09.18,Scotland vs Albania,2018,Scotland,SC,11. Рассел,Russell,"['Russell Martin', 'Johnny Russell']",Success
642,642,42,842,1448,Nations League 2018-2020,11.10.18,Israel vs Scotland,2018,Scotland,SC,11. Рассел,Russell,"['Russell Martin', 'Johnny Russell']",Success
654,654,54,854,1404,Nations League 2018-2020,08.09.18,Switzerland vs Iceland,2018,Iceland,IS,4. Пальссон,Palsson,"['Victor Pálsson', 'Emil Pálsson']",Success
671,671,71,871,506,"Euros 2016, Qualifiers",11.10.14,Romania vs Hungary,2014,Hungary,HU,8. Варга,Varga,"['József Varga', 'Roland Varga', 'Kevin Varga', 'Barnabás Varga']",Success
677,677,77,877,507,"Euros 2016, Qualifiers",11.10.14,Finland vs Greece,2014,Finland,FI,1. Мяэнпяя,Mäenpää,"['Niki Mäenpää', 'Niilo Mäenpää']",Success
678,678,78,878,507,"Euros 2016, Qualifiers",11.10.14,Finland vs Greece,2014,Finland,FI,3. Мойсандер,Moisander,"['Niklas Moisander', 'Henrik Moisander']",Success
686,686,86,886,507,"Euros 2016, Qualifiers",11.10.14,Finland vs Greece,2014,Finland,FI,11. Риски,Risks,"['Roope Riski', 'Riku Riski']",Success
693,693,93,893,507,"Euros 2016, Qualifiers",11.10.14,Finland vs Greece,2014,Greece,GR,17. Атанасиадис,Athanasiadis,"['Stefanos Athanasiadis', 'Georgios Athanasiadis']",Success
699,699,99,899,508,"Euros 2016, Qualifiers",11.10.14,Northern Ireland vs Faroe Islands,2014,North. Ireland, NI,2. Маклафлин,Mc Laughlin,"['Conor McLaughlin', 'Ryan McLaughlin']",Success
715,715,15,2415,53,U-20 World Cup 2019,14.06.19,Italy U-20 vs Ecuador U-20,2019,Ecuador,EC,1. Рамирес,Ramirez,"['Cristian Ramírez', 'Moisés Ramírez']",Success
726,726,26,2426,55,U-20 World Cup 2019,11.06.19,Ecuador U-20 vs South Korea U-20,2019,Ecuador,EC,1. Рамирес,Ramirez,"['Cristian Ramírez', 'Moisés Ramírez']",Success
755,755,55,2455,56,U-20 World Cup 2019,07.06.19,Colombia U-20 vs Ukraine U-20,2019,Colombia,CO,7. Ангуло,Angulo,"['Brayan Angulo', 'Álvaro Angulo']",Success
760,760,60,2460,57,U-20 World Cup 2019,07.06.19,Italy U-20 vs Mali U-20,2019,Mali,ML,15. Диаби,Diaby,"['Abdoulay Diaby', 'Alassane Diaby', 'Yoro Diaby']",Success
775,775,75,2475,58,U-20 World Cup 2019,08.06.19,United States U-20 vs Ecuador U-20,2019,Ecuador,EC,1. Рамирес,Ramirez,"['Cristian Ramírez', 'Moisés Ramírez']",Success
799,799,99,2499,59,U-20 World Cup 2019,08.06.19,South Korea U-20 vs Senegal U-20,2019,Senegal,SN,12. Дионку,Dionku,"['Alpha Diounkou', 'Daouda Diongue']",Success
803,803,3,903,508,"Euros 2016, Qualifiers",11.10.14,Northern Ireland vs Faroe Islands,2014,North. Ireland, NI,18. Хьюз,Hughes,"['Aaron Hughes', 'Liam Hughes']",Success
808,808,8,908,508,"Euros 2016, Qualifiers",11.10.14,Northern Ireland vs Faroe Islands,2014,North. Ireland, NI,10. Лафферти,Lafferty,"['Danny Lafferty', 'Kyle Lafferty']",Success
809,809,9,909,508,"Euros 2016, Qualifiers",11.10.14,Northern Ireland vs Faroe Islands,2014,Faroe Islands,FO,1. Нильсен,Nielsen,"['Gunnar Nielsen', 'Eli Nielsen']",Success
810,810,10,910,508,"Euros 2016, Qualifiers",11.10.14,Northern Ireland vs Faroe Islands,2014,Faroe Islands,FO,3. Давидсен,Davidsen,"['Viljormur Davidsen', 'Jóhan Troest Davidsen', 'Jógvan Davidsen']",Success
813,813,13,913,508,"Euros 2016, Qualifiers",11.10.14,Northern Ireland vs Faroe Islands,2014,Faroe Islands,FO,13. Юстинуссен,Justinussen,"['Pól Jóhannus Justinussen', 'Finnur Justinussen', 'Adrian Justinussen']",Success
816,816,16,916,508,"Euros 2016, Qualifiers",11.10.14,Northern Ireland vs Faroe Islands,2014,Faroe Islands,FO,7. Беньяминсен,Benjaminsen,"['Fródi Benjaminsen', 'Jann Benjaminsen']",Success
819,819,19,919,508,"Euros 2016, Qualifiers",11.10.14,Northern Ireland vs Faroe Islands,2014,Faroe Islands,FO,16. Эдмундсон,Edmundson,"['Jóan Símun Edmundsson', 'Andrias Edmundsson']",Success
820,820,20,920,509,"Euros 2016, Qualifiers",14.10.14,Faroe Islands vs Hungary,2014,Faroe Islands,FO,1. Нильсен,Nielsen,"['Gunnar Nielsen', 'Eli Nielsen']",Success
822,822,22,922,509,"Euros 2016, Qualifiers",14.10.14,Faroe Islands vs Hungary,2014,Faroe Islands,FO,3. Давидсен,Davidsen,"['Viljormur Davidsen', 'Jóhan Troest Davidsen', 'Jógvan Davidsen']",Success
826,826,26,926,509,"Euros 2016, Qualifiers",14.10.14,Faroe Islands vs Hungary,2014,Faroe Islands,FO,7. Беньяминсен,Benjaminsen,"['Fródi Benjaminsen', 'Jann Benjaminsen']",Success
828,828,28,928,509,"Euros 2016, Qualifiers",14.10.14,Faroe Islands vs Hungary,2014,Faroe Islands,FO,16. Эдмундсон,Edmundson,"['Jóan Símun Edmundsson', 'Andrias Edmundsson']",Success
829,829,29,929,509,"Euros 2016, Qualifiers",14.10.14,Faroe Islands vs Hungary,2014,Faroe Islands,FO,17. Ванхамар,Vanhamar,"['Sölvi Vatnhamar', 'Gunnar Vatnhamar']",Success
830,830,30,930,509,"Euros 2016, Qualifiers",14.10.14,Faroe Islands vs Hungary,2014,Faroe Islands,FO,18. Ольсен,Olsen,"['Klaemint Olsen', 'Andreas Lava Olsen', 'Meinhard Olsen']",Success
836,836,36,936,509,"Euros 2016, Qualifiers",14.10.14,Faroe Islands vs Hungary,2014,Hungary,HU,8. Варга,Varga,"['József Varga', 'Roland Varga', 'Kevin Varga', 'Barnabás Varga']",Success
842,842,42,942,510,"Euros 2016, Qualifiers",14.10.14,Finland vs Romania,2014,Finland,FI,1. Мяэнпяя,Mäenpää,"['Niki Mäenpää', 'Niilo Mäenpää']",Success
843,843,43,943,510,"Euros 2016, Qualifiers",14.10.14,Finland vs Romania,2014,Finland,FI,3. Мойсандер,Moisander,"['Niklas Moisander', 'Henrik Moisander']",Success
846,846,46,946,510,"Euros 2016, Qualifiers",14.10.14,Finland vs Romania,2014,Finland,FI,8. Хетемай,Hetemai,"['Mehmet Hetemaj', 'Perparim Hetemaj']",Success
851,851,51,951,510,"Euros 2016, Qualifiers",14.10.14,Finland vs Romania,2014,Finland,FI,21. Хямяляйнен,Hämäläinen,"['Kasper Hämäläinen', 'Niko Hämäläinen']",Success
860,860,60,960,510,"Euros 2016, Qualifiers",14.10.14,Finland vs Romania,2014,Romania,RO,10. Тэнасе,Tanase,"['Florin Tănase', 'Cristian Tănase']",Success
876,876,76,976,511,"Euros 2016, Qualifiers",14.10.14,Greece vs Northern Ireland,2014,North. Ireland, NI,2. Маклафлин,Mc Laughlin,"['Conor McLaughlin', 'Ryan McLaughlin']",Success
880,880,80,980,511,"Euros 2016, Qualifiers",14.10.14,Greece vs Northern Ireland,2014,North. Ireland, NI,10. Лафферти,Lafferty,"['Danny Lafferty', 'Kyle Lafferty']",Success
882,882,82,982,511,"Euros 2016, Qualifiers",14.10.14,Greece vs Northern Ireland,2014,North. Ireland, NI,13. Эванс,Evans,"['Jonny Evans', 'Corry Evans']",Success
884,884,84,984,511,"Euros 2016, Qualifiers",14.10.14,Greece vs Northern Ireland,2014,North. Ireland, NI,18. Хьюз,Hughes,"['Aaron Hughes', 'Liam Hughes']",Success
886,886,86,986,521,"Euros 2016, Qualifiers",04.09.15,Faroe Islands vs Northern Ireland,2015,Faroe Islands,FO,1. Нильсен,Nielsen,"['Gunnar Nielsen', 'Eli Nielsen']",Success
890,890,90,990,521,"Euros 2016, Qualifiers",04.09.15,Faroe Islands vs Northern Ireland,2015,Faroe Islands,FO,7. Беньяминсен,Benjaminsen,"['Fródi Benjaminsen', 'Jann Benjaminsen']",Success
894,894,94,994,521,"Euros 2016, Qualifiers",04.09.15,Faroe Islands vs Northern Ireland,2015,Faroe Islands,FO,11. Эдмундсон,Edmundson,"['Jóan Símun Edmundsson', 'Andrias Edmundsson']",Success
895,895,95,995,521,"Euros 2016, Qualifiers",04.09.15,Faroe Islands vs Northern Ireland,2015,Faroe Islands,FO,14. Ванхамар,Vanhamar,"['Sölvi Vatnhamar', 'Gunnar Vatnhamar']",Success
898,898,98,998,521,"Euros 2016, Qualifiers",04.09.15,Faroe Islands vs Northern Ireland,2015,North. Ireland, NI,2. Маклафлин,Mc Laughlin,"['Conor McLaughlin', 'Ryan McLaughlin']",Success
900,900,0,0,4222,"World Cup 2014, Qualifiers, CONMEBOL",10-Jun-12,Uruguay vs Peru,2012,Peru,PE,Gonzáles,Gonzáles,"['Christofer Gonzales', 'Jairsinho Gonzales']",Success
901,901,1,1,4011,"World Cup 2018, Qualifiers, CONCACAF",13-Nov-15,Guatemala vs Trinidad and Tobago,2015,Guatemala,GT,Ruíz,Ruíz,"['Lester Ruiz', 'Andy Ruiz', 'Kevin Ruiz', 'Diego Ruiz', 'Luis Fernando Ruiz', 'Carlos Ruiz', 'Léster Ruiz']",Success
902,902,2,2,4017,"World Cup 2018, Qualifiers, CONCACAF",17-Nov-15,Saint Vincent and the Grenadines vs Guatemala,2015,Guatemala,GT,Ruíz,Ruíz,"['Lester Ruiz', 'Andy Ruiz', 'Kevin Ruiz', 'Diego Ruiz', 'Luis Fernando Ruiz', 'Carlos Ruiz', 'Léster Ruiz']",Success
903,903,3,3,4027,"World Cup 2018, Qualifiers, CONCACAF",25-Mar-16,Guatemala vs USA,2016,Guatemala,GT,Ruíz,Ruíz,"['Lester Ruiz', 'Andy Ruiz', 'Kevin Ruiz', 'Diego Ruiz', 'Luis Fernando Ruiz', 'Carlos Ruiz', 'Léster Ruiz']",Success
904,904,4,4,4037,"World Cup 2018, Qualifiers, CONCACAF",02-Sep-16,Trinidad and Tobago vs Guatemala,2016,Guatemala,GT,Ruíz,Ruíz,"['Lester Ruiz', 'Andy Ruiz', 'Kevin Ruiz', 'Diego Ruiz', 'Luis Fernando Ruiz', 'Carlos Ruiz', 'Léster Ruiz']",Success
905,905,5,5,4040,"World Cup 2018, Qualifiers, CONCACAF",06-Sep-16,Guatemala vs Saint Vincent and the Grenadines,2016,Guatemala,GT,Ruíz,Ruíz,"['Lester Ruiz', 'Andy Ruiz', 'Kevin Ruiz', 'Diego Ruiz', 'Luis Fernando Ruiz', 'Carlos Ruiz', 'Léster Ruiz']",Success
908,908,8,8,1237,Copa America 2015,22.06.15,Brazil vs Venezuela,2015,Venezuela,VE,3. Туньес,Tunez,"['Andres Tunez', 'Andres Tuñez']",Success
912,912,12,12,1237,Copa America 2015,22.06.15,Brazil vs Venezuela,2015,Venezuela,VE,10. Варгас,Vargas,"['Luis Vargas', 'Ronald Vargas', 'Jefre Vargas', 'Freddy Vargas']",Success
949,949,49,49,605,"Euros 2016, Qualifiers",04.09.15,Denmark vs Albania,2015,Denmark,DK,6. Якобсен,Jacobsen,"['Lars Jacobsen', 'Christopher Jacobsen']",Success
955,955,55,55,605,"Euros 2016, Qualifiers",04.09.15,Denmark vs Albania,2015,Denmark,DK,23. Хейбьерг,Højbjerg,"['Pierre-Emile Højbjerg', 'Jeppe Højbjerg']",Success
967,967,67,67,606,"Euros 2016, Qualifiers",04.09.15,Serbia vs Armenia,2015,Serbia,RS,1. Стойкович,Stojkovic,"['Vladimir Stojkovic', 'Arandjel Stojkovic']",Success
969,969,69,69,606,"Euros 2016, Qualifiers",04.09.15,Serbia vs Armenia,2015,Serbia,RS,6. Иванович,"['Djordje Ivanovic', 'Branislav Ivanovic']","['Djordje Ivanovic', 'Branislav Ivanovic']",Success
970,970,70,70,606,"Euros 2016, Qualifiers",04.09.15,Serbia vs Armenia,2015,Serbia,RS,9. Митрович,Mitrović,"['Stefan Mitrovic', 'Aleksandar Mitrovic']",Success
973,973,73,73,606,"Euros 2016, Qualifiers",04.09.15,Serbia vs Armenia,2015,Serbia,RS,14. Матич,Matic,"['Nemanja Matic', 'Uros Matic']",Success
984,984,84,84,607,"Euros 2016, Qualifiers",07.09.15,Armenia vs Denmark,2015,Armenia,AM,6. Мкртчян,Mkrtchyan,"['Karlen Mkrtchyan', 'Styopa Mkrtchyan', 'Rudik Mkrtchyan', 'Sergey Mkrtchyan']",Success
986,986,86,86,607,"Euros 2016, Qualifiers",07.09.15,Armenia vs Denmark,2015,Armenia,AM,10. Казарян,Ghazaryan,"['Gevorg Ghazaryan', 'Arman Ghazaryan']",Success
995,995,95,95,607,"Euros 2016, Qualifiers",07.09.15,Armenia vs Denmark,2015,Denmark,DK,6. Якобсен,Jacobsen,"['Lars Jacobsen', 'Christopher Jacobsen']",Success
998,998,98,98,607,"Euros 2016, Qualifiers",07.09.15,Armenia vs Denmark,2015,Denmark,DK,18. Поульсен,Poulsen,"['Jakob Poulsen', 'Simon Poulsen', 'Yussuf Poulsen']",Success
1000,1000,0,1000,521,"Euros 2016, Qualifiers",04.09.15,Faroe Islands vs Northern Ireland,2015,North. Ireland, NI,5. Эванс,Evans,"['Jonny Evans', 'Corry Evans']",Success
1004,1004,4,1004,521,"Euros 2016, Qualifiers",04.09.15,Faroe Islands vs Northern Ireland,2015,North. Ireland, NI,10. Лафферти,Lafferty,"['Danny Lafferty', 'Kyle Lafferty']",Success
1014,1014,14,1014,522,"Euros 2016, Qualifiers",04.09.15,Greece vs Finland,2015,Greece,GR,14. Пападопулос,Papadopoulos,"['Avraam Papadopoulos', 'Dimitrios Papadopoulos', 'Kyriakos Papadopoulos']",Success
1022,1022,22,1022,522,"Euros 2016, Qualifiers",04.09.15,Greece vs Finland,2015,Finland,FI,8. Хетемай,Hetemai,"['Mehmet Hetemaj', 'Perparim Hetemaj']",Success
1029,1029,29,1029,522,"Euros 2016, Qualifiers",04.09.15,Greece vs Finland,2015,Finland,FI,21. Хямяляйнен,Hämäläinen,"['Kasper Hämäläinen', 'Niko Hämäläinen']",Success
1051,1051,51,1051,523,"Euros 2016, Qualifiers",04.09.15,Hungary vs Romania,2015,Romania,RO,22. Попа,Popa,"['Adrian Popa', 'Mihai Popa']",Success
1055,1055,55,1055,524,"Euros 2016, Qualifiers",07.09.15,Finland vs Faroe Islands,2015,Finland,FI,17. Лам,Lam,"['Veli Lampi', 'Thomas Lam']",Success
1059,1059,59,1059,524,"Euros 2016, Qualifiers",07.09.15,Finland vs Faroe Islands,2015,Finland,FI,11. Риски,Risks,"['Roope Riski', 'Riku Riski']",Success
1061,1061,61,1061,524,"Euros 2016, Qualifiers",07.09.15,Finland vs Faroe Islands,2015,Faroe Islands,FO,1. Нильсен,Nielsen,"['Gunnar Nielsen', 'Eli Nielsen']",Success
1064,1064,64,1064,524,"Euros 2016, Qualifiers",07.09.15,Finland vs Faroe Islands,2015,Faroe Islands,FO,7. Беньяминсен,Benjaminsen,"['Fródi Benjaminsen', 'Jann Benjaminsen']",Success
1070,1070,70,1070,525,"Euros 2016, Qualifiers",07.09.15,Northern Ireland vs Hungary,2015,North. Ireland, NI,2. Маклафлин,Mc Laughlin,"['Conor McLaughlin', 'Ryan McLaughlin']",Success
1090,1090,90,1090,527,"Euros 2016, Qualifiers",08.10.15,Hungary vs Faroe Islands,2015,Faroe Islands,FO,3. Давидсен,Davidsen,"['Viljormur Davidsen', 'Jóhan Troest Davidsen', 'Jógvan Davidsen']",Success
1093,1093,93,1093,527,"Euros 2016, Qualifiers",08.10.15,Hungary vs Faroe Islands,2015,Faroe Islands,FO,14. Ванхамар,Vanhamar,"['Sölvi Vatnhamar', 'Gunnar Vatnhamar']",Success
1095,1095,95,1095,527,"Euros 2016, Qualifiers",08.10.15,Hungary vs Faroe Islands,2015,Faroe Islands,FO,20. Якобсен,Jacobsen,"['Erling Jacobsen', 'Hanus Jacobsen', 'Magnus Jacobsen']",Success
1096,1096,96,1096,527,"Euros 2016, Qualifiers",08.10.15,Hungary vs Faroe Islands,2015,Faroe Islands,FO,21. Йоэнсен,Joensen,"['Kristian Joensen', 'René Joensen']",Success
1110,1110,10,2710,219,World Cup 2014,22.06.14,South Korea vs Algeria,2014,Algeria,DZ,2. Бугерра,Boogerra,"['Madjid Bougherra', 'Aimen Bouguerra']",Success
1147,1147,47,2747,263,World Cup 2018,17.06.18,Costa Rica vs Serbia,2018,Serbia,RS,1. Стойкович,Stojkovic,"['Vladimir Stojkovic', 'Arandjel Stojkovic']",Success
1150,1150,50,2750,266,World Cup 2018,22.06.18,Serbia vs Switzerland,2018,Serbia,RS,1. Стойкович,Stojkovic,"['Vladimir Stojkovic', 'Arandjel Stojkovic']",Success
1151,1151,51,2751,267,World Cup 2018,27.06.18,Serbia vs Brazil,2018,Serbia,RS,1. Стойкович,Stojkovic,"['Vladimir Stojkovic', 'Arandjel Stojkovic']",Success
1154,1154,54,2754,276,World Cup 2018,18.06.18,Tunisia vs England,2018,Tunisia,TN,12. Маалул,Maalul,"['Ali Maâloul', 'Mohamed Hedi Gaaloul']",Success
1156,1156,56,2756,277,World Cup 2018,23.06.18,Belgium vs Tunisia,2018,Tunisia,TN,12. Маалул,Maalul,"['Ali Maâloul', 'Mohamed Hedi Gaaloul']",Success
1190,1190,90,2790,1480,Nations League 2018-2020,11.10.18,Lithuania vs Romania,2018,Romania,RO,4. Тамаш,Tamás,"['Gabriel Tamas', 'Gabriel Tamaș']",Success
1206,1206,6,2106,382,"Euros 2016, Qualifiers",13.10.15,Turkey vs Iceland,2015,Turkey,TR,23. Волкан,Volkan,"['Volkan Demirel', 'Volkan Babacan', 'Volkan Şen']",Success
1211,1211,11,2111,385,"Euros 2016, Qualifiers",10.10.14,Belgium vs Andorra,2014,Andorra,AD,5. Гарсия,Garcia,"['Emili Garcia', 'Marc García', 'Christian Garcia']",Success
1214,1214,14,2114,385,"Euros 2016, Qualifiers",10.10.14,Belgium vs Andorra,2014,Andorra,AD,3. Валес,Vales,"['Marc Vales', 'Eric Vales']",Success
1230,1230,30,2130,386,"Euros 2016, Qualifiers",10.10.14,Cyprus vs Israel,2014,Cyprus,CY,23. Николау,Nikolaou,"['Marios Nikolaou', 'Thomas Nikolaou']",Success
1243,1243,43,2143,387,"Euros 2016, Qualifiers",10.10.14,Wales vs Bosnia-Herzegovina,2014,Wales,WA,3. Тэйлор,Taylor,"['Neil Taylor', 'Jake Taylor']",Success
1247,1247,47,2147,387,"Euros 2016, Qualifiers",10.10.14,Wales vs Bosnia-Herzegovina,2014,Wales,WA,8. Кинг,King,"['Andy King', 'Tom King']",Success
1257,1257,57,2157,387,"Euros 2016, Qualifiers",10.10.14,Wales vs Bosnia-Herzegovina,2014,Bosnia,BA,9. Ибишевич,Ibishevich,"['Vedad Ibisevic', 'Elvir Ibisevic']",Success
1260,1260,60,2160,387,"Euros 2016, Qualifiers",10.10.14,Wales vs Bosnia-Herzegovina,2014,Bosnia,BA,14. Сушич,Sushich,"['Tino-Sven Susic', 'Mateo Susic']",Success
1261,1261,61,2161,387,"Euros 2016, Qualifiers",10.10.14,Wales vs Bosnia-Herzegovina,2014,Bosnia,BA,21. Хаджич,Hadzic,"['Anel Hadzic', 'Irfan Hadzic']",Success
1264,1264,64,2164,388,"Euros 2016, Qualifiers",13.10.14,Andorra vs Israel,2014,Andorra,AD,2. Мартинес,Martínez,"['Cristian Martínez', 'Alex Martínez']",Success
1265,1265,65,2165,388,"Euros 2016, Qualifiers",13.10.14,Andorra vs Israel,2014,Andorra,AD,3. Валес,Vales,"['Marc Vales', 'Eric Vales']",Success
1285,1285,85,2185,389,"Euros 2016, Qualifiers",13.10.14,Bosnia-Herzegovina vs Belgium,2014,Bosnia,BA,21. Хаджич,Hadzic,"['Anel Hadzic', 'Irfan Hadzic']",Success
1290,1290,90,2190,390,"Euros 2016, Qualifiers",13.10.14,Wales vs Cyprus,2014,Wales,WA,3. Тейлор,Taylor,"['Neil Taylor', 'Jake Taylor']",Success
1293,1293,93,2193,390,"Euros 2016, Qualifiers",13.10.14,Wales vs Cyprus,2014,Wales,WA,8. Кинг,King,"['Andy King', 'Tom King']",Success
1309,1309,9,2609,197,World Cup 2014,24.06.14,Costa Rica vs England,2014,Costa Rica,CR,14. Бренес,Brenes,"['Randall Brenes', 'Jefferson Brenes']",Success
1313,1313,13,2613,199,World Cup 2014,15.06.14,France vs Honduras,2014,Honduras,HN,5. Бернардес,Bernardez,"['Marvin Bernardez', 'Victor Bernardez', 'Víctor Bernárdez', 'Marvin Bernárdez']",Success
1321,1321,21,2621,201,World Cup 2014,21.06.14,Honduras vs Ecuador,2014,Honduras,HN,5. Бернардес,Bernardez,"['Marvin Bernardez', 'Victor Bernardez', 'Víctor Bernárdez', 'Marvin Bernárdez']",Success
1333,1333,33,2633,202,World Cup 2014,25.06.14,Honduras vs Switzerland,2014,Honduras,HN,5. Бернардес,Bernardez,"['Marvin Bernardez', 'Victor Bernardez', 'Víctor Bernárdez', 'Marvin Bernárdez']",Success
1345,1345,45,2645,205,World Cup 2014,16.06.14,Iran vs Nigeria,2014,Iran,IR,4. Хоссейни,Hosseini,"['Seyed Jalal Hosseini', 'Seyed Mohsen Hosseini', 'Hossein Hosseini', 'Majid Hosseini', 'Seyed Mehdi Hosseini']",Success
1346,1346,46,2646,205,World Cup 2014,16.06.14,Iran vs Nigeria,2014,Iran,IR,5. Садеги,Sadeghi,"['Amirhossein Sadeghi', 'Saeid Sadeghi', 'Amirali Sadeghi']",Success
1357,1357,57,2657,206,World Cup 2014,21.06.14,Argentina vs Iran,2014,Iran,IR,4. Хоссейни,Hosseini,"['Seyed Jalal Hosseini', 'Seyed Mohsen Hosseini', 'Hossein Hosseini', 'Majid Hosseini', 'Seyed Mehdi Hosseini']",Success
1358,1358,58,2658,206,World Cup 2014,21.06.14,Argentina vs Iran,2014,Iran,IR,5. Садеги,Sadeghi,"['Amirhossein Sadeghi', 'Saeid Sadeghi', 'Amirali Sadeghi']",Success
1369,1369,69,2669,209,World Cup 2014,25.06.14,Bosnia-Herzegovina vs Iran,2014,Bosnia,BA,21. Хаджич,Hadzic,"['Anel Hadzic', 'Irfan Hadzic']",Success
1371,1371,71,2671,209,World Cup 2014,25.06.14,Bosnia-Herzegovina vs Iran,2014,Iran,IR,4. Хоссейни,Hosseini,"['Seyed Jalal Hosseini', 'Seyed Mohsen Hosseini', 'Hossein Hosseini', 'Majid Hosseini', 'Seyed Mehdi Hosseini']",Success
1372,1372,72,2672,209,World Cup 2014,25.06.14,Bosnia-Herzegovina vs Iran,2014,Iran,IR,5. Садеги,Sadeghi,"['Amirhossein Sadeghi', 'Saeid Sadeghi', 'Amirali Sadeghi']",Success
1383,1383,83,2683,212,World Cup 2014,21.06.14,Germany vs Ghana,2014,Ghana,GH,23. Аффул,Afful,"['Harrison Afful', 'Samuel Afful']",Success
1391,1391,91,2691,215,World Cup 2014,26.06.14,Portugal vs Ghana,2014,Ghana,GH,23. Аффул,Afful,"['Harrison Afful', 'Samuel Afful']",Success
1393,1393,93,2693,216,World Cup 2014,17.06.14,Belgium vs Algeria,2014,Algeria,DZ,2. Бугерра,Boogerra,"['Madjid Bougherra', 'Aimen Bouguerra']",Success
1400,1400,0,500,455,"Euros 2016, Qualifiers",29.03.15,Georgia vs Germany,2015,Georgia,GE,19. Кобахидзе,Kobakhidze,"['Aleksandre Kobakhidze', 'Mamuka Kobakhidze']",Success
1405,1405,5,505,461,"Euros 2016, Qualifiers",04.09.15,Georgia vs Scotland,2015,Georgia,GE,3. Кверквелия,Kverkvelia,"['Solomon Kvirkvelia', 'Davit Kvirkvelia']",Success
1421,1421,21,521,461,"Euros 2016, Qualifiers",04.09.15,Georgia vs Scotland,2015,Scotland,SC,8. Браун,Brown,"['Scott Brown', 'Jacob Brown', 'Julio Brown']",Success
1426,1426,26,526,463,"Euros 2016, Qualifiers",04.09.15,Gibraltar vs Ireland,2015,Gibraltar,GI,1. Перес,Perez,"['Brian Perez', 'Jordan Perez']",Success
1435,1435,35,535,463,"Euros 2016, Qualifiers",04.09.15,Gibraltar vs Ireland,2015,Gibraltar,GI,18. Дуарте,Duarte,"['Daniel Duarte', 'John-Paul Duarte']",Success
1436,1436,36,536,463,"Euros 2016, Qualifiers",04.09.15,Gibraltar vs Ireland,2015,Gibraltar,GI,20. Гарсия,Garcia,"['Jean-Carlos Garcia', 'Kieron Garcia']",Success
1455,1455,55,555,464,"Euros 2016, Qualifiers",07.09.15,Poland vs Gibraltar,2015,Gibraltar,GI,20. Гарсия,Garcia,"['Jean-Carlos Garcia', 'Kieron Garcia']",Success
1460,1460,60,560,467,"Euros 2016, Qualifiers",08.10.15,Georgia vs Gibraltar,2015,Gibraltar,GI,1. Перес,Perez,"['Brian Perez', 'Jordan Perez']",Success
1464,1464,64,564,467,"Euros 2016, Qualifiers",08.10.15,Georgia vs Gibraltar,2015,Gibraltar,GI,20. Гарсия,Garcia,"['Jean-Carlos Garcia', 'Kieron Garcia']",Success
1470,1470,70,570,468,"Euros 2016, Qualifiers",08.10.15,Ireland vs Germany,2015,Ireland,IE,17. Киог,Kyogh,"['Richard Keogh', 'Andy Keogh']",Success
1471,1471,71,571,470,"Euros 2016, Qualifiers",11.10.15,Germany vs Georgia,2015,Georgia,GE,9. Гелашвили,Gelashvili,"['Nikoloz Gelashvili', 'Iva Gelashvili']",Success
1480,1480,80,580,471,"Euros 2016, Qualifiers",11.10.15,Gibraltar vs Scotland,2015,Gibraltar,GI,14. Дуарте,Duarte,"['Daniel Duarte', 'John-Paul Duarte']",Success
1483,1483,83,583,471,"Euros 2016, Qualifiers",11.10.15,Gibraltar vs Scotland,2015,Gibraltar,GI,20. Гарсия,Garcia,"['Jean-Carlos Garcia', 'Kieron Garcia']",Success
1488,1488,88,588,472,"Euros 2016, Qualifiers",11.10.15,Poland vs Ireland,2015,Ireland,IE,17. Киог,Kyogh,"['Richard Keogh', 'Andy Keogh']",Success
1490,1490,90,590,476,"Euros 2016, Qualifiers",09.10.14,England vs San Marino,2014,San Marino,SM,1. Симончини,Simoncini,"['Aldo Simoncini', 'Davide Simoncini', 'Michael Simoncini']",Success
1492,1492,92,592,476,"Euros 2016, Qualifiers",09.10.14,England vs San Marino,2014,San Marino,SM,3. Баттистини,Battistini,"['Manuel Battistini', 'Michael Battistini']",Success
1495,1495,95,595,476,"Euros 2016, Qualifiers",09.10.14,England vs San Marino,2014,San Marino,SM,6. Делла Валле,Della Valle,"['Alessandro Della Valle', 'Alex Della Valle']",Success
1505,1505,5,205,412,"Euros 2016, Qualifiers",13.10.15,Wales vs Andorra,2015,Andorra,AD,8. Виейра,Vieira,"['Márcio Vieira', 'Xavier Vieira']",Success
1530,1530,30,230,417,"Euros 2016, Qualifiers",09.10.14,North Macedonia vs Luxembourg,2014,N. Macedonia,MK,13. Ристовски,Ristowski,"['Stefan Ristovski', 'Milan Ristovski']",Success
1531,1531,31,231,417,"Euros 2016, Qualifiers",09.10.14,North Macedonia vs Luxembourg,2014,N. Macedonia,MK,8. Демири,Demiri,"['Muhamed Demiri', 'Besir Demiri']",Success
1532,1532,32,232,417,"Euros 2016, Qualifiers",09.10.14,North Macedonia vs Luxembourg,2014,N. Macedonia,MK,10. Ибраими,Ibraimi,"['Agim Ibraimi', 'Besart Ibraimi']",Success
1543,1543,43,243,417,"Euros 2016, Qualifiers",09.10.14,North Macedonia vs Luxembourg,2014,Luxembourg,LU,7. Жерсон,Gerson,"['Lars Gerson', 'Gerson Rodrigues']",Success
1544,1544,44,244,417,"Euros 2016, Qualifiers",09.10.14,North Macedonia vs Luxembourg,2014,Luxembourg,LU,8. Мартинс,Martins,"['Marvin Martins', 'Christopher Martins Pereira']",Success
1555,1555,55,255,419,"Euros 2016, Qualifiers",12.10.14,Ukraine vs North Macedonia,2014,N. Macedonia,MK,16. Глигоров,Gligorov,"['Nikola Gligorov', 'Gligor Gligorov']",Success
1558,1558,58,258,419,"Euros 2016, Qualifiers",12.10.14,Ukraine vs North Macedonia,2014,N. Macedonia,MK,21. Ивановски,Ivanovsky,"['Daniel Ivanovski', 'Mirko Ivanovski', 'Filip Ivanovski']",Success
1568,1568,68,268,421,"Euros 2016, Qualifiers",12.10.14,Luxembourg vs Spain,2014,Luxembourg,LU,7. Жерсон,Gerson,"['Lars Gerson', 'Gerson Rodrigues']",Success
1569,1569,69,269,421,"Euros 2016, Qualifiers",12.10.14,Luxembourg vs Spain,2014,Luxembourg,LU,8. Мартинс,Martins,"['Marvin Martins', 'Christopher Martins Pereira']",Success
1578,1578,78,278,422,"Euros 2016, Qualifiers",15.11.14,Luxembourg vs Ukraine,2014,Luxembourg,LU,7. Жерсон,Gerson,"['Lars Gerson', 'Gerson Rodrigues']",Success
1579,1579,79,279,422,"Euros 2016, Qualifiers",15.11.14,Luxembourg vs Ukraine,2014,Luxembourg,LU,8. Мартинс,Martins,"['Marvin Martins', 'Christopher Martins Pereira']",Success
1590,1590,90,290,423,"Euros 2016, Qualifiers",15.11.14,North Macedonia vs Slovakia,2014,N. Macedonia,MK,8. Демири,Demiri,"['Muhamed Demiri', 'Besir Demiri']",Success
1600,1600,0,400,439,"Euros 2016, Qualifiers",09.10.15,Spain vs Luxembourg,2015,Luxembourg,LU,4. Делгаду,Delgado,"['Ricardo Delgado', 'Gilson Delgado']",Success
1616,1616,16,416,441,"Euros 2016, Qualifiers",12.10.15,Luxembourg vs Slovakia,2015,Luxembourg,LU,4. Делгаду,Delgado,"['Ricardo Delgado', 'Gilson Delgado']",Success
1618,1618,18,418,441,"Euros 2016, Qualifiers",12.10.15,Luxembourg vs Slovakia,2015,Luxembourg,LU,8. Мартинс,Martins,"['Marvin Martins', 'Christopher Martins Pereira']",Success
1633,1633,33,433,446,"Euros 2016, Qualifiers",11.10.14,Ireland vs Gibraltar,2014,Gibraltar,GI,8. Бадо,Bado,"['Julio Bado', 'Rafael Bado']",Success
1642,1642,42,442,447,"Euros 2016, Qualifiers",11.10.14,Scotland vs Georgia,2014,Scotland,SC,4. Мартин,Martin,"['Russell Martin', 'Chris Martin', 'Martin Williams']",Success
1643,1643,43,443,447,"Euros 2016, Qualifiers",11.10.14,Scotland vs Georgia,2014,Scotland,SC,5. Хенли,Henley,"['Grant Hanley', 'Henney Dufrene']",Success
1646,1646,46,446,447,"Euros 2016, Qualifiers",11.10.14,Scotland vs Georgia,2014,Scotland,SC,8. Браун,Brown,"['Scott Brown', 'Jacob Brown', 'Julio Brown']",Success
1647,1647,47,447,447,"Euros 2016, Qualifiers",11.10.14,Scotland vs Georgia,2014,Scotland,SC,9. Флетчер,Fletcher,"['Darren Fletcher', 'Steven Fletcher']",Success
1652,1652,52,452,447,"Euros 2016, Qualifiers",11.10.14,Scotland vs Georgia,2014,Georgia,GE,3. Квирквелия,Kvirkvelia,"['Solomon Kvirkvelia', 'Davit Kvirkvelia']",Success
1657,1657,57,457,447,"Euros 2016, Qualifiers",11.10.14,Scotland vs Georgia,2014,Georgia,GE,16. Квирквелия,Kvirkvelia,"['Solomon Kvirkvelia', 'Davit Kvirkvelia']",Success
1660,1660,60,460,447,"Euros 2016, Qualifiers",11.10.14,Scotland vs Georgia,2014,Georgia,GE,9. Гелашвили,Gelashvili,"['Nikoloz Gelashvili', 'Iva Gelashvili']",Success
1671,1671,71,471,450,"Euros 2016, Qualifiers",14.10.14,Gibraltar vs Georgia,2014,Gibraltar,GI,18. Сантос,Santos,"['Kevin de los Santos', 'Yogan Santos', 'Shaun De Los Santos', 'Ethan Santos']",Success
1674,1674,74,474,450,"Euros 2016, Qualifiers",14.10.14,Gibraltar vs Georgia,2014,Gibraltar,GI,20. Гарсия,Garcia,"['Jean-Carlos Garcia', 'Kieron Garcia']",Success
1680,1680,80,480,450,"Euros 2016, Qualifiers",14.10.14,Gibraltar vs Georgia,2014,Georgia,GE,3. Кверквелия,Kverkvelia,"['Solomon Kvirkvelia', 'Davit Kvirkvelia']",Success
1684,1684,84,484,450,"Euros 2016, Qualifiers",14.10.14,Gibraltar vs Georgia,2014,Georgia,GE,9. Гелашвили,Gelashvili,"['Nikoloz Gelashvili', 'Iva Gelashvili']",Success
1690,1690,90,490,451,"Euros 2016, Qualifiers",14.10.14,Poland vs Scotland,2014,Scotland,SC,8. Браун,Brown,"['Scott Brown', 'Jacob Brown', 'Julio Brown']",Success
1694,1694,94,494,455,"Euros 2016, Qualifiers",29.03.15,Georgia vs Germany,2015,Georgia,GE,3. Кверквелия,Kverkvelia,"['Solomon Kvirkvelia', 'Davit Kvirkvelia']",Success
1697,1697,97,497,455,"Euros 2016, Qualifiers",29.03.15,Georgia vs Germany,2015,Georgia,GE,6. Махарадзе,Makharadze,"['Kakhi Makharadze', 'Zauri Makharadze']",Success
1747,1747,47,2047,374,"Euros 2016, Qualifiers",06.09.15,Latvia vs Czech,2015,Czech,CZ,Kolář,Kolář,"['Ondrej Kolar', 'Daniel Kolar']",Success
1750,1750,50,2050,375,"Euros 2016, Qualifiers",06.09.15,Turkey vs Netherlands,2015,Turkey,TR,23. Волкан,Volkan,"['Volkan Demirel', 'Volkan Babacan', 'Volkan Şen']",Success
1783,1783,83,2083,379,"Euros 2016, Qualifiers",10.10.15,Czech vs Turkey,2015,Turkey,TR,23. Волкан,Volkan,"['Volkan Demirel', 'Volkan Babacan', 'Volkan Şen']",Success
1791,1791,91,2091,380,"Euros 2016, Qualifiers",13.10.15,Latvia vs Kazakhstan,2015,Latvia,LV,5. Лайзанс,Laizans,"['Juris Laizans', 'Olegs Laizans']",Success
1832,1832,32,2832,1513,Nations League 2018-2020,07.09.18,Faroe Islands vs Malta,2018,Malta,MT,9. Мифсуд,Mifsud,"['Michael Mifsud', 'Jean Pierre Mifsud Triganza']",Success
1838,1838,38,2838,1515,Nations League 2018-2020,10.09.18,Malta vs Azerbaijan,2018,Malta,MT,9. Мифсуд,Mifsud,"['Michael Mifsud', 'Jean Pierre Mifsud Triganza']",Success
1839,1839,39,2839,1515,Nations League 2018-2020,10.09.18,Malta vs Azerbaijan,2018,Malta,MT,14. Фарруджа,Farrugia,"['Jean Paul Farrugia', 'Brooke Farrugia']",Success
1845,1845,1,1601,582,"Euros 2016, Qualifiers",03.09.15,Bulgaria vs Norway,2015,Bulgaria,BG,17. Миланов,Milanov,"['Iliya Milanov', 'Georgi Milanov', 'Zhivko Milanov']",Success
1856,1856,12,1612,583,"Euros 2016, Qualifiers",03.09.15,Italy vs Malta,2015,Malta,MT,8. Бриффа,Briffa,"['Roderick Briffa', 'Emanuel Briffa']",Success
1866,1866,22,1622,584,"Euros 2016, Qualifiers",06.09.15,Malta vs Azerbaijan,2015,Malta,MT,8. Бриффа,Briffa,"['Roderick Briffa', 'Emanuel Briffa']",Success
1867,1867,23,1623,584,"Euros 2016, Qualifiers",06.09.15,Malta vs Azerbaijan,2015,Malta,MT,9. Мифсуд,Mifsud,"['Michael Mifsud', 'Jean Pierre Mifsud Triganza']",Success
1871,1871,27,1627,584,"Euros 2016, Qualifiers",06.09.15,Malta vs Azerbaijan,2015,Malta,MT,17. Камиллери,Camilleri,"['Ryan Camilleri', 'Dale Camilleri']",Success
1876,1876,32,1632,584,"Euros 2016, Qualifiers",06.09.15,Malta vs Azerbaijan,2015,Azerbaijan,AZ,5. Гусейнов,Huseynov,"['Vurgun Hüseynov', 'Badavi Hüseynov', 'Cavid Hüseynov', 'Abbas Hüseynov', 'Calal Hüseynov']",Success
1891,1891,47,1647,586,"Euros 2016, Qualifiers",06.09.15,Italy vs Bulgaria,2015,Bulgaria,BG,10. Попов,Popov,"['Strahil Popov', 'Ivelin Popov', 'Apostol Popov', 'Viktor Popov']",Success
1894,1894,50,1650,586,"Euros 2016, Qualifiers",06.09.15,Italy vs Bulgaria,2015,Bulgaria,BG,17. Миланов,Milanov,"['Iliya Milanov', 'Georgi Milanov', 'Zhivko Milanov']",Success
1912,1912,68,1668,588,"Euros 2016, Qualifiers",10.10.15,Norway vs Malta,2015,Malta,MT,8. Бриффа,Briffa,"['Roderick Briffa', 'Emanuel Briffa']",Success
1922,1922,78,1678,590,"Euros 2016, Qualifiers",13.10.15,Bulgaria vs Azerbaijan,2015,Bulgaria,BG,6. Минев,Minev,"['Veselin Minev', 'Yordan Minev']",Success
1937,1937,93,1693,592,"Euros 2016, Qualifiers",13.10.15,Malta vs Croatia,2015,Malta,MT,8. Бриффа,Briffa,"['Roderick Briffa', 'Emanuel Briffa']",Success
1938,1938,94,1694,592,"Euros 2016, Qualifiers",13.10.15,Malta vs Croatia,2015,Malta,MT,3. Зерафа,Zerafa,"['Joseph Zerafa', 'Daniel Zerafa']",Success
1947,1947,3,1703,595,"Euros 2016, Qualifiers",11.10.14,Armenia vs Serbia,2014,Armenia,AM,4. Восканян,Voskanyan,"['Taron Voskanyan', 'Andranik Voskanyan']",Success
1949,1949,5,1705,595,"Euros 2016, Qualifiers",11.10.14,Armenia vs Serbia,2014,Armenia,AM,6. Мкртчян,Mkrtchyan,"['Karlen Mkrtchyan', 'Styopa Mkrtchyan', 'Rudik Mkrtchyan', 'Sergey Mkrtchyan']",Success
1954,1954,10,1710,595,"Euros 2016, Qualifiers",11.10.14,Armenia vs Serbia,2014,Armenia,AM,20. Айрапетян,Hayrapetyan,"['Levon Hayrapetyan', 'Aram Hayrapetyan']",Success
1956,1956,12,1712,595,"Euros 2016, Qualifiers",11.10.14,Armenia vs Serbia,2014,Serbia,RS,1. Стойкович,Stojkovic,"['Vladimir Stojkovic', 'Arandjel Stojkovic']",Success
1958,1958,14,1714,595,"Euros 2016, Qualifiers",11.10.14,Armenia vs Serbia,2014,Serbia,RS,6. Иванович,"['Djordje Ivanovic', 'Branislav Ivanovic']","['Djordje Ivanovic', 'Branislav Ivanovic']",Success
1961,1961,17,1717,595,"Euros 2016, Qualifiers",11.10.14,Armenia vs Serbia,2014,Serbia,RS,7. Тошич,Tosic,"['Dusko Tosic', 'Zoran Tosic']",Success
1964,1964,20,1720,595,"Euros 2016, Qualifiers",11.10.14,Armenia vs Serbia,2014,Serbia,RS,14. Матич,Matic,"['Nemanja Matic', 'Uros Matic']",Success
1987,1987,43,1743,596,"Euros 2016, Qualifiers",11.10.14,Albania vs Denmark,2014,Denmark,DK,23. Хейбьерг,Højbjerg,"['Pierre-Emile Højbjerg', 'Jeppe Højbjerg']",Success
1988,1988,44,1744,596,"Euros 2016, Qualifiers",11.10.14,Albania vs Denmark,2014,Denmark,DK,19. Поульсен,Poulsen,"['Jakob Poulsen', 'Simon Poulsen', 'Yussuf Poulsen']",Success
1993,1993,49,1749,597,"Euros 2016, Qualifiers",14.10.14,Denmark vs Portugal,2014,Denmark,DK,6. Якобсен,Jacobsen,"['Lars Jacobsen', 'Christopher Jacobsen']",Success
1999,1999,55,1755,597,"Euros 2016, Qualifiers",14.10.14,Denmark vs Portugal,2014,Denmark,DK,23. Хейбьерг,Højbjerg,"['Pierre-Emile Højbjerg', 'Jeppe Højbjerg']",Success
2012,2012,68,1768,602,"Euros 2016, Qualifiers",29.03.15,Portugal vs Serbia,2015,Serbia,RS,1. Стойкович,Stojkovic,"['Vladimir Stojkovic', 'Arandjel Stojkovic']",Success
2014,2014,70,1770,602,"Euros 2016, Qualifiers",29.03.15,Portugal vs Serbia,2015,Serbia,RS,6. Иванович,"['Djordje Ivanovic', 'Branislav Ivanovic']","['Djordje Ivanovic', 'Branislav Ivanovic']",Success
2015,2015,71,1771,602,"Euros 2016, Qualifiers",29.03.15,Portugal vs Serbia,2015,Serbia,RS,8. Петрович,"['Nemanja Petrovic', 'Radosav Petrovic']","['Nemanja Petrovic', 'Radosav Petrovic']",Success
2019,2019,75,1775,602,"Euros 2016, Qualifiers",29.03.15,Portugal vs Serbia,2015,Serbia,RS,14. Матич,Matic,"['Nemanja Matic', 'Uros Matic']",Success
2024,2024,80,1780,1517,Nations League 2018-2020,11.10.18,Kosovo vs Malta,2018,Malta,MT,9. Мифсуд,Mifsud,"['Michael Mifsud', 'Jean Pierre Mifsud Triganza']",Success
2035,2035,91,1791,1521,Nations League 2018-2020,17.11.18,Malta vs Kosovo,2018,Malta,MT,21. Бриффа,Briffa,"['Roderick Briffa', 'Emanuel Briffa']",Success
2037,2037,93,1793,1523,Nations League 2018-2020,20.11.18,Malta vs Faroe Islands,2018,Malta,MT,9. Мифсуд,Mifsud,"['Michael Mifsud', 'Jean Pierre Mifsud Triganza']",Success
2046,2046,2,302,425,"Euros 2016, Qualifiers",27.03.15,North Macedonia vs Belarus,2015,N. Macedonia,MK,2. Гиоргиевски,Georgievski,"['Daniel Georgievski', 'Slavco Georgievski']",Success
2082,2082,38,338,431,"Euros 2016, Qualifiers",05.09.15,Luxembourg vs North Macedonia,2015,Luxembourg,LU,4. Делгаду,Delgado,"['Ricardo Delgado', 'Gilson Delgado']",Success
2085,2085,41,341,431,"Euros 2016, Qualifiers",05.09.15,Luxembourg vs North Macedonia,2015,Luxembourg,LU,7. Жерсон,Gerson,"['Lars Gerson', 'Gerson Rodrigues']",Success
2086,2086,42,342,431,"Euros 2016, Qualifiers",05.09.15,Luxembourg vs North Macedonia,2015,Luxembourg,LU,8. Мартинс,Martins,"['Marvin Martins', 'Christopher Martins Pereira']",Success
2094,2094,50,350,431,"Euros 2016, Qualifiers",05.09.15,Luxembourg vs North Macedonia,2015,N. Macedonia,MK,13. Ристовски,Ristowski,"['Stefan Ristovski', 'Milan Ristovski']",Success
2096,2096,52,352,431,"Euros 2016, Qualifiers",05.09.15,Luxembourg vs North Macedonia,2015,N. Macedonia,MK,10. Ибраими,Ibraimi,"['Agim Ibraimi', 'Besart Ibraimi']",Success
2097,2097,53,353,431,"Euros 2016, Qualifiers",05.09.15,Luxembourg vs North Macedonia,2015,N. Macedonia,MK,16. Глигоров,Gligorov,"['Nikola Gligorov', 'Gligor Gligorov']",Success
2101,2101,57,357,431,"Euros 2016, Qualifiers",05.09.15,Luxembourg vs North Macedonia,2015,N. Macedonia,MK,21. Ивановски,Ivanovsky,"['Daniel Ivanovski', 'Mirko Ivanovski', 'Filip Ivanovski']",Success
2126,2126,82,382,435,"Euros 2016, Qualifiers",08.09.15,North Macedonia vs Spain,2015,N. Macedonia,MK,16.  Глигоров,Gligorov,"['Nikola Gligorov', 'Gligor Gligorov']",Success
2130,2130,86,386,436,"Euros 2016, Qualifiers",08.09.15,Slovakia vs Ukraine,2015,Slovakia,SK,uriš,uriš,"['David Duris', 'Michal Duris']",Success
2138,2138,94,394,437,"Euros 2016, Qualifiers",09.10.15,North Macedonia vs Ukraine,2015,N. Macedonia,MK,8. Алими,Alimi,"['Armend Alimi', 'Isnik Alimi']",Success
2158,2158,14,1114,530,"Euros 2016, Qualifiers",11.10.15,Faroe Islands vs Romania,2015,Faroe Islands,FO,14. Ванхамар,Vanhamar,"['Sölvi Vatnhamar', 'Gunnar Vatnhamar']",Success
2168,2168,24,1124,531,"Euros 2016, Qualifiers",11.10.15,Finland vs Northern Ireland,2015,Finland,FI,7. Ояла,Ojala,"['Juhani Ojala', 'Mika Ojala']",Success
2190,2190,46,1146,533,"Euros 2016, Qualifiers",08.09.14,Russia vs Liechtenstein,2014,Liechtenstein,LI,10. Фрик,Frick,"['Mario Frick', 'Yanik Frick', 'Noah Frick']",Success
2201,2201,57,1157,536,"Euros 2016, Qualifiers",09.10.14,Liechtenstein vs Montenegro,2014,Liechtenstein,LI,10. Фрик,Frick,"['Mario Frick', 'Yanik Frick', 'Noah Frick']",Success
2203,2203,59,1159,536,"Euros 2016, Qualifiers",09.10.14,Liechtenstein vs Montenegro,2014,Liechtenstein,LI,13. Бюхель,Büchel,"['Benjamin Büchel', 'Martin Büchel', 'Marcel Büchel']",Success
2205,2205,61,1161,536,"Euros 2016, Qualifiers",09.10.14,Liechtenstein vs Montenegro,2014,Liechtenstein,LI,18. Хаслер,Hasler,"['Nicolas Hasler', 'David Hasler', 'Julien Hasler']",Success
2212,2212,68,1168,536,"Euros 2016, Qualifiers",09.10.14,Liechtenstein vs Montenegro,2014,Montenegro,ME,7. Вукчевич,Vukcevic,"['Nikola Vukcevic', 'Marko Vukcevic', 'Simon Vukcevic', 'Andrija Vukcevic']",Success
2268,2268,24,1824,3906,"World Cup 2014, Qualifiers, CONCACAF",12-Jun-12,Guatemala vs USA,2012,Guatemala,GT,Ruíz,Ruíz,"['Lester Ruiz', 'Andy Ruiz', 'Kevin Ruiz', 'Diego Ruiz', 'Luis Fernando Ruiz', 'Carlos Ruiz', 'Léster Ruiz']",Success
2269,2269,25,1825,3929,"World Cup 2014, Qualifiers, CONCACAF",16-Oct-12,USA vs Guatemala,2012,Guatemala,GT,Ruíz,Ruíz,"['Lester Ruiz', 'Andy Ruiz', 'Kevin Ruiz', 'Diego Ruiz', 'Luis Fernando Ruiz', 'Carlos Ruiz', 'Léster Ruiz']",Success
2274,2274,30,1830,820,"Euros 2020, Qualifiers",24.03.19,San Marino vs Scotland,2019,Scotland,SC,7. Рассел,Russell,"['Russell Martin', 'Johnny Russell']",Success
2281,2281,37,1837,826,"Euros 2020, Qualifiers",11.06.19,Belgium vs Scotland,2019,Scotland,SC,17. Рассел,Russell,"['Russell Martin', 'Johnny Russell']",Success
2298,2298,54,1854,852,"Euros 2020, Qualifiers",08.06.19,Finland vs Bosnia-Herzegovina,2019,Bosnia,BA,Sarić,Sarić,"['Dario Saric', 'Elvis Saric']",Success
2300,2300,56,1856,855,"Euros 2020, Qualifiers",11.06.19,Italy vs Bosnia-Herzegovina,2019,Bosnia,BA,Sarić,Sarić,"['Dario Saric', 'Elvis Saric']",Success
2310,2310,66,1866,356,"Euros 2016, Qualifiers",10.10.14,Latvia vs Iceland,2014,Iceland,IS,1. Хадльдорссон,Haldorsson,"['Hannes Thór Halldórsson', 'Hilmar Árni Halldórsson']",Success
2312,2312,68,1868,356,"Euros 2016, Qualifiers",10.10.14,Latvia vs Iceland,2014,Iceland,IS,17. Гуннарссон,Gunnarsson,"['Aron Gunnarsson', 'Patrik Gunnarsson', 'Hördur Ingi Gunnarsson']",Success
2336,2336,92,1892,358,"Euros 2016, Qualifiers",10.10.14,Turkey vs Czech,2014,Turkey,TR,9. Булут,Bulut,"['Umut Bulut', 'Onur Bulut']",Success
2353,2353,9,2509,159,World Cup 2014,12.07.14,Brazil vs Netherlands,2014,Brazil,BR,21. Жо,Jo,"['Jô', 'Jorge', 'Jonas', 'Willian José', 'Joelinton', 'João Gomes', 'João Pedro']",Success
2389,2389,45,2545,177,World Cup 2014,19.06.14,Cameroon vs Croatia,2014,Cameroon,CM,10. Абубакар,Abubakar,"['Vincent Aboubakar', 'Aboubakar Oumarou']",Success
2393,2393,49,2549,178,World Cup 2014,23.06.14,Cameroon vs Brazil,2014,Cameroon,CM,10. Абубакар,Abubakar,"['Vincent Aboubakar', 'Aboubakar Oumarou']",Success
2398,2398,54,2554,181,World Cup 2014,14.06.14,Chile vs Australia,2014,Australia,AU,2. Франжич,Franžič,"['Ivan Franjic', 'Tyrese Francois']",Success
2417,2417,73,2573,184,World Cup 2014,23.06.14,Australia vs Spain,2014,Spain,ES,7. Вилья,Vilya,"['David Villa', 'Gonzalo Villar']",Success
2420,2420,76,2576,186,World Cup 2014,14.06.14,Colombia vs Greece,2014,Greece,GR,21. Кацуранис,Kacuranis,"['Orestis Karnezis', 'Konstantinos Katsouranis', 'Georgios Karagounis']",Success
2436,2436,92,2592,189,World Cup 2014,20.06.14,Japan vs Greece,2014,Greece,GR,21. Кацуранис,Kacuranis,"['Orestis Karnezis', 'Konstantinos Katsouranis', 'Georgios Karagounis']",Success
2445,2445,1,2201,390,"Euros 2016, Qualifiers",13.10.14,Wales vs Cyprus,2014,Cyprus,CY,8. Кириаку,Kyriakou,"['Charalampos Kyriakou', 'Andreas Kyriakou', 'Vangelis Kyriakou']",Success
2451,2451,7,2207,390,"Euros 2016, Qualifiers",13.10.14,Wales vs Cyprus,2014,Cyprus,CY,20. Сотириу,Sotiriu,"['Pieros Sotiriou', 'Konstantinos Sotiriou']",Success
2452,2452,8,2208,390,"Euros 2016, Qualifiers",13.10.14,Wales vs Cyprus,2014,Cyprus,CY,23. Николау,Nikolaou,"['Marios Nikolaou', 'Thomas Nikolaou']",Success
2471,2471,27,2227,392,"Euros 2016, Qualifiers",16.11.14,Cyprus vs Andorra,2014,Cyprus,CY,23. Николау,Nikolaou,"['Marios Nikolaou', 'Thomas Nikolaou']",Success
2474,2474,30,2230,392,"Euros 2016, Qualifiers",16.11.14,Cyprus vs Andorra,2014,Andorra,AD,3. Валес,Vales,"['Marc Vales', 'Eric Vales']",Success
2495,2495,51,2251,393,"Euros 2016, Qualifiers",16.11.14,Israel vs Bosnia-Herzegovina,2014,Bosnia,BA,21. Хаджич,Hadzic,"['Anel Hadzic', 'Irfan Hadzic']",Success
2497,2497,53,2253,401,"Euros 2016, Qualifiers",03.09.15,Belgium vs Bosnia-Herzegovina,2015,Bosnia,BA,Vranješ,Vranješ,"['Stojan Vranjes', 'Ognjen Vranjes']",Success
2501,2501,57,2257,402,"Euros 2016, Qualifiers",03.09.15,Cyprus vs Wales,2015,Cyprus,CY,7. Экономидес,Economides,"['Chris Ikonomidis, Georgios Ikonomidis']",Success
2508,2508,64,2264,402,"Euros 2016, Qualifiers",03.09.15,Cyprus vs Wales,2015,Cyprus,CY,23. Николау,Nikolaou,"['Marios Nikolaou', 'Thomas Nikolaou']",Success
2511,2511,67,2267,402,"Euros 2016, Qualifiers",03.09.15,Cyprus vs Wales,2015,Wales,WA,3. Тейлор,Taylor,"['Neil Taylor', 'Jake Taylor']",Success
2513,2513,69,2269,402,"Euros 2016, Qualifiers",03.09.15,Cyprus vs Wales,2015,Wales,WA,6. Уильямс,Williams,"['Owain Fôn Williams', 'Ashley Williams', 'Jonathan Williams', 'George Williams', 'MJ Williams', 'Neco Williams']",Success
2514,2514,70,2270,402,"Euros 2016, Qualifiers",03.09.15,Cyprus vs Wales,2015,Wales,WA,7. Эдвардс,Edwards,"['David Edwards', 'Gwion Edwards']",Success
2515,2515,71,2271,402,"Euros 2016, Qualifiers",03.09.15,Cyprus vs Wales,2015,Wales,WA,8. Кинг,King,"['Andy King', 'Tom King']",Success
2522,2522,78,2278,403,"Euros 2016, Qualifiers",03.09.15,Israel vs Andorra,2015,Israel,IL,4. Биттон,Bitton,"['Nir Bitton', 'Ben Bitton']",Success
2532,2532,88,2288,403,"Euros 2016, Qualifiers",03.09.15,Israel vs Andorra,2015,Andorra,AD,2. Мартинес,Martínez,"['Cristian Martínez', 'Alex Martínez']",Success
2536,2536,92,2292,403,"Euros 2016, Qualifiers",03.09.15,Israel vs Andorra,2015,Andorra,AD,8. Виейра,Vieira,"['Márcio Vieira', 'Xavier Vieira']",Success
2544,2544,0,1300,553,"Euros 2016, Qualifiers",05.09.15,Montenegro vs Liechtenstein,2015,Liechtenstein,LI,18. Хаслер,Hasler,"['Nicolas Hasler', 'David Hasler', 'Julien Hasler']",Success
2549,2549,5,1305,554,"Euros 2016, Qualifiers",08.09.15,Liechtenstein vs Russia,2015,Liechtenstein,LI,18. Хаслер,Hasler,"['Nicolas Hasler', 'David Hasler', 'Julien Hasler']",Success
2555,2555,11,1311,4114,"World Cup 2022, Qualifiers, CONCACAF",04-Jun-21,Guatemala vs Saint Vincent and the Grenadines,2021,Guatemala,GT,Santís,Santís,"['Oscar Santis', 'Diego Santis', 'Óscar Santis']",Success
2556,2556,12,1312,4132,"World Cup 2022, Qualifiers, CONCACAF",08-Jun-21,Curaçao vs Guatemala,2021,Guatemala,GT,Santís,Santís,"['Oscar Santis', 'Diego Santis', 'Óscar Santis']",Success
2557,2557,13,1313,4407,"World Cup 2022, Qualifiers, CONMEBOL",09-Sep-21,Brazil vs Peru,2021,Peru,PE,Gonzáles,Gonzáles,"['Christofer Gonzales', 'Jairsinho Gonzales']",Success
2558,2558,14,1314,4415,"World Cup 2022, Qualifiers, CONMEBOL",10-Oct-21,Bolivia vs Peru,2021,Peru,PE,Gonzáles,Gonzáles,"['Christofer Gonzales', 'Jairsinho Gonzales']",Success
2559,2559,15,1315,4421,"World Cup 2022, Qualifiers, CONMEBOL",14-Oct-21,Argentina vs Peru,2021,Peru,PE,Gonzáles,Gonzáles,"['Christofer Gonzales', 'Jairsinho Gonzales']",Success
2560,2560,16,1316,4425,"World Cup 2022, Qualifiers, CONMEBOL",11-Nov-21,Peru vs Bolivia,2021,Peru,PE,Gonzáles,Gonzáles,"['Christofer Gonzales', 'Jairsinho Gonzales']",Success
2562,2562,18,1318,4372,"World Cup 2022, Qualifiers, CONMEBOL",13-Oct-20,Peru vs Brazil,2020,Peru,PE,Gonzáles,Gonzáles,"['Christofer Gonzales', 'Jairsinho Gonzales']",Success
2570,2570,26,1326,864,"Euros 2020, Qualifiers",12.10.19,Bosnia-Herzegovina vs Finland,2019,Bosnia,BA,Sarić,Sarić,"['Dario Saric', 'Elvis Saric']",Success
2573,2573,29,1329,868,"Euros 2020, Qualifiers",15.10.19,Greece vs Bosnia-Herzegovina,2019,Bosnia,BA,Sarić,Sarić,"['Dario Saric', 'Elvis Saric']",Success
2580,2580,36,1336,875,"Euros 2020, Qualifiers",18.11.19,Liechtenstein vs Bosnia-Herzegovina,2019,Bosnia,BA,Sarić,Sarić,"['Dario Saric', 'Elvis Saric']",Success
2597,2597,53,1353,557,"Euros 2016, Qualifiers",09.10.15,Liechtenstein vs Sweden,2015,Liechtenstein,LI,7. Бюхель,Büchel,"['Benjamin Büchel', 'Martin Büchel', 'Marcel Büchel']",Success
2619,2619,75,1375,560,"Euros 2016, Qualifiers",12.10.15,Austria vs Liechtenstein,2015,Liechtenstein,LI,7. Бюхель,Büchel,"['Benjamin Büchel', 'Martin Büchel', 'Marcel Büchel']",Success
2623,2623,79,1379,561,"Euros 2016, Qualifiers",12.10.15,Russia vs Montenegro,2015,Montenegro,ME,4. Вукчевич,Vukcevic,"['Nikola Vukcevic', 'Marko Vukcevic', 'Simon Vukcevic', 'Andrija Vukcevic']",Success
2627,2627,83,1383,561,"Euros 2016, Qualifiers",12.10.15,Russia vs Montenegro,2015,Montenegro,ME,15. Савич,Savić,"['Stefan Savic', 'Vukan Savicevic']",Success
2653,2653,9,709,483,"Euros 2016, Qualifiers",15.11.14,San Marino vs Estonia,2014,Estonia,EE,6. Дмитриев,Dmitriev,"['Aleksandr Dmitrijev', 'Artjom Dmitrijev']",Success
2654,2654,10,710,483,"Euros 2016, Qualifiers",15.11.14,San Marino vs Estonia,2014,Estonia,EE,11. Оямаа,Ojamaa,"['Henrik Ojamaa', 'Hindrek Ojamaa']",Success
2655,2655,11,711,483,"Euros 2016, Qualifiers",15.11.14,San Marino vs Estonia,2014,Estonia,EE,14. Васильев,Vasilyev,"['Konstantin Vassiljev', 'Nikita Vassiljev']",Success
2673,2673,29,729,491,"Euros 2016, Qualifiers",05.09.15,Estonia vs Lithuania,2015,Estonia,EE,6. Дмитриев,Dmitriev,"['Aleksandr Dmitrijev', 'Artjom Dmitrijev']",Success
2674,2674,30,730,491,"Euros 2016, Qualifiers",05.09.15,Estonia vs Lithuania,2015,Estonia,EE,14. Васильев,Vasilyev,"['Konstantin Vassiljev', 'Nikita Vassiljev']",Success
2676,2676,32,732,491,"Euros 2016, Qualifiers",05.09.15,Estonia vs Lithuania,2015,Estonia,EE,9. Пурье,Purier,"['Sander Puri', 'Eino Puri']",Success
2680,2680,36,736,491,"Euros 2016, Qualifiers",05.09.15,Estonia vs Lithuania,2015,Lithuania,LT,18. Панка,Punk,"['Mindaugas Panka', 'Ignas Plukas', 'Lukas Paukste']",Success
2686,2686,42,742,492,"Euros 2016, Qualifiers",05.09.15,San Marino vs England,2015,San Marino,SM,3. Берарди,Berardi,"['Marco Berardi', 'Filippo Berardi']",Success
2689,2689,45,745,492,"Euros 2016, Qualifiers",05.09.15,San Marino vs England,2015,San Marino,SM,8. Баттистини,Battistini,"['Manuel Battistini', 'Michael Battistini']",Success
2699,2699,55,755,493,"Euros 2016, Qualifiers",05.09.15,Switzerland vs Slovenia,2015,Slovenia,SI,1. Ханданович,Handanović,"['Samir Handanovic', 'Jasmin Handanovic']",Success
2702,2702,58,758,493,"Euros 2016, Qualifiers",05.09.15,Switzerland vs Slovenia,2015,Slovenia,SI,6. Илич,Ilic,"['Branko Ilic', 'Josip Ilicic']",Success
2708,2708,64,764,493,"Euros 2016, Qualifiers",05.09.15,Switzerland vs Slovenia,2015,Slovenia,SI,15. Струна,String (music),"['Aljaz Struna', 'Andraz Struna']",Success
2717,2717,73,773,495,"Euros 2016, Qualifiers",08.09.15,Lithuania vs San Marino,2015,San Marino,SM,1. Бенедеттини,Benedettini,"['Giacomo Benedettini', 'Elia Benedettini', 'Simone Benedettini']",Success
2718,2718,74,774,495,"Euros 2016, Qualifiers",08.09.15,Lithuania vs San Marino,2015,San Marino,SM,4. Витайоли,Vitaioli,"['Fabio Vitaioli', 'Matteo Vitaioli']",Success
2719,2719,75,775,495,"Euros 2016, Qualifiers",08.09.15,Lithuania vs San Marino,2015,San Marino,SM,5. Делла Валле,Della Valle,"['Alessandro Della Valle', 'Alex Della Valle']",Success
2721,2721,77,777,495,"Euros 2016, Qualifiers",08.09.15,Lithuania vs San Marino,2015,San Marino,SM,7. Витайоли,Vitaioli,"['Fabio Vitaioli', 'Matteo Vitaioli']",Success
2723,2723,79,779,495,"Euros 2016, Qualifiers",08.09.15,Lithuania vs San Marino,2015,San Marino,SM,2. Баттистини,Battistini,"['Manuel Battistini', 'Michael Battistini']",Success
2725,2725,81,781,495,"Euros 2016, Qualifiers",08.09.15,Lithuania vs San Marino,2015,San Marino,SM,8. Гасперони,Gasperoni,"['Frederico Gasperoni', 'Alex Gasperoni', 'Lorenzo Gasperoni']",Success
2744,2744,0,1400,565,"Euros 2016, Qualifiers",09.09.14,Norway vs Italy,2014,Norway,NO,8. Йохансен,Johansen,"['Stefan Johansen', 'Eirik Holmen Johansen']",Success
2749,2749,5,1405,565,"Euros 2016, Qualifiers",09.09.14,Norway vs Italy,2014,Norway,NO,19. Иттергор-Йенсен,Yttergaard Jensen,"['Ruben Yttergård Jenssen', 'Ulrik Yttergård Jenssen']",Success
2753,2753,9,1409,566,"Euros 2016, Qualifiers",10.10.14,Bulgaria vs Croatia,2014,Bulgaria,BG,1. Стоянов,Stoyanov,"['Vladislav Stoyanov', 'Krum Stoyanov', 'Yoan Stoyanov']",Success
2754,2754,10,1410,566,"Euros 2016, Qualifiers",10.10.14,Bulgaria vs Croatia,2014,Bulgaria,BG,2. Попов А,Popova,"['Strahil Popov', 'Ivelin Popov', 'Apostol Popov', 'Viktor Popov']",Success
2757,2757,13,1413,566,"Euros 2016, Qualifiers",10.10.14,Bulgaria vs Croatia,2014,Bulgaria,BG,6. Минев,Minev,"['Veselin Minev', 'Yordan Minev']",Success
2760,2760,16,1416,566,"Euros 2016, Qualifiers",10.10.14,Bulgaria vs Croatia,2014,Bulgaria,BG,17. Миланов,Milanov,"['Iliya Milanov', 'Georgi Milanov', 'Zhivko Milanov']",Success
2776,2776,32,1432,567,"Euros 2016, Qualifiers",10.10.14,Italy vs Azerbaijan,2014,Azerbaijan,AZ,1. Агаев,Agayev,"['Kamran Agayev', 'Salahat Agayev']",Success
2782,2782,38,1438,567,"Euros 2016, Qualifiers",10.10.14,Italy vs Azerbaijan,2014,Azerbaijan,AZ,10. Дадашов,Dadashov,"['Rufat Dadashov', 'Renat Dadashov']",Success
2793,2793,49,1449,568,"Euros 2016, Qualifiers",10.10.14,Malta vs Norway,2014,Malta,MT,8. Бриффа,Briffa,"['Roderick Briffa', 'Emanuel Briffa']",Success
2794,2794,50,1450,568,"Euros 2016, Qualifiers",10.10.14,Malta vs Norway,2014,Malta,MT,9. Мифсуд,Mifsud,"['Michael Mifsud', 'Jean Pierre Mifsud Triganza']",Success
2797,2797,53,1453,568,"Euros 2016, Qualifiers",10.10.14,Malta vs Norway,2014,Malta,MT,17. Камиллери,Camilleri,"['Ryan Camilleri', 'Dale Camilleri']",Success
2802,2802,58,1458,568,"Euros 2016, Qualifiers",10.10.14,Malta vs Norway,2014,Norway,NO,8. Йохансен,Johansen,"['Stefan Johansen', 'Eirik Holmen Johansen']",Success
2803,2803,59,1459,568,"Euros 2016, Qualifiers",10.10.14,Malta vs Norway,2014,Norway,NO,10. Эльюнусси,Elyounoussi,"['Mohamed Elyounoussi', 'Tarik Elyounoussi']",Success
2820,2820,76,1476,569,"Euros 2016, Qualifiers",13.10.14,Croatia vs Azerbaijan,2014,Azerbaijan,AZ,1. Агаев,Agayev,"['Kamran Agayev', 'Salahat Agayev']",Success
2824,2824,80,1480,569,"Euros 2016, Qualifiers",13.10.14,Croatia vs Azerbaijan,2014,Azerbaijan,AZ,6. Гусейнов,Huseynov,"['Vurgun Hüseynov', 'Badavi Hüseynov', 'Cavid Hüseynov', 'Abbas Hüseynov', 'Calal Hüseynov']",Success
2836,2836,92,1492,570,"Euros 2016, Qualifiers",13.10.14,Malta vs Italy,2014,Malta,MT,8. Бриффа,Briffa,"['Roderick Briffa', 'Emanuel Briffa']",Success
2837,2837,93,1493,570,"Euros 2016, Qualifiers",13.10.14,Malta vs Italy,2014,Malta,MT,9. Мифсуд,Mifsud,"['Michael Mifsud', 'Jean Pierre Mifsud Triganza']",Success
2838,2838,94,1494,570,"Euros 2016, Qualifiers",13.10.14,Malta vs Italy,2014,Malta,MT,11. Мускат,Muscat,"['Zach Muscat', 'Manny Muscat', 'Alex Muscat', 'Rowen Muscat', 'Nicky Muscat', 'Joe Muscatt']",Success
2841,2841,97,1497,570,"Euros 2016, Qualifiers",13.10.14,Malta vs Italy,2014,Malta,MT,17. Камиллери,Camilleri,"['Ryan Camilleri', 'Dale Camilleri']",Success
