,Unnamed: 0.1,Unnamed: 0,Match ID,Competition,Match,Date,Nationality,Team Country Code,Season,Status,Name,Market Value,Lookup Still Required?,Lookup Return Case,Impute Required?,Name(s) Found,ORIGINAL JERSEY,Match Case
1291,1291,191,2687,"World Cup Qualifiers, Asia, 2022",Japan vs Vietnam,29-03-2022,Vietnam,VN,2022,SUCCESS,"['Nguyen Manh Tran', 'Tien Thanh Dinh', 'Xuan Thanh Nguyen']",225000.0,False,Used Large Dataset,False,"['Nguyen Manh Tran', 'Tien Thanh Dinh', 'Xuan Thanh Nguyen']",Nguyn Thanh Bình,multiple
3118,3118,918,4240,"World Cup 2014, Qualifiers, CONMEBOL",Colombia vs Bolivia,22-Mar-13,Bolivia,BO,2013,SUCCESS,"['Marvin Bejarano', 'Diego Bejarano', 'Danny Bejarano', 'Alejandro Bejarano']",0.0,False,Used Large Dataset,False,"['Marvin Bejarano', 'Diego Bejarano', 'Danny Bejarano', 'Alejandro Bejarano']",Bejarano,multiple
3145,3145,945,4241,"World Cup 2014, Qualifiers, CONMEBOL",Uruguay vs Paraguay,22-Mar-13,Paraguay,PY,2013,SUCCESS,"['Luis Cardozo', 'Óscar Cardozo']",14000000.0,False,Used Large Dataset,False,"['Luis Cardozo', 'Óscar Cardozo']",Cardozo,multiple
3283,3283,1083,4248,"World Cup 2014, Qualifiers, CONMEBOL",Bolivia vs Venezuela,07-Jun-13,Bolivia,BO,2013,SUCCESS,"['José Luis Chávez', 'Daniel Chávez', 'Lucas Chávez']",0.0,False,Used Large Dataset,False,"['José Luis Chávez', 'Daniel Chávez', 'Lucas Chávez']",Chávez,multiple
3650,3650,350,4010,"World Cup 2018, Qualifiers, CONCACAF",USA vs Saint Vincent and the Grenadines,13-Nov-15,Saint Vincent and the Grenadines,VC,2015,SUCCESS,"['Keith James', 'Gavin James', 'Ramesh James']",0.0,False,Used Large Dataset,False,"['Keith James', 'Gavin James', 'Ramesh James']",James,multiple
3711,3711,411,4013,"World Cup 2018, Qualifiers, CONCACAF",Mexico vs El Salvador,13-Nov-15,El Salvador,SV,2015,SUCCESS,"['Juan Barahona', 'Iván Barahona']",0.0,False,Used Large Dataset,False,"['Juan Barahona', 'Iván Barahona']",Barahona,multiple
3716,3716,416,4013,"World Cup 2018, Qualifiers, CONCACAF",Mexico vs El Salvador,13-Nov-15,El Salvador,SV,2015,SUCCESS,"['Denis Pineda', 'Wálter Pineda']",3800000.0,False,Used Large Dataset,False,"['Denis Pineda', 'Wálter Pineda']",Pineda,multiple
3857,3857,557,4020,"World Cup 2018, Qualifiers, CONCACAF",El Salvador vs Canada,17-Nov-15,El Salvador,SV,2015,SUCCESS,"['Denis Pineda', 'Wálter Pineda']",3800000.0,False,Used Large Dataset,False,"['Denis Pineda', 'Wálter Pineda']",Pineda,multiple
3984,3984,684,4027,"World Cup 2018, Qualifiers, CONCACAF",Guatemala vs USA,25-Mar-16,Guatemala,GT,2016,SUCCESS,"['Jonathan López', 'Minor López', 'Dennis López', 'Osmar López', 'Hamilton López', 'Fredy López', 'Henry López', 'Manuel López', 'Prins López', 'Antonio López']",0.0,False,Used Large Dataset,False,"['Jonathan López', 'Minor López', 'Dennis López', 'Osmar López', 'Hamilton López', 'Fredy López', 'Henry López', 'Manuel López', 'Prins López', 'Antonio López']",López,multiple
4038,4038,738,4029,"World Cup 2018, Qualifiers, CONCACAF",Honduras vs El Salvador,29-Mar-16,El Salvador,SV,2016,SUCCESS,"['Xavier García', 'Francisco García', 'Víctor García']",0.0,False,Used Large Dataset,False,"['Xavier García', 'Francisco García', 'Víctor García']",García,multiple
4041,4041,741,4029,"World Cup 2018, Qualifiers, CONCACAF",Honduras vs El Salvador,29-Mar-16,El Salvador,SV,2016,SUCCESS,"['Juan Barahona', 'Iván Barahona']",0.0,False,Used Large Dataset,False,"['Juan Barahona', 'Iván Barahona']",Barahona,multiple
4044,4044,744,4029,"World Cup 2018, Qualifiers, CONCACAF",Honduras vs El Salvador,29-Mar-16,El Salvador,SV,2016,SUCCESS,"['Richard Menjívar', 'Óscar Menjívar', 'Kevin Menjívar', 'Leonardo Menjívar']",0.0,False,Used Large Dataset,False,"['Richard Menjívar', 'Óscar Menjívar', 'Kevin Menjívar', 'Leonardo Menjívar']",Menjívar,multiple
4046,4046,746,4029,"World Cup 2018, Qualifiers, CONCACAF",Honduras vs El Salvador,29-Mar-16,El Salvador,SV,2016,SUCCESS,"['Denis Pineda', 'Wálter Pineda']",5000000.0,False,Used Large Dataset,False,"['Denis Pineda', 'Wálter Pineda']",Pineda,multiple
4167,4167,867,4035,"World Cup 2018, Qualifiers, CONCACAF",Saint Vincent and the Grenadines vs USA,02-Sep-16,Saint Vincent and the Grenadines,VC,2016,SUCCESS,"['Keith James', 'Gavin James', 'Ramesh James']",0.0,False,Used Large Dataset,False,"['Keith James', 'Gavin James', 'Ramesh James']",James,multiple
4183,4183,883,4036,"World Cup 2018, Qualifiers, CONCACAF",Haiti vs Costa Rica,02-Sep-16,Haiti,HT,2016,SUCCESS,"['Jean-Jacques Pierre', 'Paulson Pierre', 'Géel Pierre', 'Leverton Pierre', 'Alexandre Pierre']",0.0,False,Used Large Dataset,False,"['Jean-Jacques Pierre', 'Paulson Pierre', 'Géel Pierre', 'Leverton Pierre', 'Alexandre Pierre']",Pierre,multiple
4231,4231,931,4038,"World Cup 2018, Qualifiers, CONCACAF",El Salvador vs Mexico,02-Sep-16,El Salvador,SV,2016,SUCCESS,"['Darwin Cerén', 'Óscar Cerén']",0.0,False,Used Large Dataset,False,"['Darwin Cerén', 'Óscar Cerén']",Cerén,multiple
4305,4305,1005,4041,"World Cup 2018, Qualifiers, CONCACAF",Canada vs El Salvador,06-Sep-16,El Salvador,SV,2016,SUCCESS,"['Juan Barahona', 'Iván Barahona']",0.0,False,Used Large Dataset,False,"['Juan Barahona', 'Iván Barahona']",Barahona,multiple
4329,4329,1029,4042,"World Cup 2018, Qualifiers, CONCACAF",Costa Rica vs Panama,06-Sep-16,Panama,PA,2016,SUCCESS,"['Jan Carlos Vargas', 'Manuel Vargas']",0.0,False,Used Large Dataset,False,"['Jan Carlos Vargas', 'Manuel Vargas']",Vargas,multiple
4617,4617,217,2233,"World Cup Qualifiers, Africa, 2026",Gambia vs Cote d'Ivoire,20-11-2023,Cote d'Ivoire,CI,2023,SUCCESS,"['Adama Traoré', 'Ismaël Traoré', 'Ibrahim Traoré']",300000.0,False,Used Large Dataset,False,"['Adama Traoré', 'Ismaël Traoré', 'Ibrahim Traoré']",H Traoré,multiple
5321,5321,921,2267,"World Cup Qualifiers, Asia, 2018",Chinese Taipei vs Vietnam,08-09-2015,Vietnam,VN,2015,SUCCESS,"['Minh Tuan Vu', 'Minh Tuan Ha']",0.0,False,Used Large Dataset,False,"['Minh Tuan Vu', 'Minh Tuan Ha']",V Minh Tun,multiple
5992,5992,492,3306,"World Cup Qualifiers, Europe, 2022",Russia vs Cyprus,11-11-2021,Russia,RU,2021,SUCCESS,"['Aleksey Miranchuk', 'Anton Miranchuk']",10000000.0,False,Used Large Dataset,False,"['Aleksey Miranchuk', 'Anton Miranchuk']",A Miranchuk,multiple
7353,7353,687,1699,Nations League 2020-2021,Liechtenstein vs Gibraltar,10.10.20,Liechtenstein,LI,2020,SUCCESS,"['Martin Büchel', 'Marcel Büchel']",0.0,False,Used Large Dataset,False,"['Martin Büchel', 'Marcel Büchel']",M-n Buchel,multiple
7463,7463,797,1705,Nations League 2022-2023,Netherlands vs Italy,18.06.23,Netherlands,NL,2023,SUCCESS,"['Nigel de Jong', 'Siem de Jong', 'Luuk de Jong', 'Frenkie de Jong']",90000000.0,False,Used Large Dataset,False,"['Nigel de Jong', 'Siem de Jong', 'Luuk de Jong', 'Frenkie de Jong']",de Jong,multiple
7486,7486,820,1706,Nations League 2022-2023,Netherlands vs Croatia,14.06.23,Netherlands,NL,2023,SUCCESS,"['Nigel de Jong', 'Siem de Jong', 'Luuk de Jong', 'Frenkie de Jong']",90000000.0,False,Used Large Dataset,False,"['Nigel de Jong', 'Siem de Jong', 'Luuk de Jong', 'Frenkie de Jong']",de Jong,multiple
8430,8430,664,988,"Euros 2024, Qualifiers",Sweden vs Austria,12.09.23,Sweden,SE,2023,SUCCESS,"['Albin Ekdal', 'Hjalmar Ekdal']",8000000.0,False,Used Large Dataset,False,"['Albin Ekdal', 'Hjalmar Ekdal']",Ekdal,multiple
8530,8530,764,992,"Euros 2024, Qualifiers",Belgium vs Sweden,16.10.23,Sweden,SE,2023,SUCCESS,"['Albin Ekdal', 'Hjalmar Ekdal']",8000000.0,False,Used Large Dataset,False,"['Albin Ekdal', 'Hjalmar Ekdal']",Ekdal,multiple
8608,8608,842,996,"Euros 2024, Qualifiers",Sweden vs Estonia,19.11.23,Sweden,SE,2023,SUCCESS,"['Albin Ekdal', 'Hjalmar Ekdal']",8000000.0,False,Used Large Dataset,False,"['Albin Ekdal', 'Hjalmar Ekdal']",Ekdal,multiple
9193,9193,327,3499,"African Cup of Nations, 2015",Guinea vs Mali,28-01-2015,Mali,ML,2015,SUCCESS,"['Sekou Koita', 'Seydou Keita']",500000.0,False,Used Large Dataset,False,"['Sekou Koita', 'Seydou Keita']",S Kéita,multiple
9194,9194,328,3499,"African Cup of Nations, 2015",Guinea vs Mali,28-01-2015,Mali,ML,2015,SUCCESS,"['Abdoulay Diaby', 'Alassane Diaby']",0.0,False,Used Large Dataset,False,"['Abdoulay Diaby', 'Alassane Diaby']",A Diaby,multiple
9237,9237,371,3501,"African Cup of Nations, 2015",Cote d'Ivoire vs Mali,24-01-2015,Mali,ML,2015,SUCCESS,"['Sekou Koita', 'Seydou Keita']",500000.0,False,Used Large Dataset,False,"['Sekou Koita', 'Seydou Keita']",S Kéita,multiple
10713,10713,747,1245,Copa America 2016,Argentina vs Venezuela,19.06.16,Venezuela,VE,2016,SUCCESS,"['José Martínez', 'Josef Martínez', 'David Martínez']",3000000.0,False,Used Large Dataset,False,"['José Martínez', 'Josef Martínez', 'David Martínez']",Martinez,multiple
10836,10836,870,1251,Copa America 2016,United States vs Paraguay,12.06.16,Paraguay,PY,2016,SUCCESS,"['Fabián Balbuena', 'Nery Balbuena']",5000000.0,False,Used Large Dataset,False,"['Fabián Balbuena', 'Nery Balbuena']",Balbuena,multiple
11021,11021,1055,1259,Copa America 2016,Jamaica vs Venezuela,06.06.16,Venezuela,VE,2016,SUCCESS,"['José Martínez', 'Josef Martínez', 'David Martínez']",3000000.0,False,Used Large Dataset,False,"['José Martínez', 'Josef Martínez', 'David Martínez']",Martinez,multiple
11064,11064,1098,1261,Copa America 2016,Uruguay vs Venezuela,10.06.16,Venezuela,VE,2016,SUCCESS,"['José Martínez', 'Josef Martínez', 'David Martínez']",3000000.0,False,Used Large Dataset,False,"['José Martínez', 'Josef Martínez', 'David Martínez']",Martinez,multiple
11150,11150,84,759,"Euros 2020, Qualifiers",Israel vs Austria,24.03.19,Austria,AT,2019,SUCCESS,"['Robert Zulj', 'Peter Zulj']",800000.0,False,Used Large Dataset,False,"['Robert Zulj', 'Peter Zulj']",Zulj,multiple
13916,13916,650,2203,"World Cup Qualifiers, Africa, 2026",Algeria vs Somalia,16-11-2023,Somalia,SO,2023,SUCCESS,"['Abas Amin Mohamed', 'Abdi Mohamed', 'Abdiwali Abdirahman Mohamed']",0.0,False,Used Large Dataset,False,"['Abas Amin Mohamed', 'Abdi Mohamed', 'Abdiwali Abdirahman Mohamed']",A Mohamed,multiple
14087,14087,821,2211,"World Cup Qualifiers, Africa, 2026",Liberia vs Malawi,17-11-2023,Liberia,LR,2023,SUCCESS,"['Tonia Tisdell', 'Terrence Tisdell']",28000000.0,False,Used Large Dataset,False,"['Tonia Tisdell', 'Terrence Tisdell']",T Tisdell,multiple
14397,14397,31,4250,"World Cup 2014, Qualifiers, CONMEBOL",Paraguay vs Chile,07-Jun-13,Paraguay,PY,2013,SUCCESS,"['Luis Cardozo', 'Óscar Cardozo']",14000000.0,False,Used Large Dataset,False,"['Luis Cardozo', 'Óscar Cardozo']",Cardozo,multiple
14510,14510,144,4255,"World Cup 2014, Qualifiers, CONMEBOL",Chile vs Bolivia,11-Jun-13,Bolivia,BO,2013,SUCCESS,"['Marvin Bejarano', 'Diego Bejarano', 'Danny Bejarano', 'Alejandro Bejarano']",0.0,False,Used Large Dataset,False,"['Marvin Bejarano', 'Diego Bejarano', 'Danny Bejarano', 'Alejandro Bejarano']",Bejarano,multiple
14545,14545,179,4257,"World Cup 2014, Qualifiers, CONMEBOL",Paraguay vs Bolivia,06-Sep-13,Paraguay,PY,2013,SUCCESS,"['Gustavo Gómez', 'Marcos Gómez', 'Diego Gómez']",4000000.0,False,Used Large Dataset,False,"['Gustavo Gómez', 'Marcos Gómez', 'Diego Gómez']",Gómez,multiple
14552,14552,186,4257,"World Cup 2014, Qualifiers, CONMEBOL",Paraguay vs Bolivia,06-Sep-13,Paraguay,PY,2013,SUCCESS,"['Óscar Romero', 'Ángel Romero']",4000000.0,False,Used Large Dataset,False,"['Óscar Romero', 'Ángel Romero']",Romero,multiple
14561,14561,195,4257,"World Cup 2014, Qualifiers, CONMEBOL",Paraguay vs Bolivia,06-Sep-13,Bolivia,BO,2013,SUCCESS,"['Marvin Bejarano', 'Diego Bejarano', 'Danny Bejarano', 'Alejandro Bejarano']",0.0,False,Used Large Dataset,False,"['Marvin Bejarano', 'Diego Bejarano', 'Danny Bejarano', 'Alejandro Bejarano']",Bejarano,multiple
14754,14754,388,4266,"World Cup 2014, Qualifiers, CONMEBOL",Venezuela vs Paraguay,11-Oct-13,Paraguay,PY,2013,SUCCESS,"['Gustavo Gómez', 'Marcos Gómez', 'Diego Gómez']",4000000.0,False,Used Large Dataset,False,"['Gustavo Gómez', 'Marcos Gómez', 'Diego Gómez']",Gómez,multiple
14761,14761,395,4266,"World Cup 2014, Qualifiers, CONMEBOL",Venezuela vs Paraguay,11-Oct-13,Paraguay,PY,2013,SUCCESS,"['Luis Cardozo', 'Óscar Cardozo']",14000000.0,False,Used Large Dataset,False,"['Luis Cardozo', 'Óscar Cardozo']",Cardozo,multiple
14786,14786,420,4268,"World Cup 2014, Qualifiers, CONMEBOL",Paraguay vs Colombia,15-Oct-13,Paraguay,PY,2013,SUCCESS,"['Gustavo Gómez', 'Marcos Gómez', 'Diego Gómez']",4000000.0,False,Used Large Dataset,False,"['Gustavo Gómez', 'Marcos Gómez', 'Diego Gómez']",Gómez,multiple
14792,14792,426,4268,"World Cup 2014, Qualifiers, CONMEBOL",Paraguay vs Colombia,15-Oct-13,Paraguay,PY,2013,SUCCESS,"['Óscar Romero', 'Ángel Romero']",4000000.0,False,Used Large Dataset,False,"['Óscar Romero', 'Ángel Romero']",Romero,multiple
14894,14894,528,4274,"World Cup 2018, Qualifiers, CONMEBOL",Bolivia vs Uruguay,08-Oct-15,Bolivia,BO,2015,SUCCESS,"['Daniel Vaca', 'Joselito Vaca', 'Ramiro Vaca', 'Leonardo Vaca', 'Henry Vaca', 'Edward Vaca', 'Pablo Vaca']",0.0,False,Used Large Dataset,False,"['Daniel Vaca', 'Joselito Vaca', 'Ramiro Vaca', 'Leonardo Vaca', 'Henry Vaca', 'Edward Vaca', 'Pablo Vaca']",Vaca,multiple
14919,14919,553,4275,"World Cup 2018, Qualifiers, CONMEBOL",Venezuela vs Paraguay,08-Oct-15,Venezuela,VE,2015,SUCCESS,"['Franklin Lucena', 'Ronaldo Lucena']",0.0,False,Used Large Dataset,False,"['Franklin Lucena', 'Ronaldo Lucena']",Lucena,multiple
14928,14928,562,4275,"World Cup 2018, Qualifiers, CONMEBOL",Venezuela vs Paraguay,08-Oct-15,Paraguay,PY,2015,SUCCESS,"['Nelson Valdez', 'Bruno Valdez', 'Diego Valdez']",0.0,False,Used Large Dataset,False,"['Nelson Valdez', 'Bruno Valdez', 'Diego Valdez']",Valdez,multiple
15000,15000,634,4278,"World Cup 2018, Qualifiers, CONMEBOL",Ecuador vs Bolivia,13-Oct-15,Bolivia,BO,2015,SUCCESS,"['Jorge Flores', 'Wálter Flores']",0.0,False,Used Large Dataset,False,"['Jorge Flores', 'Wálter Flores']",Flores,multiple
15126,15126,760,4284,"World Cup 2018, Qualifiers, CONMEBOL",Bolivia vs Venezuela,12-Nov-15,Venezuela,VE,2015,SUCCESS,"['Luis Vargas', 'Ronald Vargas', 'Jefre Vargas', 'Freddy Vargas']",3800000.0,False,Used Large Dataset,False,"['Luis Vargas', 'Ronald Vargas', 'Jefre Vargas', 'Freddy Vargas']",Vargas,multiple
15284,15284,918,4291,"World Cup 2018, Qualifiers, CONMEBOL",Paraguay vs Bolivia,17-Nov-15,Bolivia,BO,2015,SUCCESS,"['Jorge Flores', 'Wálter Flores']",0.0,False,Used Large Dataset,False,"['Jorge Flores', 'Wálter Flores']",Flores,multiple
15346,15346,980,4294,"World Cup 2018, Qualifiers, CONMEBOL",Ecuador vs Paraguay,24-Mar-16,Paraguay,PY,2016,SUCCESS,"['Nelson Valdez', 'Bruno Valdez', 'Diego Valdez']",0.0,False,Used Large Dataset,False,"['Nelson Valdez', 'Bruno Valdez', 'Diego Valdez']",Valdez,multiple
15364,15364,998,4295,"World Cup 2018, Qualifiers, CONMEBOL",Chile vs Argentina,24-Mar-16,Chile,CL,2016,SUCCESS,"['Matías Fernández', 'Ronnie Fernández']",4500000.0,False,Used Large Dataset,False,"['Matías Fernández', 'Ronnie Fernández']",Fernández,multiple
15394,15394,1028,4296,"World Cup 2018, Qualifiers, CONMEBOL",Peru vs Venezuela,24-Mar-16,Venezuela,VE,2016,SUCCESS,"['José Martínez', 'Josef Martínez', 'David Martínez']",3000000.0,False,Used Large Dataset,False,"['José Martínez', 'Josef Martínez', 'David Martínez']",Martinez,multiple
15401,15401,1035,4297,"World Cup 2018, Qualifiers, CONMEBOL",Brazil vs Uruguay,25-Mar-16,Brazil,BR,2016,SUCCESS,"['Dani Alves', 'Diego Alves']",6000000.0,False,Used Large Dataset,False,"['Dani Alves', 'Diego Alves']",D Alves,multiple
15421,15421,1055,4297,"World Cup 2018, Qualifiers, CONMEBOL",Brazil vs Uruguay,25-Mar-16,Uruguay,UY,2016,SUCCESS,"['Luis Suárez', 'Mathías Suárez', 'Damián Suárez']",90000000.0,False,Used Large Dataset,False,"['Luis Suárez', 'Mathías Suárez', 'Damián Suárez']",Suárez,multiple
15454,15454,1088,4299,"World Cup 2018, Qualifiers, CONMEBOL",Venezuela vs Chile,29-Mar-16,Venezuela,VE,2016,SUCCESS,"['José Martínez', 'Josef Martínez', 'David Martínez']",3000000.0,False,Used Large Dataset,False,"['José Martínez', 'Josef Martínez', 'David Martínez']",Martinez,multiple
16394,16394,928,2773,"World Cup Qualifiers, Europe, 2014",San Marino vs England,22-03-2013,San Marino,SM,2013,SUCCESS,"['Alessandro Della Valle', 'Alex Della Valle']",0.0,False,Used Large Dataset,False,"['Alessandro Della Valle', 'Alex Della Valle']",A Della Valle,multiple
17034,17034,468,627,"Euros 2020, Qualifiers",England vs Czech,22.03.19,England,EN,2019,SUCCESS,"['Jordan Henderson', 'Dean Henderson']",28000000.0,False,Used Large Dataset,False,"['Jordan Henderson', 'Dean Henderson']",Henderson,multiple
17211,17211,645,635,"Euros 2020, Qualifiers",England vs Bulgaria,07.09.19,England,EN,2019,SUCCESS,"['Jordan Henderson', 'Dean Henderson']",28000000.0,False,Used Large Dataset,False,"['Jordan Henderson', 'Dean Henderson']",Henderson,multiple
17233,17233,667,636,"Euros 2020, Qualifiers",England vs Kosovo,10.09.19,England,EN,2019,SUCCESS,"['Jordan Henderson', 'Dean Henderson']",28000000.0,False,Used Large Dataset,False,"['Jordan Henderson', 'Dean Henderson']",Henderson,multiple
17288,17288,722,638,"Euros 2020, Qualifiers",Czech vs England,11.10.19,England,EN,2019,SUCCESS,"['Jordan Henderson', 'Dean Henderson']",28000000.0,False,Used Large Dataset,False,"['Jordan Henderson', 'Dean Henderson']",Henderson,multiple
17332,17332,766,640,"Euros 2020, Qualifiers",Bulgaria vs England,14.10.19,England,EN,2019,SUCCESS,"['Jordan Henderson', 'Dean Henderson']",28000000.0,False,Used Large Dataset,False,"['Jordan Henderson', 'Dean Henderson']",Henderson,multiple
17651,17651,1085,655,"Euros 2020, Qualifiers",Serbia vs Portugal,07.09.19,Serbia,RS,2019,SUCCESS,"['Nemanja Matic', 'Uros Matic']",16000000.0,False,Used Large Dataset,False,"['Nemanja Matic', 'Uros Matic']",Matic,multiple
17691,17691,25,3794,"Gold Cup, 2023",Costa Rica vs Martinique,05-07-2023,Costa Rica,CR,2023,SUCCESS,"['Juan Pablo Vargas', 'José Vargas']",2000000.0,False,Used Large Dataset,False,"['Juan Pablo Vargas', 'José Vargas']",J Vargas,multiple
17932,17932,266,3805,"Gold Cup, 2023",Mexico vs Honduras,26-06-2023,Mexico,MX,2023,SUCCESS,"['Edson Álvarez', 'Efraín Álvarez']",35000000.0,False,Used Large Dataset,False,"['Edson Álvarez', 'Efraín Álvarez']",E Álvarez,multiple
17935,17935,269,3805,"Gold Cup, 2023",Mexico vs Honduras,26-06-2023,Mexico,MX,2023,SUCCESS,"['Érick Sánchez', 'Jorge Sánchez']",5000000.0,False,Used Large Dataset,False,"['Érick Sánchez', 'Jorge Sánchez']",E Sánchez,multiple
18014,18014,348,3808,"Gold Cup, 2023",Jamaica vs Mexico,13-07-2023,Mexico,MX,2023,SUCCESS,"['Érick Sánchez', 'Jorge Sánchez']",5000000.0,False,Used Large Dataset,False,"['Érick Sánchez', 'Jorge Sánchez']",E Sánchez,multiple
18053,18053,387,3810,"Gold Cup, 2023",Haiti vs Mexico,30-06-2023,Mexico,MX,2023,SUCCESS,"['Edson Álvarez', 'Efraín Álvarez']",35000000.0,False,Used Large Dataset,False,"['Edson Álvarez', 'Efraín Álvarez']",E Álvarez,multiple
18056,18056,390,3810,"Gold Cup, 2023",Haiti vs Mexico,30-06-2023,Mexico,MX,2023,SUCCESS,"['Érick Sánchez', 'Jorge Sánchez']",5000000.0,False,Used Large Dataset,False,"['Érick Sánchez', 'Jorge Sánchez']",E Sánchez,multiple
18064,18064,398,3811,"Gold Cup, 2023",Mexico vs Qatar,03-07-2023,Mexico,MX,2023,SUCCESS,"['Edson Álvarez', 'Efraín Álvarez']",35000000.0,False,Used Large Dataset,False,"['Edson Álvarez', 'Efraín Álvarez']",E Álvarez,multiple
18120,18120,454,3813,"Gold Cup, 2023",El Salvador vs Costa Rica,01-07-2023,Costa Rica,CR,2023,SUCCESS,"['Juan Pablo Vargas', 'José Vargas']",2000000.0,False,Used Large Dataset,False,"['Juan Pablo Vargas', 'José Vargas']",J Vargas,multiple
21503,21503,537,2451,"World Cup Qualifiers, Asia, 2018",Maldives vs Bhutan,29-03-2016,Maldives,MV,2016,SUCCESS,"['Fayaz Abdulla', 'Azzam Abdulla', 'Ahmed Abdulla']",0.0,False,Used Large Dataset,False,"['Fayaz Abdulla', 'Azzam Abdulla', 'Ahmed Abdulla']",Assadhulla Abdulla,multiple
21769,21769,803,2463,"World Cup Qualifiers, Asia, 2018",Palestine vs Timor-Leste,29-03-2016,Timor-Leste,TL,2016,SUCCESS,"['Ramos Maxanches', 'Domingos Ramos Freitas']",0.0,False,Used Large Dataset,False,"['Ramos Maxanches', 'Domingos Ramos Freitas']",Ramos,multiple
22978,22978,912,446,"Euros 2016, Qualifiers",Ireland vs Gibraltar,11.10.14,Ireland,IE,2014,SUCCESS,"['Robbie Keane', 'Will Keane']",300000.0,False,Used Large Dataset,False,"['Robbie Keane', 'Will Keane']",Keane,multiple
23054,23054,988,449,"Euros 2016, Qualifiers",Germany vs Ireland,14.10.14,Ireland,IE,2014,SUCCESS,"['Robbie Keane', 'Will Keane']",300000.0,False,Used Large Dataset,False,"['Robbie Keane', 'Will Keane']",Keane,multiple
23394,23394,1328,465,"Euros 2016, Qualifiers",Ireland vs Georgia,07.09.15,Ireland,IE,2015,SUCCESS,"['Robbie Keane', 'Will Keane']",1000000.0,False,Used Large Dataset,False,"['Robbie Keane', 'Will Keane']",Keane,multiple
25366,25366,0,1314,Copa America 2021,Chile vs Paraguay,25.06.21,Chile,CL,2021,SUCCESS,"['Claudio Bravo', 'Christian Bravo']",1000000.0,False,Used Large Dataset,False,"['Claudio Bravo', 'Christian Bravo']",Bravo,multiple
26091,26091,725,1347,"Olympics, 2016",Portugal vs Argentina,2016-08-04,Argentina,AR,2016,SUCCESS,"['Cristian Ansaldi', 'Cristian Pavón', 'Cristian Romero']",5500000.0,False,Used Large Dataset,False,"['Cristian Ansaldi', 'Cristian Pavón', 'Cristian Romero']",Cristian Espinoza,multiple
26794,26794,328,2087,"World Cup Qualifiers, Africa, 2022",Morocco vs Guinea,16-11-2021,Guinea,GN,2021,SUCCESS,"['Aboubacar Bwanga Camara', 'Abdoul Camara', 'Aboubacar Camara', 'Alsény Camara', 'Abdoulaye Camara', 'Abdoulaye Naby Camara', 'Abdoulaye Paye Camara', 'Aguibou Camara']",20000000.0,False,Used Large Dataset,False,"['Aboubacar Bwanga Camara', 'Abdoul Camara', 'Aboubacar Camara', 'Alsény Camara', 'Abdoulaye Camara', 'Abdoulaye Naby Camara', 'Abdoulaye Paye Camara', 'Aguibou Camara']",A Camara,multiple
26804,26804,338,2088,"World Cup Qualifiers, Africa, 2022",Guinea vs Guinea-Bissau,12-11-2021,Guinea,GN,2021,SUCCESS,"['Aboubacar Bwanga Camara', 'Abdoul Camara', 'Aboubacar Camara', 'Alsény Camara', 'Abdoulaye Camara', 'Abdoulaye Naby Camara', 'Abdoulaye Paye Camara', 'Aguibou Camara']",20000000.0,False,Used Large Dataset,False,"['Aboubacar Bwanga Camara', 'Abdoul Camara', 'Aboubacar Camara', 'Alsény Camara', 'Abdoulaye Camara', 'Abdoulaye Naby Camara', 'Abdoulaye Paye Camara', 'Aguibou Camara']",A Camara,multiple
27045,27045,579,2099,"World Cup Qualifiers, Africa, 2022",Guinea vs Sudan,09-10-2021,Guinea,GN,2021,SUCCESS,"['Aboubacar Bwanga Camara', 'Abdoul Camara', 'Aboubacar Camara', 'Alsény Camara', 'Abdoulaye Camara', 'Abdoulaye Naby Camara', 'Abdoulaye Paye Camara', 'Aguibou Camara']",20000000.0,False,Used Large Dataset,False,"['Aboubacar Bwanga Camara', 'Abdoul Camara', 'Aboubacar Camara', 'Alsény Camara', 'Abdoulaye Camara', 'Abdoulaye Naby Camara', 'Abdoulaye Paye Camara', 'Aguibou Camara']",A Camara,multiple
30879,30879,13,1058,"Euros 2024, Qualifiers",Belarus vs Kosovo,19.06.23,Kosovo,XK,2023,SUCCESS,"['Amir Rrahmani', 'Albion Rrahmani']",25000000.0,False,Used Large Dataset,False,"['Amir Rrahmani', 'Albion Rrahmani']",Rrahmani,multiple
30934,30934,68,1061,"Euros 2024, Qualifiers",Kosovo vs Switzerland,09.09.23,Kosovo,XK,2023,SUCCESS,"['Amir Rrahmani', 'Albion Rrahmani']",25000000.0,False,Used Large Dataset,False,"['Amir Rrahmani', 'Albion Rrahmani']",Rrahmani,multiple
31011,31011,145,1064,"Euros 2024, Qualifiers",Romania vs Kosovo,12.09.23,Kosovo,XK,2023,SUCCESS,"['Amir Rrahmani', 'Albion Rrahmani']",25000000.0,False,Used Large Dataset,False,"['Amir Rrahmani', 'Albion Rrahmani']",Rrahmani,multiple
31323,31323,457,1078,"Euros 2024, Qualifiers",Bosnia-Herzegovina vs Iceland,23.03.23,Iceland,IS,2023,SUCCESS,"['Tryggvi Hrafn Haraldsson', 'Hákon Arnar Haraldsson']",10000000.0,False,Used Large Dataset,False,"['Tryggvi Hrafn Haraldsson', 'Hákon Arnar Haraldsson']",Haraldsson,multiple
31326,31326,460,1078,"Euros 2024, Qualifiers",Bosnia-Herzegovina vs Iceland,23.03.23,Iceland,IS,2023,SUCCESS,"['Jóhann Berg Gudmundsson', 'Albert Gudmundsson', 'Eggert Aron Gudmundsson']",1200000.0,False,Used Large Dataset,False,"['Jóhann Berg Gudmundsson', 'Albert Gudmundsson', 'Eggert Aron Gudmundsson']",Gudmundsson,multiple
31365,31365,499,1080,"Euros 2024, Qualifiers",Liechtenstein vs Iceland,26.03.23,Iceland,IS,2023,SUCCESS,"['Tryggvi Hrafn Haraldsson', 'Hákon Arnar Haraldsson']",10000000.0,False,Used Large Dataset,False,"['Tryggvi Hrafn Haraldsson', 'Hákon Arnar Haraldsson']",Haraldsson,multiple
31369,31369,503,1080,"Euros 2024, Qualifiers",Liechtenstein vs Iceland,26.03.23,Iceland,IS,2023,SUCCESS,"['Jóhann Berg Gudmundsson', 'Albert Gudmundsson', 'Eggert Aron Gudmundsson']",1200000.0,False,Used Large Dataset,False,"['Jóhann Berg Gudmundsson', 'Albert Gudmundsson', 'Eggert Aron Gudmundsson']",Gudmundsson,multiple
31469,31469,603,1085,"Euros 2024, Qualifiers",Iceland vs Slovakia,17.06.23,Iceland,IS,2023,SUCCESS,"['Jóhann Berg Gudmundsson', 'Albert Gudmundsson', 'Eggert Aron Gudmundsson']",1200000.0,False,Used Large Dataset,False,"['Jóhann Berg Gudmundsson', 'Albert Gudmundsson', 'Eggert Aron Gudmundsson']",Gudmundsson,multiple
31513,31513,647,1087,"Euros 2024, Qualifiers",Iceland vs Portugal,20.06.23,Iceland,IS,2023,SUCCESS,"['Jóhann Berg Gudmundsson', 'Albert Gudmundsson', 'Eggert Aron Gudmundsson']",1200000.0,False,Used Large Dataset,False,"['Jóhann Berg Gudmundsson', 'Albert Gudmundsson', 'Eggert Aron Gudmundsson']",Gudmundsson,multiple
31586,31586,720,1090,"Euros 2024, Qualifiers",Luxembourg vs Iceland,08.09.23,Iceland,IS,2023,SUCCESS,"['Tryggvi Hrafn Haraldsson', 'Hákon Arnar Haraldsson']",10000000.0,False,Used Large Dataset,False,"['Tryggvi Hrafn Haraldsson', 'Hákon Arnar Haraldsson']",Haraldsson,multiple
31589,31589,723,1090,"Euros 2024, Qualifiers",Luxembourg vs Iceland,08.09.23,Iceland,IS,2023,SUCCESS,"['Jóhann Berg Gudmundsson', 'Albert Gudmundsson', 'Eggert Aron Gudmundsson']",1200000.0,False,Used Large Dataset,False,"['Jóhann Berg Gudmundsson', 'Albert Gudmundsson', 'Eggert Aron Gudmundsson']",Gudmundsson,multiple
31641,31641,775,1093,"Euros 2024, Qualifiers",Iceland vs Bosnia-Herzegovina,11.09.23,Iceland,IS,2023,SUCCESS,"['Tryggvi Hrafn Haraldsson', 'Hákon Arnar Haraldsson']",10000000.0,False,Used Large Dataset,False,"['Tryggvi Hrafn Haraldsson', 'Hákon Arnar Haraldsson']",Haraldsson,multiple
31645,31645,779,1093,"Euros 2024, Qualifiers",Iceland vs Bosnia-Herzegovina,11.09.23,Iceland,IS,2023,SUCCESS,"['Jóhann Berg Gudmundsson', 'Albert Gudmundsson', 'Eggert Aron Gudmundsson']",1200000.0,False,Used Large Dataset,False,"['Jóhann Berg Gudmundsson', 'Albert Gudmundsson', 'Eggert Aron Gudmundsson']",Gudmundsson,multiple
31707,31707,841,1096,"Euros 2024, Qualifiers",Iceland vs Luxembourg,13.10.23,Iceland,IS,2023,SUCCESS,"['Tryggvi Hrafn Haraldsson', 'Hákon Arnar Haraldsson']",10000000.0,False,Used Large Dataset,False,"['Tryggvi Hrafn Haraldsson', 'Hákon Arnar Haraldsson']",Haraldsson,multiple
31773,31773,907,1099,"Euros 2024, Qualifiers",Iceland vs Liechtenstein,16.10.23,Iceland,IS,2023,SUCCESS,"['Tryggvi Hrafn Haraldsson', 'Hákon Arnar Haraldsson']",10000000.0,False,Used Large Dataset,False,"['Tryggvi Hrafn Haraldsson', 'Hákon Arnar Haraldsson']",Haraldsson,multiple
31854,31854,988,1102,"Euros 2024, Qualifiers",Slovakia vs Iceland,16.11.23,Iceland,IS,2023,SUCCESS,"['Jóhann Berg Gudmundsson', 'Albert Gudmundsson', 'Eggert Aron Gudmundsson']",1200000.0,False,Used Large Dataset,False,"['Jóhann Berg Gudmundsson', 'Albert Gudmundsson', 'Eggert Aron Gudmundsson']",Gudmundsson,multiple
31898,31898,1032,1104,"Euros 2024, Qualifiers",Portugal vs Iceland,19.11.23,Iceland,IS,2023,SUCCESS,"['Jóhann Berg Gudmundsson', 'Albert Gudmundsson', 'Eggert Aron Gudmundsson']",1200000.0,False,Used Large Dataset,False,"['Jóhann Berg Gudmundsson', 'Albert Gudmundsson', 'Eggert Aron Gudmundsson']",Gudmundsson,multiple
32283,32283,317,2340,"World Cup Qualifiers, Asia, 2018",Myanmar vs Lebanon,08-10-2015,Myanmar,MM,2015,SUCCESS,"['Thiha Zaw', 'Hein Thiha Zaw']",0.0,False,Used Large Dataset,False,"['Thiha Zaw', 'Hein Thiha Zaw']",Thiha Zaw,multiple
32305,32305,339,2341,"World Cup Qualifiers, Asia, 2018",Bhutan vs Qatar,17-11-2015,Bhutan,BT,2015,SUCCESS,"['Tshering Dorji', 'Thinley Dorji', 'Tenzin Dorji', 'Tsenda Dorji', 'Tandin Dorji']",0.0,False,Used Large Dataset,False,"['Tshering Dorji', 'Thinley Dorji', 'Tenzin Dorji', 'Tsenda Dorji', 'Tandin Dorji']",T Dorji,multiple
32337,32337,371,2342,"World Cup Qualifiers, Asia, 2018",Syria vs Cambodia,24-03-2016,Cambodia,KH,2016,SUCCESS,"['Souhana Sos', 'Sok Sovan']",0.0,False,Used Large Dataset,False,"['Souhana Sos', 'Sok Sovan']",Sos Suhana,multiple
32478,32478,512,2349,"World Cup Qualifiers, Asia, 2018",Cambodia vs Japan,17-11-2015,Cambodia,KH,2015,SUCCESS,"['Souhana Sos', 'Sok Sovan']",0.0,False,Used Large Dataset,False,"['Souhana Sos', 'Sok Sovan']",Sos Suhana,multiple
33119,33119,53,4048,"World Cup 2018, Qualifiers, CONCACAF",Trinidad and Tobago vs Costa Rica,11-Nov-16,Trinidad and Tobago,TT,2016,SUCCESS,"['Jan-Michael Williams', 'Mekeil Williams', 'Jomal Williams', 'Jesse Williams']",0.0,False,Used Large Dataset,False,"['Jan-Michael Williams', 'Mekeil Williams', 'Jomal Williams', 'Jesse Williams']",Williams,multiple
33383,33383,317,4060,"World Cup 2018, Qualifiers, CONCACAF",Mexico vs Honduras,08-Jun-17,Mexico,MX,2017,SUCCESS,"['Jesús Corona', 'Yasser Corona']",12000000.0,False,Used Large Dataset,False,"['Jesús Corona', 'Yasser Corona']",Corona,multiple
33788,33788,722,4079,"World Cup 2022, Qualifiers, CONCACAF",Suriname vs Cayman Islands,24-Mar-21,Cayman Islands,KY,2021,SUCCESS,"['Jedd Ebanks', 'Jason Ebanks', 'Mark Ebanks', 'Jessus Ebanks', 'Brandon Ebanks', 'Jonah Ebanks', 'Trey Ebanks', 'Jonathan Ebanks']",0.0,False,Used Large Dataset,False,"['Jedd Ebanks', 'Jason Ebanks', 'Mark Ebanks', 'Jessus Ebanks', 'Brandon Ebanks', 'Jonah Ebanks', 'Trey Ebanks', 'Jonathan Ebanks']",Ebanks,multiple
33808,33808,742,4080,"World Cup 2022, Qualifiers, CONCACAF",Dominican Republic vs Dominica,24-Mar-21,Dominica,DM,2021,SUCCESS,"['Jerome Thomas', 'Eddie Thomas', 'Briel Thomas', 'Kimani Thomas', 'Neilbert Thomas', 'Keeyan Thomas']",0.0,False,Used Large Dataset,False,"['Jerome Thomas', 'Eddie Thomas', 'Briel Thomas', 'Kimani Thomas', 'Neilbert Thomas', 'Keeyan Thomas']",Thomas,multiple
33839,33839,773,4082,"World Cup 2022, Qualifiers, CONCACAF",Saint Kitts and Nevis vs Puerto Rico,24-Mar-21,Saint Kitts and Nevis,KN,2021,SUCCESS,"['Hasani Flemming', 'Dennis Flemming', 'Ordell Flemming']",0.0,False,Used Large Dataset,False,"['Hasani Flemming', 'Dennis Flemming', 'Ordell Flemming']",Flemming,multiple
33897,33897,831,4084,"World Cup 2022, Qualifiers, CONCACAF",Trinidad and Tobago vs Guyana,25-Mar-21,Guyana,GY,2021,SUCCESS,"['Daniel Wilson', 'Marcus Wilson']",0.0,False,Used Large Dataset,False,"['Daniel Wilson', 'Marcus Wilson']",Wilson,multiple
33958,33958,892,4087,"World Cup 2022, Qualifiers, CONCACAF",Curaçao vs Saint Vincent and the Grenadines,25-Mar-21,Saint Vincent and the Grenadines,VC,2021,SUCCESS,"['Marcus Williams', 'Edison Williams', 'Akeem Williams', 'Kurtlon Williams', 'Mekeal Williams']",0.0,False,Used Large Dataset,False,"['Marcus Williams', 'Edison Williams', 'Akeem Williams', 'Kurtlon Williams', 'Mekeal Williams']",Williams,multiple
33965,33965,899,4087,"World Cup 2022, Qualifiers, CONCACAF",Curaçao vs Saint Vincent and the Grenadines,25-Mar-21,Saint Vincent and the Grenadines,VC,2021,SUCCESS,"['Nigel Charles', 'Addeen Charles']",0.0,False,Used Large Dataset,False,"['Nigel Charles', 'Addeen Charles']",Charles,multiple
33966,33966,900,4087,"World Cup 2022, Qualifiers, CONCACAF",Curaçao vs Saint Vincent and the Grenadines,25-Mar-21,Saint Vincent and the Grenadines,VC,2021,SUCCESS,"['Cornelius Stewart', 'Malcolm Stewart']",0.0,False,Used Large Dataset,False,"['Cornelius Stewart', 'Malcolm Stewart']",Stewart,multiple
34060,34060,994,4092,"World Cup 2022, Qualifiers, CONCACAF",Bahamas vs Saint Kitts and Nevis,27-Mar-21,Bahamas,BS,2021,SUCCESS,"['Chadwick Russell', 'Logan Russell', 'Daylan Russell']",0.0,False,Used Large Dataset,False,"['Chadwick Russell', 'Logan Russell', 'Daylan Russell']",Russell,multiple
34066,34066,1000,4092,"World Cup 2022, Qualifiers, CONCACAF",Bahamas vs Saint Kitts and Nevis,27-Mar-21,Bahamas,BS,2021,SUCCESS,"['Evens Julmis', 'Evelt Julmis', 'Peter Julmis']",0.0,False,Used Large Dataset,False,"['Evens Julmis', 'Evelt Julmis', 'Peter Julmis']",Julmis,multiple
35741,35741,541,529,"Euros 2016, Qualifiers",Romania vs Finland,08.10.15,Finland,FI,2015,SUCCESS,"['Niklas Moisander', 'Henrik Moisander']",3000000.0,False,Used Large Dataset,False,"['Niklas Moisander', 'Henrik Moisander']",Moisander,multiple
36282,36282,1082,554,"Euros 2016, Qualifiers",Liechtenstein vs Russia,08.09.15,Liechtenstein,LI,2015,SUCCESS,"['Martin Büchel', 'Marcel Büchel']",0.0,False,Used Large Dataset,False,"['Martin Büchel', 'Marcel Büchel']",M-n Buchel,multiple
36593,36593,293,2894,"World Cup Qualifiers, Europe, 2014",Liechtenstein vs Slovakia,07-06-2013,Liechtenstein,LI,2013,SUCCESS,"['Martin Büchel', 'Marcel Büchel']",0.0,False,Used Large Dataset,False,"['Martin Büchel', 'Marcel Büchel']",M Büchel,multiple
37558,37558,158,4104,"World Cup 2022, Qualifiers, CONCACAF",Barbados vs Anguilla,30-Mar-21,Barbados,BB,2021,SUCCESS,"['Jeff Williams', 'Mario Williams', 'Jamol Williams']",0.0,False,Used Large Dataset,False,"['Jeff Williams', 'Mario Williams', 'Jamol Williams']",Williams,multiple
37579,37579,179,4105,"World Cup 2022, Qualifiers, CONCACAF",Saint Vincent and the Grenadines vs British Virgin Islands,30-Mar-21,Saint Vincent and the Grenadines,VC,2021,SUCCESS,"['Cornelius Stewart', 'Malcolm Stewart']",0.0,False,Used Large Dataset,False,"['Cornelius Stewart', 'Malcolm Stewart']",Stewart,multiple
37586,37586,186,4105,"World Cup 2022, Qualifiers, CONCACAF",Saint Vincent and the Grenadines vs British Virgin Islands,30-Mar-21,Saint Vincent and the Grenadines,VC,2021,SUCCESS,"['Marcus Williams', 'Edison Williams', 'Akeem Williams', 'Kurtlon Williams', 'Mekeal Williams']",0.0,False,Used Large Dataset,False,"['Marcus Williams', 'Edison Williams', 'Akeem Williams', 'Kurtlon Williams', 'Mekeal Williams']",Williams,multiple
37606,37606,206,4106,"World Cup 2022, Qualifiers, CONCACAF",Guyana vs Bahamas,30-Mar-21,Guyana,GY,2021,SUCCESS,"['Daniel Wilson', 'Marcus Wilson']",0.0,False,Used Large Dataset,False,"['Daniel Wilson', 'Marcus Wilson']",Wilson,multiple
37613,37613,213,4106,"World Cup 2022, Qualifiers, CONCACAF",Guyana vs Bahamas,30-Mar-21,Bahamas,BS,2021,SUCCESS,"['Chadwick Russell', 'Logan Russell', 'Daylan Russell']",0.0,False,Used Large Dataset,False,"['Chadwick Russell', 'Logan Russell', 'Daylan Russell']",Russell,multiple
37619,37619,219,4106,"World Cup 2022, Qualifiers, CONCACAF",Guyana vs Bahamas,30-Mar-21,Bahamas,BS,2021,SUCCESS,"['Evens Julmis', 'Evelt Julmis', 'Peter Julmis']",0.0,False,Used Large Dataset,False,"['Evens Julmis', 'Evelt Julmis', 'Peter Julmis']",Julmis,multiple
37646,37646,246,4108,"World Cup 2022, Qualifiers, CONCACAF",Dominica vs Anguilla,02-Jun-21,Dominica,DM,2021,SUCCESS,"['Jerome Thomas', 'Eddie Thomas', 'Briel Thomas', 'Kimani Thomas', 'Neilbert Thomas', 'Keeyan Thomas']",0.0,False,Used Large Dataset,False,"['Jerome Thomas', 'Eddie Thomas', 'Briel Thomas', 'Kimani Thomas', 'Neilbert Thomas', 'Keeyan Thomas']",Thomas,multiple
37714,37714,314,4111,"World Cup 2022, Qualifiers, CONCACAF",Cayman Islands vs Aruba,02-Jun-21,Cayman Islands,KY,2021,SUCCESS,"['Theron Wood', 'Seth Wood']",0.0,False,Used Large Dataset,False,"['Theron Wood', 'Seth Wood']",Wood,multiple
37721,37721,321,4111,"World Cup 2022, Qualifiers, CONCACAF",Cayman Islands vs Aruba,02-Jun-21,Aruba,AW,2021,SUCCESS,"['Fernando Lewis', 'Franklin Lewis']",20000000.0,False,Used Large Dataset,False,"['Fernando Lewis', 'Franklin Lewis']",Lewis,multiple
37739,37739,339,4112,"World Cup 2022, Qualifiers, CONCACAF",Puerto Rico vs Bahamas,02-Jun-21,Puerto Rico,PR,2021,SUCCESS,"['Sebastián Díaz', 'Gerald Díaz', 'Alec Díaz']",0.0,False,Used Large Dataset,False,"['Sebastián Díaz', 'Gerald Díaz', 'Alec Díaz']",Díaz,multiple
37794,37794,394,4114,"World Cup 2022, Qualifiers, CONCACAF",Guatemala vs Saint Vincent and the Grenadines,04-Jun-21,Saint Vincent and the Grenadines,VC,2021,SUCCESS,"['Cornelius Stewart', 'Malcolm Stewart']",0.0,False,Used Large Dataset,False,"['Cornelius Stewart', 'Malcolm Stewart']",Stewart,multiple
37797,37797,397,4115,"World Cup 2022, Qualifiers, CONCACAF",Saint Kitts and Nevis vs Guyana,04-Jun-21,Saint Kitts and Nevis,KN,2021,SUCCESS,"['Hasani Flemming', 'Dennis Flemming', 'Ordell Flemming']",0.0,False,Used Large Dataset,False,"['Hasani Flemming', 'Dennis Flemming', 'Ordell Flemming']",Flemming,multiple
37835,37835,435,4116,"World Cup 2022, Qualifiers, CONCACAF",Suriname vs Bermuda,04-Jun-21,Bermuda,BM,2021,SUCCESS,"['Rahzir Jones', 'Richard Jones', 'Reece Jones']",0.0,False,Used Large Dataset,False,"['Rahzir Jones', 'Richard Jones', 'Reece Jones']",Jones,multiple
37839,37839,439,4116,"World Cup 2022, Qualifiers, CONCACAF",Suriname vs Bermuda,04-Jun-21,Bermuda,BM,2021,SUCCESS,"['Cecoy Robinson', 'Luke Robinson', 'Riley Robinson']",0.0,False,Used Large Dataset,False,"['Cecoy Robinson', 'Luke Robinson', 'Riley Robinson']",Robinson,multiple
37939,37939,539,4121,"World Cup 2022, Qualifiers, CONCACAF",US Virgin Islands vs El Salvador,05-Jun-21,El Salvador,SV,2021,SUCCESS,"['Manuel González', 'Andrés González', 'Mario González']",3000000.0,False,Used Large Dataset,False,"['Manuel González', 'Andrés González', 'Mario González']",González,multiple
37963,37963,563,4122,"World Cup 2022, Qualifiers, CONCACAF",Anguilla vs Panama,05-Jun-21,Panama,PA,2021,SUCCESS,"['Ronaldo Córdoba', 'Adán Córdoba', 'José Córdoba', 'Omar Córdoba']",0.0,False,Used Large Dataset,False,"['Ronaldo Córdoba', 'Adán Córdoba', 'José Córdoba', 'Omar Córdoba']",Córdoba,multiple
37974,37974,574,4123,"World Cup 2022, Qualifiers, CONCACAF",Aruba vs Canada,05-Jun-21,Aruba,AW,2021,SUCCESS,"['Fernando Lewis', 'Franklin Lewis']",20000000.0,False,Used Large Dataset,False,"['Fernando Lewis', 'Franklin Lewis']",Lewis,multiple
38064,38064,664,4127,"World Cup 2022, Qualifiers, CONCACAF",Saint Vincent and the Grenadines vs Cuba,08-Jun-21,Saint Vincent and the Grenadines,VC,2021,SUCCESS,"['Nigel Charles', 'Addeen Charles']",0.0,False,Used Large Dataset,False,"['Nigel Charles', 'Addeen Charles']",Charles,multiple
38148,38148,748,4131,"World Cup 2022, Qualifiers, CONCACAF",El Salvador vs Antigua and Barbuda,08-Jun-21,El Salvador,SV,2021,SUCCESS,"['Manuel González', 'Andrés González', 'Mario González']",3000000.0,False,Used Large Dataset,False,"['Manuel González', 'Andrés González', 'Mario González']",González,multiple
38192,38192,792,4133,"World Cup 2022, Qualifiers, CONCACAF",Barbados vs Dominica,08-Jun-21,Barbados,BB,2021,SUCCESS,"['Liam Brathwaite', 'Nicoli Brathwaite']",0.0,False,Used Large Dataset,False,"['Liam Brathwaite', 'Nicoli Brathwaite']",Brathwaite,multiple
38346,38346,946,4141,"World Cup 2022, Qualifiers, CONCACAF",El Salvador vs Saint Kitts and Nevis,15-Jun-21,El Salvador,SV,2021,SUCCESS,"['Manuel González', 'Andrés González', 'Mario González']",3000000.0,False,Used Large Dataset,False,"['Manuel González', 'Andrés González', 'Mario González']",González,multiple
38412,38412,1012,4144,"World Cup 2022, Qualifiers, CONCACAF",El Salvador vs USA,02-Sep-21,El Salvador,SV,2021,SUCCESS,"['Manuel González', 'Andrés González', 'Mario González']",3000000.0,False,Used Large Dataset,False,"['Manuel González', 'Andrés González', 'Mario González']",González,multiple
38478,38478,1078,4147,"World Cup 2022, Qualifiers, CONCACAF",El Salvador vs Honduras,05-Sep-21,El Salvador,SV,2021,SUCCESS,"['Manuel González', 'Andrés González', 'Mario González']",3000000.0,False,Used Large Dataset,False,"['Manuel González', 'Andrés González', 'Mario González']",González,multiple
38547,38547,47,4403,"World Cup 2022, Qualifiers, CONMEBOL",Colombia vs Chile,09-Sep-21,Colombia,CO,2021,SUCCESS,"['Jeison Murillo', 'Óscar Murillo']",3500000.0,False,Used Large Dataset,False,"['Jeison Murillo', 'Óscar Murillo']",Murillo,multiple
38555,38555,55,4403,"World Cup 2022, Qualifiers, CONMEBOL",Colombia vs Chile,09-Sep-21,Chile,CL,2021,SUCCESS,"['Claudio Bravo', 'Christian Bravo']",1000000.0,False,Used Large Dataset,False,"['Claudio Bravo', 'Christian Bravo']",Bravo,multiple
38731,38731,231,4411,"World Cup 2022, Qualifiers, CONMEBOL",Peru vs Chile,07-Oct-21,Chile,CL,2021,SUCCESS,"['Claudio Bravo', 'Christian Bravo']",1000000.0,False,Used Large Dataset,False,"['Claudio Bravo', 'Christian Bravo']",Bravo,multiple
38737,38737,237,4411,"World Cup 2022, Qualifiers, CONMEBOL",Peru vs Chile,07-Oct-21,Chile,CL,2021,SUCCESS,"['Charles Aránguiz', 'Pablo Aránguiz']",3500000.0,False,Used Large Dataset,False,"['Charles Aránguiz', 'Pablo Aránguiz']",Aránguiz,multiple
38852,38852,352,4417,"World Cup 2022, Qualifiers, CONMEBOL",Chile vs Paraguay,10-Oct-21,Chile,CL,2021,SUCCESS,"['Claudio Bravo', 'Christian Bravo']",1000000.0,False,Used Large Dataset,False,"['Claudio Bravo', 'Christian Bravo']",Bravo,multiple
38859,38859,359,4417,"World Cup 2022, Qualifiers, CONMEBOL",Chile vs Paraguay,10-Oct-21,Chile,CL,2021,SUCCESS,"['Charles Aránguiz', 'Pablo Aránguiz']",3500000.0,False,Used Large Dataset,False,"['Charles Aránguiz', 'Pablo Aránguiz']",Aránguiz,multiple
38884,38884,384,4418,"World Cup 2022, Qualifiers, CONMEBOL",Colombia vs Ecuador,14-Oct-21,Colombia,CO,2021,SUCCESS,"['Cristián Zapata', 'Róbinson Zapata', 'Duván Zapata']",28000000.0,False,Used Large Dataset,False,"['Cristián Zapata', 'Róbinson Zapata', 'Duván Zapata']",Zapata,multiple
38962,38962,462,4422,"World Cup 2022, Qualifiers, CONMEBOL",Chile vs Venezuela,14-Oct-21,Chile,CL,2021,SUCCESS,"['Claudio Bravo', 'Christian Bravo']",1000000.0,False,Used Large Dataset,False,"['Claudio Bravo', 'Christian Bravo']",Bravo,multiple
39017,39017,517,4424,"World Cup 2022, Qualifiers, CONMEBOL",Paraguay vs Chile,11-Nov-21,Chile,CL,2021,SUCCESS,"['Claudio Bravo', 'Christian Bravo']",1000000.0,False,Used Large Dataset,False,"['Claudio Bravo', 'Christian Bravo']",Bravo,multiple
39070,39070,570,4426,"World Cup 2022, Qualifiers, CONMEBOL",Brazil vs Colombia,11-Nov-21,Colombia,CO,2021,SUCCESS,"['Cristián Zapata', 'Róbinson Zapata', 'Duván Zapata']",28000000.0,False,Used Large Dataset,False,"['Cristián Zapata', 'Róbinson Zapata', 'Duván Zapata']",Zapata,multiple
39182,39182,682,4432,"World Cup 2022, Qualifiers, CONMEBOL",Chile vs Ecuador,16-Nov-21,Chile,CL,2021,SUCCESS,"['Claudio Bravo', 'Christian Bravo']",1000000.0,False,Used Large Dataset,False,"['Claudio Bravo', 'Christian Bravo']",Bravo,multiple
40792,40792,92,2583,"World Cup Qualifiers, Asia, 2022",Vietnam vs Oman,24-03-2022,Vietnam,VN,2022,SUCCESS,"['Nguyen Manh Tran', 'Ngoc Thinh Vu']",225000.0,False,Used Large Dataset,False,"['Nguyen Manh Tran', 'Ngoc Thinh Vu']",Nguyn Thành Chung,multiple
40829,40829,129,2584,"World Cup Qualifiers, Asia, 2022",Kyrgyzstan vs Myanmar,10-10-2019,Myanmar,MM,2019,SUCCESS,"['Sithu Aung', 'Than Htet Aung', 'Thiha Htet Aung']",0.0,False,Used Large Dataset,False,"['Sithu Aung', 'Than Htet Aung', 'Thiha Htet Aung']",Thu Aung,multiple
43012,43012,112,1927,"World Cup Qualifiers, Africa, 2018",Guinea vs Libya,31-08-2017,Guinea,GN,2017,SUCCESS,"['Fodé Camara', 'Fode Camara']",5000000.0,False,Used Large Dataset,False,"['Fodé Camara', 'Fode Camara']",F Camara,multiple
43261,43261,361,1938,"World Cup Qualifiers, Africa, 2018",Mali vs Botswana,17-11-2015,Mali,ML,2015,SUCCESS,"['Abdoulay Diaby', 'Alassane Diaby']",0.0,False,Used Large Dataset,False,"['Abdoulay Diaby', 'Alassane Diaby']",A Diaby,multiple
43451,43451,551,1947,"World Cup Qualifiers, Africa, 2018",Guinea vs Congo DR,13-11-2016,Guinea,GN,2016,SUCCESS,"['Alsény Bangoura', 'Alkhaly Bangoura', 'Aboubacar Bangoura']",0.0,False,Used Large Dataset,False,"['Alsény Bangoura', 'Alkhaly Bangoura', 'Aboubacar Bangoura']",A Bangoura,multiple
43454,43454,554,1947,"World Cup Qualifiers, Africa, 2018",Guinea vs Congo DR,13-11-2016,Guinea,GN,2016,SUCCESS,"['Fodé Camara', 'Fode Camara']",-,False,Used Large Dataset,False,"['Fodé Camara', 'Fode Camara']",F Camara,multiple
43926,43926,1026,1968,"World Cup Qualifiers, Africa, 2018",Tunisia vs Mauritania,17-11-2015,Mauritania,MR,2015,SUCCESS,"['Mamadou Idrissa Wade', 'Mohamed Wade']",0.0,False,Used Large Dataset,False,"['Mamadou Idrissa Wade', 'Mohamed Wade']",M Wade,multiple
43969,43969,1069,1970,"World Cup Qualifiers, Africa, 2018",Libya vs Guinea,04-09-2017,Guinea,GN,2017,SUCCESS,"['Fodé Camara', 'Fode Camara']",5000000.0,False,Used Large Dataset,False,"['Fodé Camara', 'Fode Camara']",F Camara,multiple
45102,45102,2,4350,"World Cup 2018, Qualifiers, CONMEBOL",Ecuador vs Peru,05-Sep-17,Ecuador,EC,2017,SUCCESS,"['Felipe Caicedo', 'Luis Caicedo', 'Marcos Caicedo', 'Romario Caicedo', 'Beder Caicedo', 'Moisés Caicedo', 'Jordy Caicedo']",2500000.0,False,Used Large Dataset,False,"['Felipe Caicedo', 'Luis Caicedo', 'Marcos Caicedo', 'Romario Caicedo', 'Beder Caicedo', 'Moisés Caicedo', 'Jordy Caicedo']",Caicedo,multiple
45232,45232,132,4356,"World Cup 2018, Qualifiers, CONMEBOL",Chile vs Ecuador,05-Oct-17,Chile,CL,2017,SUCCESS,"['Claudio Bravo', 'Christian Bravo']",3500000.0,False,Used Large Dataset,False,"['Claudio Bravo', 'Christian Bravo']",Bravo,multiple
45449,45449,349,4366,"World Cup 2022, Qualifiers, CONMEBOL",Argentina vs Ecuador,08-Oct-20,Ecuador,EC,2020,SUCCESS,"['Felipe Caicedo', 'Luis Caicedo', 'Marcos Caicedo', 'Romario Caicedo', 'Beder Caicedo', 'Moisés Caicedo', 'Jordy Caicedo']",5000000.0,False,Used Large Dataset,False,"['Felipe Caicedo', 'Luis Caicedo', 'Marcos Caicedo', 'Romario Caicedo', 'Beder Caicedo', 'Moisés Caicedo', 'Jordy Caicedo']",Caicedo,multiple
45525,45525,425,4370,"World Cup 2022, Qualifiers, CONMEBOL",Ecuador vs Uruguay,13-Oct-20,Ecuador,EC,2020,SUCCESS,"['Felipe Caicedo', 'Luis Caicedo', 'Marcos Caicedo', 'Romario Caicedo', 'Beder Caicedo', 'Moisés Caicedo', 'Jordy Caicedo']",5000000.0,False,Used Large Dataset,False,"['Felipe Caicedo', 'Luis Caicedo', 'Marcos Caicedo', 'Romario Caicedo', 'Beder Caicedo', 'Moisés Caicedo', 'Jordy Caicedo']",Caicedo,multiple
45607,45607,507,4374,"World Cup 2022, Qualifiers, CONMEBOL",Bolivia vs Ecuador,12-Nov-20,Bolivia,BO,2020,SUCCESS,"['Oscar Ribera', 'Juan Ribera', 'David Ribera', 'Daniel Ribera']",0.0,False,Used Large Dataset,False,"['Oscar Ribera', 'Juan Ribera', 'David Ribera', 'Daniel Ribera']",Ribera,multiple
45622,45622,522,4374,"World Cup 2022, Qualifiers, CONMEBOL",Bolivia vs Ecuador,12-Nov-20,Ecuador,EC,2020,SUCCESS,"['Felipe Caicedo', 'Luis Caicedo', 'Marcos Caicedo', 'Romario Caicedo', 'Beder Caicedo', 'Moisés Caicedo', 'Jordy Caicedo']",5000000.0,False,Used Large Dataset,False,"['Felipe Caicedo', 'Luis Caicedo', 'Marcos Caicedo', 'Romario Caicedo', 'Beder Caicedo', 'Moisés Caicedo', 'Jordy Caicedo']",Caicedo,multiple
45721,45721,621,4379,"World Cup 2022, Qualifiers, CONMEBOL",Ecuador vs Colombia,17-Nov-20,Ecuador,EC,2020,SUCCESS,"['Felipe Caicedo', 'Luis Caicedo', 'Marcos Caicedo', 'Romario Caicedo', 'Beder Caicedo', 'Moisés Caicedo', 'Jordy Caicedo']",5000000.0,False,Used Large Dataset,False,"['Felipe Caicedo', 'Luis Caicedo', 'Marcos Caicedo', 'Romario Caicedo', 'Beder Caicedo', 'Moisés Caicedo', 'Jordy Caicedo']",Caicedo,multiple
45852,45852,752,4385,"World Cup 2022, Qualifiers, CONMEBOL",Uruguay vs Paraguay,03-Jun-21,Uruguay,UY,2021,SUCCESS,"['Álvaro González', 'Giovanni González', 'Facundo González']",1500000.0,False,Used Large Dataset,False,"['Álvaro González', 'Giovanni González', 'Facundo González']",González,multiple
45891,45891,791,4386,"World Cup 2022, Qualifiers, CONMEBOL",Peru vs Colombia,03-Jun-21,Colombia,CO,2021,SUCCESS,"['Cristián Zapata', 'Róbinson Zapata', 'Duván Zapata']",28000000.0,False,Used Large Dataset,False,"['Cristián Zapata', 'Róbinson Zapata', 'Duván Zapata']",Zapata,multiple
45903,45903,803,4387,"World Cup 2022, Qualifiers, CONMEBOL",Argentina vs Chile,03-Jun-21,Chile,CL,2021,SUCCESS,"['Claudio Bravo', 'Christian Bravo']",1000000.0,False,Used Large Dataset,False,"['Claudio Bravo', 'Christian Bravo']",Bravo,multiple
45908,45908,808,4387,"World Cup 2022, Qualifiers, CONMEBOL",Argentina vs Chile,03-Jun-21,Chile,CL,2021,SUCCESS,"['Charles Aránguiz', 'Pablo Aránguiz']",3500000.0,False,Used Large Dataset,False,"['Charles Aránguiz', 'Pablo Aránguiz']",Aránguiz,multiple
45967,45967,867,4390,"World Cup 2022, Qualifiers, CONMEBOL",Colombia vs Argentina,08-Jun-21,Colombia,CO,2021,SUCCESS,"['Cristián Zapata', 'Róbinson Zapata', 'Duván Zapata']",28000000.0,False,Used Large Dataset,False,"['Cristián Zapata', 'Róbinson Zapata', 'Duván Zapata']",Zapata,multiple
45992,45992,892,4391,"World Cup 2022, Qualifiers, CONMEBOL",Venezuela vs Uruguay,08-Jun-21,Uruguay,UY,2021,SUCCESS,"['Álvaro González', 'Giovanni González', 'Facundo González']",1500000.0,False,Used Large Dataset,False,"['Álvaro González', 'Giovanni González', 'Facundo González']",González,multiple
46024,46024,924,4393,"World Cup 2022, Qualifiers, CONMEBOL",Chile vs Bolivia,08-Jun-21,Chile,CL,2021,SUCCESS,"['Claudio Bravo', 'Christian Bravo']",1000000.0,False,Used Large Dataset,False,"['Claudio Bravo', 'Christian Bravo']",Bravo,multiple
46030,46030,930,4393,"World Cup 2022, Qualifiers, CONMEBOL",Chile vs Bolivia,08-Jun-21,Chile,CL,2021,SUCCESS,"['Charles Aránguiz', 'Pablo Aránguiz']",3500000.0,False,Used Large Dataset,False,"['Charles Aránguiz', 'Pablo Aránguiz']",Aránguiz,multiple
46039,46039,939,4393,"World Cup 2022, Qualifiers, CONMEBOL",Chile vs Bolivia,08-Jun-21,Bolivia,BO,2021,SUCCESS,"['José Sagredo', 'Jesús Sagredo']",0.0,False,Used Large Dataset,False,"['José Sagredo', 'Jesús Sagredo']",Sagredo,multiple
46060,46060,960,4394,"World Cup 2022, Qualifiers, CONMEBOL",Bolivia vs Colombia,02-Sep-21,Colombia,CO,2021,SUCCESS,"['Jeison Murillo', 'Óscar Murillo']",3500000.0,False,Used Large Dataset,False,"['Jeison Murillo', 'Óscar Murillo']",Murillo,multiple
46134,46134,1034,4398,"World Cup 2022, Qualifiers, CONMEBOL",Chile vs Brazil,02-Sep-21,Chile,CL,2021,SUCCESS,"['Claudio Bravo', 'Christian Bravo']",1000000.0,False,Used Large Dataset,False,"['Claudio Bravo', 'Christian Bravo']",Bravo,multiple
46139,46139,1039,4398,"World Cup 2022, Qualifiers, CONMEBOL",Chile vs Brazil,02-Sep-21,Chile,CL,2021,SUCCESS,"['Charles Aránguiz', 'Pablo Aránguiz']",3500000.0,False,Used Large Dataset,False,"['Charles Aránguiz', 'Pablo Aránguiz']",Aránguiz,multiple
46167,46167,1067,4399,"World Cup 2022, Qualifiers, CONMEBOL",Ecuador vs Chile,05-Sep-21,Chile,CL,2021,SUCCESS,"['Claudio Bravo', 'Christian Bravo']",1000000.0,False,Used Large Dataset,False,"['Claudio Bravo', 'Christian Bravo']",Bravo,multiple
46174,46174,1074,4399,"World Cup 2022, Qualifiers, CONMEBOL",Ecuador vs Chile,05-Sep-21,Chile,CL,2021,SUCCESS,"['Charles Aránguiz', 'Pablo Aránguiz']",3500000.0,False,Used Large Dataset,False,"['Charles Aránguiz', 'Pablo Aránguiz']",Aránguiz,multiple
46192,46192,1092,4400,"World Cup 2022, Qualifiers, CONMEBOL",Paraguay vs Colombia,05-Sep-21,Colombia,CO,2021,SUCCESS,"['Jeison Murillo', 'Óscar Murillo']",3500000.0,False,Used Large Dataset,False,"['Jeison Murillo', 'Óscar Murillo']",Murillo,multiple
46850,46850,650,1900,"World Cup Qualifiers, Africa, 2014",Egypt vs Guinea,10-09-2013,Guinea,GN,2013,SUCCESS,"['Issiaga Sylla', 'Idrissa Sylla', 'Ismaël Sylla']",2000000.0,False,Used Large Dataset,False,"['Issiaga Sylla', 'Idrissa Sylla', 'Ismaël Sylla']",I Sylla,multiple
49517,49517,17,907,"Euros 2024, Qualifiers",Ireland vs Netherlands,10.09.23,Netherlands,NL,2023,SUCCESS,"['Nigel de Jong', 'Siem de Jong', 'Luuk de Jong', 'Frenkie de Jong']",90000000.0,False,Used Large Dataset,False,"['Nigel de Jong', 'Siem de Jong', 'Luuk de Jong', 'Frenkie de Jong']",de Jong,multiple
50897,50897,297,1985,"World Cup Qualifiers, Africa, 2018",Cape Verde vs Burkina Faso,12-11-2016,Burkina Faso,BF,2016,SUCCESS,"['Mbah Koné', 'Hervé Koffi', 'Hillel Konaté']",5000000.0,False,Used Large Dataset,False,"['Mbah Koné', 'Hervé Koffi', 'Hillel Konaté']",H Ko,multiple
51187,51187,587,1998,"World Cup Qualifiers, Africa, 2018",Morocco vs Cote d'Ivoire,12-11-2016,Cote d'Ivoire,CI,2016,SUCCESS,"['Adama Traoré', 'Alassane Traoré']",1000000.0,False,Used Large Dataset,False,"['Adama Traoré', 'Alassane Traoré']",A Traoré,multiple
51222,51222,622,2000,"World Cup Qualifiers, Africa, 2018",Libya vs Tunisia,11-11-2016,Libya,LY,2016,SUCCESS,"['Abdulsalam Al-Fitori', 'Abdulrahman Al-Amaami']",0.0,False,Used Large Dataset,False,"['Abdulsalam Al-Fitori', 'Abdulrahman Al-Amaami']",Abdelrahman Fetori,multiple
51436,51436,836,2010,"World Cup Qualifiers, Africa, 2018",Burkina Faso vs South Africa,08-10-2016,Burkina Faso,BF,2016,SUCCESS,"['Mbah Koné', 'Hervé Koffi', 'Hillel Konaté']",5000000.0,False,Used Large Dataset,False,"['Mbah Koné', 'Hervé Koffi', 'Hillel Konaté']",H Ko,multiple
52999,52999,199,865,"Euros 2020, Qualifiers",Italy vs Greece,12.10.19,Italy,IT,2019,SUCCESS,"['Davide Astori', 'Domenico Criscito', 'Lorenzo De Silvestri', 'Mattia De Sciglio', 'Matteo Darmian', 'Daniele De Rossi', 'Alessandro Diamanti', 'Daniel Osvaldo', 'Mattia Destro', 'Daniele Padelli', 'Daniele Rugani', 'Davide Santon', 'Davide Zappacosta', 'Gianluigi Donnarumma', ""Danilo D'Ambrosio"", 'Danilo Cataldi', 'Daniele Baselli', 'Domenico Berardi', 'Giovanni Di Lorenzo', 'Federico Dimarco', 'Davide Calabria', 'Davide Frattesi', 'Destiny Udogie']",10500000.0,False,Used Large Dataset,False,"['Davide Astori', 'Domenico Criscito', 'Lorenzo De Silvestri', 'Mattia De Sciglio', 'Matteo Darmian', 'Daniele De Rossi', 'Alessandro Diamanti', 'Daniel Osvaldo', 'Mattia Destro', 'Daniele Padelli', 'Daniele Rugani', 'Davide Santon', 'Davide Zappacosta', 'Gianluigi Donnarumma', ""Danilo D'Ambrosio"", 'Danilo Cataldi', 'Daniele Baselli', 'Domenico Berardi', 'Giovanni Di Lorenzo', 'Federico Dimarco', 'Davide Calabria', 'Davide Frattesi', 'Destiny Udogie']",D,multiple
53264,53264,464,878,"Euros 2024, Qualifiers",Spain vs Norway,25.03.23,Spain,ES,2023,SUCCESS,"['Nacho Fernández', 'Nacho Monreal']",5000000.0,False,Used Large Dataset,False,"['Nacho Fernández', 'Nacho Monreal']",Nacho,multiple
53862,53862,1062,905,"Euros 2024, Qualifiers",Netherlands vs Greece,07.09.23,Netherlands,NL,2023,SUCCESS,"['Nigel de Jong', 'Siem de Jong', 'Luuk de Jong', 'Frenkie de Jong']",90000000.0,False,Used Large Dataset,False,"['Nigel de Jong', 'Siem de Jong', 'Luuk de Jong', 'Frenkie de Jong']",de Jong,multiple
54383,54383,483,576,"Euros 2016, Qualifiers",Croatia vs Norway,28.03.15,Norway,NO,2015,SUCCESS,"['Mohamed Elyounoussi', 'Tarik Elyounoussi']",2000000.0,False,Used Large Dataset,False,"['Mohamed Elyounoussi', 'Tarik Elyounoussi']",Elyounoussi,multiple
54511,54511,611,582,"Euros 2016, Qualifiers",Bulgaria vs Norway,03.09.15,Norway,NO,2015,SUCCESS,"['Mohamed Elyounoussi', 'Tarik Elyounoussi']",2000000.0,False,Used Large Dataset,False,"['Mohamed Elyounoussi', 'Tarik Elyounoussi']",Elyounoussi,multiple
56960,56960,860,3984,"World Cup 2018, Qualifiers, CONCACAF",Dominica vs Canada,11-Jun-15,Dominica,DM,2015,SUCCESS,"['Ericson Joseph', 'Malcolm Joseph', 'Mitchell Joseph', 'Vernent Joseph', 'Travist Joseph', 'Andrez Joseph', 'Curdel Joseph']",0.0,False,Used Large Dataset,False,"['Ericson Joseph', 'Malcolm Joseph', 'Mitchell Joseph', 'Vernent Joseph', 'Travist Joseph', 'Andrez Joseph', 'Curdel Joseph']",Joseph,multiple
61869,61869,269,367,"Euros 2016, Qualifiers",Netherlands vs Turkey,28.03.15,Netherlands,NL,2015,SUCCESS,"['Nigel de Jong', 'Siem de Jong', 'Luuk de Jong', 'Frenkie de Jong']",4000000.0,False,Used Large Dataset,False,"['Nigel de Jong', 'Siem de Jong', 'Luuk de Jong', 'Frenkie de Jong']",de Jong,multiple
63042,63042,342,2037,"World Cup Qualifiers, Africa, 2018",Tunisia vs Guinea,09-10-2016,Guinea,GN,2016,SUCCESS,"['Alsény Bangoura', 'Alkhaly Bangoura', 'Aboubacar Bangoura']",0.0,False,Used Large Dataset,False,"['Alsény Bangoura', 'Alkhaly Bangoura', 'Aboubacar Bangoura']",A Bangoura,multiple
63043,63043,343,2037,"World Cup Qualifiers, Africa, 2018",Tunisia vs Guinea,09-10-2016,Guinea,GN,2016,SUCCESS,"['Fodé Camara', 'Fode Camara']",-,False,Used Large Dataset,False,"['Fodé Camara', 'Fode Camara']",F Camara,multiple
63122,63122,422,2041,"World Cup Qualifiers, Africa, 2018",Mauritania vs Tunisia,13-11-2015,Mauritania,MR,2015,SUCCESS,"['Mamadou Idrissa Wade', 'Mohamed Wade']",0.0,False,Used Large Dataset,False,"['Mamadou Idrissa Wade', 'Mohamed Wade']",M Wade,multiple
63331,63331,631,2051,"World Cup Qualifiers, Africa, 2022",Mozambique vs Malawi,16-11-2021,Malawi,MW,2021,SUCCESS,"['Gilbert Chirwa', 'Gomezgani Chirwa', 'Gaddie Chirwa']",0.0,False,Used Large Dataset,False,"['Gilbert Chirwa', 'Gomezgani Chirwa', 'Gaddie Chirwa']",G Chirwa,multiple
63467,63467,767,2057,"World Cup Qualifiers, Africa, 2022",Sudan vs Guinea,06-10-2021,Guinea,GN,2021,SUCCESS,"['Aboubacar Bwanga Camara', 'Abdoul Camara', 'Aboubacar Camara', 'Alsény Camara', 'Abdoulaye Camara', 'Abdoulaye Naby Camara', 'Abdoulaye Paye Camara', 'Aguibou Camara']",20000000.0,False,Used Large Dataset,False,"['Aboubacar Bwanga Camara', 'Abdoul Camara', 'Aboubacar Camara', 'Alsény Camara', 'Abdoulaye Camara', 'Abdoulaye Naby Camara', 'Abdoulaye Paye Camara', 'Aguibou Camara']",A Camara,multiple
63537,63537,837,2061,"World Cup Qualifiers, Africa, 2022",Djibouti vs Niger,06-09-2021,Djibouti,DJ,2021,SUCCESS,"['Mohamed Bourhan Mohamed', 'Moussa Helem Mohamed', 'Mohamed Fouad Mohamed']",0.0,False,Used Large Dataset,False,"['Mohamed Bourhan Mohamed', 'Moussa Helem Mohamed', 'Mohamed Fouad Mohamed']",M Mohamed,multiple
63733,63733,1033,2069,"World Cup Qualifiers, Africa, 2022",Chad vs Sudan,05-09-2019,Sudan,SD,2019,SUCCESS,"['Ahmed Al Basha', 'Ahmed Hamed Mahmoud', 'Ahmed Wadah']",0.0,False,Used Large Dataset,False,"['Ahmed Al Basha', 'Ahmed Hamed Mahmoud', 'Ahmed Wadah']",Ahmed Hamid Al Tash,multiple
64149,64149,349,3349,"World Cup Qualifiers, Europe, 2022",Slovenia vs Russia,11-10-2021,Russia,RU,2021,SUCCESS,"['Aleksey Miranchuk', 'Anton Miranchuk']",10000000.0,False,Used Large Dataset,False,"['Aleksey Miranchuk', 'Anton Miranchuk']",A Miranchuk,multiple
64599,64599,799,3370,"World Cup Qualifiers, Europe, 2022",Russia vs Malta,07-09-2021,Russia,RU,2021,SUCCESS,"['Aleksey Miranchuk', 'Anton Miranchuk']",10000000.0,False,Used Large Dataset,False,"['Aleksey Miranchuk', 'Anton Miranchuk']",A Miranchuk,multiple
65941,65941,1041,3482,"African Cup of Nations, 2015",Mali vs Cameroon,20-01-2015,Mali,ML,2015,SUCCESS,"['Sekou Koita', 'Seydou Keita']",500000.0,False,Used Large Dataset,False,"['Sekou Koita', 'Seydou Keita']",S Kéita,multiple
66870,66870,870,1047,"Euros 2024, Qualifiers",Israel vs Kosovo,25.03.23,Kosovo,XK,2023,SUCCESS,"['Amir Rrahmani', 'Albion Rrahmani']",25000000.0,False,Used Large Dataset,False,"['Amir Rrahmani', 'Albion Rrahmani']",Rrahmani,multiple
66970,66970,970,1052,"Euros 2024, Qualifiers",Kosovo vs Andorra,28.03.23,Kosovo,XK,2023,SUCCESS,"['Amir Rrahmani', 'Albion Rrahmani']",25000000.0,False,Used Large Dataset,False,"['Amir Rrahmani', 'Albion Rrahmani']",Rrahmani,multiple
66992,66992,992,1053,"Euros 2024, Qualifiers",Kosovo vs Romania,16.06.23,Kosovo,XK,2023,SUCCESS,"['Amir Rrahmani', 'Albion Rrahmani']",25000000.0,False,Used Large Dataset,False,"['Amir Rrahmani', 'Albion Rrahmani']",Rrahmani,multiple
71510,71510,10,4300,"World Cup 2018, Qualifiers, CONMEBOL",Uruguay vs Peru,29-Mar-16,Uruguay,UY,2016,SUCCESS,"['Luis Suárez', 'Mathías Suárez', 'Damián Suárez']",90000000.0,False,Used Large Dataset,False,"['Luis Suárez', 'Mathías Suárez', 'Damián Suárez']",Suárez,multiple
71556,71556,56,4302,"World Cup 2018, Qualifiers, CONMEBOL",Paraguay vs Brazil,29-Mar-16,Brazil,BR,2016,SUCCESS,"['Dani Alves', 'Diego Alves']",6000000.0,False,Used Large Dataset,False,"['Dani Alves', 'Diego Alves']",D Alves,multiple
71576,71576,76,4303,"World Cup 2018, Qualifiers, CONMEBOL",Ecuador vs Brazil,01-Sep-16,Ecuador,EC,2016,SUCCESS,"['Felipe Caicedo', 'Luis Caicedo', 'Marcos Caicedo', 'Romario Caicedo', 'Beder Caicedo', 'Moisés Caicedo', 'Jordy Caicedo']",3000000.0,False,Used Large Dataset,False,"['Felipe Caicedo', 'Luis Caicedo', 'Marcos Caicedo', 'Romario Caicedo', 'Beder Caicedo', 'Moisés Caicedo', 'Jordy Caicedo']",Caicedo,multiple
71578,71578,78,4303,"World Cup 2018, Qualifiers, CONMEBOL",Ecuador vs Brazil,01-Sep-16,Brazil,BR,2016,SUCCESS,"['Dani Alves', 'Diego Alves']",6000000.0,False,Used Large Dataset,False,"['Dani Alves', 'Diego Alves']",D Alves,multiple
71630,71630,130,4305,"World Cup 2018, Qualifiers, CONMEBOL",Colombia vs Venezuela,01-Sep-16,Venezuela,VE,2016,SUCCESS,"['José Martínez', 'Josef Martínez', 'David Martínez']",3000000.0,False,Used Large Dataset,False,"['José Martínez', 'Josef Martínez', 'David Martínez']",Martinez,multiple
71674,71674,174,4307,"World Cup 2018, Qualifiers, CONMEBOL",Argentina vs Uruguay,01-Sep-16,Uruguay,UY,2016,SUCCESS,"['Luis Suárez', 'Mathías Suárez', 'Damián Suárez']",90000000.0,False,Used Large Dataset,False,"['Luis Suárez', 'Mathías Suárez', 'Damián Suárez']",Suárez,multiple
71683,71683,183,4308,"World Cup 2018, Qualifiers, CONMEBOL",Uruguay vs Paraguay,06-Sep-16,Uruguay,UY,2016,SUCCESS,"['Gastón Ramírez', 'Ignacio Ramírez']",6000000.0,False,Used Large Dataset,False,"['Gastón Ramírez', 'Ignacio Ramírez']",Ramírez,multiple
71686,71686,186,4308,"World Cup 2018, Qualifiers, CONMEBOL",Uruguay vs Paraguay,06-Sep-16,Uruguay,UY,2016,SUCCESS,"['Luis Suárez', 'Mathías Suárez', 'Damián Suárez']",90000000.0,False,Used Large Dataset,False,"['Luis Suárez', 'Mathías Suárez', 'Damián Suárez']",Suárez,multiple
71729,71729,229,4310,"World Cup 2018, Qualifiers, CONMEBOL",Venezuela vs Argentina,06-Sep-16,Venezuela,VE,2016,SUCCESS,"['José Martínez', 'Josef Martínez', 'David Martínez']",3000000.0,False,Used Large Dataset,False,"['José Martínez', 'Josef Martínez', 'David Martínez']",Martinez,multiple
71743,71743,243,4311,"World Cup 2018, Qualifiers, CONMEBOL",Brazil vs Colombia,06-Sep-16,Brazil,BR,2016,SUCCESS,"['Dani Alves', 'Diego Alves']",6000000.0,False,Used Large Dataset,False,"['Dani Alves', 'Diego Alves']",D Alves,multiple
71785,71785,285,4312,"World Cup 2018, Qualifiers, CONMEBOL",Peru vs Ecuador,06-Sep-16,Ecuador,EC,2016,SUCCESS,"['Felipe Caicedo', 'Luis Caicedo', 'Marcos Caicedo', 'Romario Caicedo', 'Beder Caicedo', 'Moisés Caicedo', 'Jordy Caicedo']",3000000.0,False,Used Large Dataset,False,"['Felipe Caicedo', 'Luis Caicedo', 'Marcos Caicedo', 'Romario Caicedo', 'Beder Caicedo', 'Moisés Caicedo', 'Jordy Caicedo']",Caicedo,multiple
71796,71796,296,4313,"World Cup 2018, Qualifiers, CONMEBOL",Ecuador vs Chile,06-Oct-16,Ecuador,EC,2016,SUCCESS,"['Felipe Caicedo', 'Luis Caicedo', 'Marcos Caicedo', 'Romario Caicedo', 'Beder Caicedo', 'Moisés Caicedo', 'Jordy Caicedo']",3000000.0,False,Used Large Dataset,False,"['Felipe Caicedo', 'Luis Caicedo', 'Marcos Caicedo', 'Romario Caicedo', 'Beder Caicedo', 'Moisés Caicedo', 'Jordy Caicedo']",Caicedo,multiple
71818,71818,318,4314,"World Cup 2018, Qualifiers, CONMEBOL",Uruguay vs Venezuela,06-Oct-16,Uruguay,UY,2016,SUCCESS,"['Luis Suárez', 'Mathías Suárez', 'Damián Suárez']",90000000.0,False,Used Large Dataset,False,"['Luis Suárez', 'Mathías Suárez', 'Damián Suárez']",Suárez,multiple
71875,71875,375,4317,"World Cup 2018, Qualifiers, CONMEBOL",Brazil vs Bolivia,06-Oct-16,Brazil,BR,2016,SUCCESS,"['Dani Alves', 'Diego Alves']",6000000.0,False,Used Large Dataset,False,"['Dani Alves', 'Diego Alves']",D Alves,multiple
71917,71917,417,4318,"World Cup 2018, Qualifiers, CONMEBOL",Colombia vs Uruguay,11-Oct-16,Uruguay,UY,2016,SUCCESS,"['Luis Suárez', 'Mathías Suárez', 'Damián Suárez']",90000000.0,False,Used Large Dataset,False,"['Luis Suárez', 'Mathías Suárez', 'Damián Suárez']",Suárez,multiple
71993,71993,493,4322,"World Cup 2018, Qualifiers, CONMEBOL",Venezuela vs Brazil,11-Oct-16,Venezuela,VE,2016,SUCCESS,"['José Martínez', 'Josef Martínez', 'David Martínez']",3000000.0,False,Used Large Dataset,False,"['José Martínez', 'Josef Martínez', 'David Martínez']",Martinez,multiple
71996,71996,496,4322,"World Cup 2018, Qualifiers, CONMEBOL",Venezuela vs Brazil,11-Oct-16,Brazil,BR,2016,SUCCESS,"['Dani Alves', 'Diego Alves']",6000000.0,False,Used Large Dataset,False,"['Dani Alves', 'Diego Alves']",D Alves,multiple
72038,72038,538,4324,"World Cup 2018, Qualifiers, CONMEBOL",Venezuela vs Bolivia,10-Nov-16,Venezuela,VE,2016,SUCCESS,"['José Martínez', 'Josef Martínez', 'David Martínez']",3000000.0,False,Used Large Dataset,False,"['José Martínez', 'Josef Martínez', 'David Martínez']",Martinez,multiple
72059,72059,559,4325,"World Cup 2018, Qualifiers, CONMEBOL",Uruguay vs Ecuador,10-Nov-16,Uruguay,UY,2016,SUCCESS,"['Luis Suárez', 'Mathías Suárez', 'Damián Suárez']",90000000.0,False,Used Large Dataset,False,"['Luis Suárez', 'Mathías Suárez', 'Damián Suárez']",Suárez,multiple
72071,72071,571,4325,"World Cup 2018, Qualifiers, CONMEBOL",Uruguay vs Ecuador,10-Nov-16,Ecuador,EC,2016,SUCCESS,"['Felipe Caicedo', 'Luis Caicedo', 'Marcos Caicedo', 'Romario Caicedo', 'Beder Caicedo', 'Moisés Caicedo', 'Jordy Caicedo']",3000000.0,False,Used Large Dataset,False,"['Felipe Caicedo', 'Luis Caicedo', 'Marcos Caicedo', 'Romario Caicedo', 'Beder Caicedo', 'Moisés Caicedo', 'Jordy Caicedo']",Caicedo,multiple
72095,72095,595,4327,"World Cup 2018, Qualifiers, CONMEBOL",Brazil vs Argentina,10-Nov-16,Brazil,BR,2016,SUCCESS,"['Dani Alves', 'Diego Alves']",6000000.0,False,Used Large Dataset,False,"['Dani Alves', 'Diego Alves']",D Alves,multiple
72110,72110,610,4327,"World Cup 2018, Qualifiers, CONMEBOL",Brazil vs Argentina,10-Nov-16,Argentina,AR,2016,SUCCESS,"['Enzo Pérez', 'Pablo Pérez', 'Nehuén Pérez']",8000000.0,False,Used Large Dataset,False,"['Enzo Pérez', 'Pablo Pérez', 'Nehuén Pérez']",Pérez,multiple
72132,72132,632,4328,"World Cup 2018, Qualifiers, CONMEBOL",Bolivia vs Paraguay,15-Nov-16,Paraguay,PY,2016,SUCCESS,"['Cristian Riveros', 'Marcos Riveros', 'Blas Riveros']",0.0,False,Used Large Dataset,False,"['Cristian Riveros', 'Marcos Riveros', 'Blas Riveros']",Riveros,multiple
72148,72148,648,4329,"World Cup 2018, Qualifiers, CONMEBOL",Ecuador vs Venezuela,15-Nov-16,Ecuador,EC,2016,SUCCESS,"['Felipe Caicedo', 'Luis Caicedo', 'Marcos Caicedo', 'Romario Caicedo', 'Beder Caicedo', 'Moisés Caicedo', 'Jordy Caicedo']",3000000.0,False,Used Large Dataset,False,"['Felipe Caicedo', 'Luis Caicedo', 'Marcos Caicedo', 'Romario Caicedo', 'Beder Caicedo', 'Moisés Caicedo', 'Jordy Caicedo']",Caicedo,multiple
72157,72157,657,4329,"World Cup 2018, Qualifiers, CONMEBOL",Ecuador vs Venezuela,15-Nov-16,Venezuela,VE,2016,SUCCESS,"['José Martínez', 'Josef Martínez', 'David Martínez']",3000000.0,False,Used Large Dataset,False,"['José Martínez', 'Josef Martínez', 'David Martínez']",Martinez,multiple
72203,72203,703,4331,"World Cup 2018, Qualifiers, CONMEBOL",Chile vs Uruguay,15-Nov-16,Uruguay,UY,2016,SUCCESS,"['Luis Suárez', 'Mathías Suárez', 'Damián Suárez']",90000000.0,False,Used Large Dataset,False,"['Luis Suárez', 'Mathías Suárez', 'Damián Suárez']",Suárez,multiple
72216,72216,716,4332,"World Cup 2018, Qualifiers, CONMEBOL",Peru vs Brazil,15-Nov-16,Brazil,BR,2016,SUCCESS,"['Dani Alves', 'Diego Alves']",6000000.0,False,Used Large Dataset,False,"['Dani Alves', 'Diego Alves']",D Alves,multiple
72235,72235,735,4333,"World Cup 2018, Qualifiers, CONMEBOL",Colombia vs Bolivia,23-Mar-17,Colombia,CO,2017,SUCCESS,"['Macnelly Torres', 'Dani Torres']",1500000.0,False,Used Large Dataset,False,"['Macnelly Torres', 'Dani Torres']",Torres,multiple
72283,72283,783,4335,"World Cup 2018, Qualifiers, CONMEBOL",Paraguay vs Ecuador,23-Mar-17,Ecuador,EC,2017,SUCCESS,"['Narciso Mina', 'Arturo Mina', 'Freddy Mina']",900000.0,False,Used Large Dataset,False,"['Narciso Mina', 'Arturo Mina', 'Freddy Mina']",Mina,multiple
72284,72284,784,4335,"World Cup 2018, Qualifiers, CONMEBOL",Paraguay vs Ecuador,23-Mar-17,Ecuador,EC,2017,SUCCESS,"['Felipe Caicedo', 'Luis Caicedo', 'Marcos Caicedo', 'Romario Caicedo', 'Beder Caicedo', 'Moisés Caicedo', 'Jordy Caicedo']",2500000.0,False,Used Large Dataset,False,"['Felipe Caicedo', 'Luis Caicedo', 'Marcos Caicedo', 'Romario Caicedo', 'Beder Caicedo', 'Moisés Caicedo', 'Jordy Caicedo']",Caicedo,multiple
72291,72291,791,4335,"World Cup 2018, Qualifiers, CONMEBOL",Paraguay vs Ecuador,23-Mar-17,Ecuador,EC,2017,SUCCESS,"['Felipe Caicedo', 'Luis Caicedo', 'Marcos Caicedo', 'Romario Caicedo', 'Beder Caicedo', 'Moisés Caicedo', 'Jordy Caicedo']",2500000.0,False,Used Large Dataset,False,"['Felipe Caicedo', 'Luis Caicedo', 'Marcos Caicedo', 'Romario Caicedo', 'Beder Caicedo', 'Moisés Caicedo', 'Jordy Caicedo']",Caicedo,multiple
72325,72325,825,4337,"World Cup 2018, Qualifiers, CONMEBOL",Argentina vs Chile,23-Mar-17,Chile,CL,2017,SUCCESS,"['Claudio Bravo', 'Christian Bravo']",3500000.0,False,Used Large Dataset,False,"['Claudio Bravo', 'Christian Bravo']",Bravo,multiple
72338,72338,838,4338,"World Cup 2018, Qualifiers, CONMEBOL",Ecuador vs Colombia,28-Mar-17,Ecuador,EC,2017,SUCCESS,"['Narciso Mina', 'Arturo Mina', 'Freddy Mina']",900000.0,False,Used Large Dataset,False,"['Narciso Mina', 'Arturo Mina', 'Freddy Mina']",Mina,multiple
72339,72339,839,4338,"World Cup 2018, Qualifiers, CONMEBOL",Ecuador vs Colombia,28-Mar-17,Ecuador,EC,2017,SUCCESS,"['Felipe Caicedo', 'Luis Caicedo', 'Marcos Caicedo', 'Romario Caicedo', 'Beder Caicedo', 'Moisés Caicedo', 'Jordy Caicedo']",2500000.0,False,Used Large Dataset,False,"['Felipe Caicedo', 'Luis Caicedo', 'Marcos Caicedo', 'Romario Caicedo', 'Beder Caicedo', 'Moisés Caicedo', 'Jordy Caicedo']",Caicedo,multiple
72346,72346,846,4338,"World Cup 2018, Qualifiers, CONMEBOL",Ecuador vs Colombia,28-Mar-17,Ecuador,EC,2017,SUCCESS,"['Felipe Caicedo', 'Luis Caicedo', 'Marcos Caicedo', 'Romario Caicedo', 'Beder Caicedo', 'Moisés Caicedo', 'Jordy Caicedo']",2500000.0,False,Used Large Dataset,False,"['Felipe Caicedo', 'Luis Caicedo', 'Marcos Caicedo', 'Romario Caicedo', 'Beder Caicedo', 'Moisés Caicedo', 'Jordy Caicedo']",Caicedo,multiple
72380,72380,880,4340,"World Cup 2018, Qualifiers, CONMEBOL",Chile vs Venezuela,28-Mar-17,Chile,CL,2017,SUCCESS,"['Claudio Bravo', 'Christian Bravo']",3500000.0,False,Used Large Dataset,False,"['Claudio Bravo', 'Christian Bravo']",Bravo,multiple
73044,73044,444,726,"Euros 2020, Qualifiers",Sweden vs Romania,23.03.19,Sweden,SE,2019,SUCCESS,"['Ludwig Augustinsson', 'Jonathan Augustinsson']",9500000.0,False,Used Large Dataset,False,"['Ludwig Augustinsson', 'Jonathan Augustinsson']",Augustinsson,multiple
73045,73045,445,726,"Euros 2020, Qualifiers",Sweden vs Romania,23.03.19,Sweden,SE,2019,SUCCESS,"['Sebastian Larsson', 'Sam Larsson']",4000000.0,False,Used Large Dataset,False,"['Sebastian Larsson', 'Sam Larsson']",S Larsson,multiple
73120,73120,520,729,"Euros 2020, Qualifiers",Norway vs Sweden,26.03.19,Sweden,SE,2019,SUCCESS,"['Ludwig Augustinsson', 'Jonathan Augustinsson']",9500000.0,False,Used Large Dataset,False,"['Ludwig Augustinsson', 'Jonathan Augustinsson']",Augustinsson,multiple
73122,73122,522,729,"Euros 2020, Qualifiers",Norway vs Sweden,26.03.19,Sweden,SE,2019,SUCCESS,"['Sebastian Larsson', 'Sam Larsson']",4000000.0,False,Used Large Dataset,False,"['Sebastian Larsson', 'Sam Larsson']",S Larsson,multiple
73123,73123,523,729,"Euros 2020, Qualifiers",Norway vs Sweden,26.03.19,Sweden,SE,2019,SUCCESS,"['Albin Ekdal', 'Hjalmar Ekdal']",3200000.0,False,Used Large Dataset,False,"['Albin Ekdal', 'Hjalmar Ekdal']",Ekdal,multiple
73175,73175,575,732,"Euros 2020, Qualifiers",Sweden vs Malta,07.06.19,Sweden,SE,2019,SUCCESS,"['Ludwig Augustinsson', 'Jonathan Augustinsson']",9500000.0,False,Used Large Dataset,False,"['Ludwig Augustinsson', 'Jonathan Augustinsson']",Augustinsson,multiple
73177,73177,577,732,"Euros 2020, Qualifiers",Sweden vs Malta,07.06.19,Sweden,SE,2019,SUCCESS,"['Albin Ekdal', 'Hjalmar Ekdal']",3200000.0,False,Used Large Dataset,False,"['Albin Ekdal', 'Hjalmar Ekdal']",Ekdal,multiple
73252,73252,652,735,"Euros 2020, Qualifiers",Spain vs Sweden,10.06.19,Sweden,SE,2019,SUCCESS,"['Ludwig Augustinsson', 'Jonathan Augustinsson']",9500000.0,False,Used Large Dataset,False,"['Ludwig Augustinsson', 'Jonathan Augustinsson']",Augustinsson,multiple
73254,73254,654,735,"Euros 2020, Qualifiers",Spain vs Sweden,10.06.19,Sweden,SE,2019,SUCCESS,"['Sebastian Larsson', 'Sam Larsson']",4000000.0,False,Used Large Dataset,False,"['Sebastian Larsson', 'Sam Larsson']",S Larsson,multiple
73255,73255,655,735,"Euros 2020, Qualifiers",Spain vs Sweden,10.06.19,Sweden,SE,2019,SUCCESS,"['Albin Ekdal', 'Hjalmar Ekdal']",3200000.0,False,Used Large Dataset,False,"['Albin Ekdal', 'Hjalmar Ekdal']",Ekdal,multiple
73364,73364,764,740,"Euros 2020, Qualifiers",Faroe Islands vs Sweden,05.09.19,Sweden,SE,2019,SUCCESS,"['Sebastian Larsson', 'Sam Larsson']",4000000.0,False,Used Large Dataset,False,"['Sebastian Larsson', 'Sam Larsson']",S Larsson,multiple
73365,73365,765,740,"Euros 2020, Qualifiers",Faroe Islands vs Sweden,05.09.19,Sweden,SE,2019,SUCCESS,"['Albin Ekdal', 'Hjalmar Ekdal']",3200000.0,False,Used Large Dataset,False,"['Albin Ekdal', 'Hjalmar Ekdal']",Ekdal,multiple
73419,73419,819,743,"Euros 2020, Qualifiers",Sweden vs Norway,08.09.19,Sweden,SE,2019,SUCCESS,"['Sebastian Larsson', 'Sam Larsson']",4000000.0,False,Used Large Dataset,False,"['Sebastian Larsson', 'Sam Larsson']",S Larsson,multiple
73420,73420,820,743,"Euros 2020, Qualifiers",Sweden vs Norway,08.09.19,Sweden,SE,2019,SUCCESS,"['Albin Ekdal', 'Hjalmar Ekdal']",3200000.0,False,Used Large Dataset,False,"['Albin Ekdal', 'Hjalmar Ekdal']",Ekdal,multiple
73496,73496,896,746,"Euros 2020, Qualifiers",Malta vs Sweden,12.10.19,Sweden,SE,2019,SUCCESS,"['Sebastian Larsson', 'Sam Larsson']",4000000.0,False,Used Large Dataset,False,"['Sebastian Larsson', 'Sam Larsson']",S Larsson,multiple
73497,73497,897,746,"Euros 2020, Qualifiers",Malta vs Sweden,12.10.19,Sweden,SE,2019,SUCCESS,"['Albin Ekdal', 'Hjalmar Ekdal']",3200000.0,False,Used Large Dataset,False,"['Albin Ekdal', 'Hjalmar Ekdal']",Ekdal,multiple
73507,73507,907,747,"Euros 2020, Qualifiers",Sweden vs Spain,15.10.19,Sweden,SE,2019,SUCCESS,"['Sebastian Larsson', 'Sam Larsson']",4000000.0,False,Used Large Dataset,False,"['Sebastian Larsson', 'Sam Larsson']",S Larsson,multiple
73508,73508,908,747,"Euros 2020, Qualifiers",Sweden vs Spain,15.10.19,Sweden,SE,2019,SUCCESS,"['Albin Ekdal', 'Hjalmar Ekdal']",3200000.0,False,Used Large Dataset,False,"['Albin Ekdal', 'Hjalmar Ekdal']",Ekdal,multiple
73628,73628,1028,752,"Euros 2020, Qualifiers",Romania vs Sweden,15.11.19,Sweden,SE,2019,SUCCESS,"['Sebastian Larsson', 'Sam Larsson']",4000000.0,False,Used Large Dataset,False,"['Sebastian Larsson', 'Sam Larsson']",S Larsson,multiple
73629,73629,1029,752,"Euros 2020, Qualifiers",Romania vs Sweden,15.11.19,Sweden,SE,2019,SUCCESS,"['Albin Ekdal', 'Hjalmar Ekdal']",3200000.0,False,Used Large Dataset,False,"['Albin Ekdal', 'Hjalmar Ekdal']",Ekdal,multiple
75999,75999,99,4152,"World Cup 2022, Qualifiers, CONCACAF",Canada vs El Salvador,08-Sep-21,El Salvador,SV,2021,SUCCESS,"['Manuel González', 'Andrés González', 'Mario González']",3000000.0,False,Used Large Dataset,False,"['Manuel González', 'Andrés González', 'Mario González']",González,multiple
76009,76009,109,4152,"World Cup 2022, Qualifiers, CONCACAF",Canada vs El Salvador,08-Sep-21,El Salvador,SV,2021,SUCCESS,"['Christian Martínez', 'Walmer Martínez']",0.0,False,Used Large Dataset,False,"['Christian Martínez', 'Walmer Martínez']",Martínez,multiple
76098,76098,198,4157,"World Cup 2022, Qualifiers, CONCACAF",El Salvador vs Panama,07-Oct-21,El Salvador,SV,2021,SUCCESS,"['Manuel González', 'Andrés González', 'Mario González']",3000000.0,False,Used Large Dataset,False,"['Manuel González', 'Andrés González', 'Mario González']",González,multiple
76153,76153,253,4159,"World Cup 2022, Qualifiers, CONCACAF",Costa Rica vs El Salvador,10-Oct-21,El Salvador,SV,2021,SUCCESS,"['Manuel González', 'Andrés González', 'Mario González']",3000000.0,False,Used Large Dataset,False,"['Manuel González', 'Andrés González', 'Mario González']",González,multiple
76296,76296,396,4166,"World Cup 2022, Qualifiers, CONCACAF",El Salvador vs Mexico,13-Oct-21,El Salvador,SV,2021,SUCCESS,"['Manuel González', 'Andrés González', 'Mario González']",3000000.0,False,Used Large Dataset,False,"['Manuel González', 'Andrés González', 'Mario González']",González,multiple
76362,76362,462,4169,"World Cup 2022, Qualifiers, CONCACAF",El Salvador vs Jamaica,12-Nov-21,El Salvador,SV,2021,SUCCESS,"['Manuel González', 'Andrés González', 'Mario González']",3000000.0,False,Used Large Dataset,False,"['Manuel González', 'Andrés González', 'Mario González']",González,multiple
76483,76483,583,4174,"World Cup 2022, Qualifiers, CONCACAF",Panama vs El Salvador,16-Nov-21,El Salvador,SV,2021,SUCCESS,"['Manuel González', 'Andrés González', 'Mario González']",3000000.0,False,Used Large Dataset,False,"['Manuel González', 'Andrés González', 'Mario González']",González,multiple
76612,76612,712,4180,"World Cup 2022, Qualifiers, CONCACAF",Mexico vs Costa Rica,30-Jan-22,Mexico,MX,2022,SUCCESS,"['Jesús Corona', 'Yasser Corona']",8000000.0,False,Used Large Dataset,False,"['Jesús Corona', 'Yasser Corona']",Corona,multiple
76687,76687,787,4183,"World Cup 2022, Qualifiers, CONCACAF",USA vs Honduras,02-Feb-22,Honduras,HN,2022,SUCCESS,"['Edder Delgado', 'Juan Delgado']",1000000.0,False,Used Large Dataset,False,"['Edder Delgado', 'Juan Delgado']",Delgado,multiple
76788,76788,888,4188,"World Cup 2022, Qualifiers, CONCACAF",Mexico vs USA,24-Mar-22,Mexico,MX,2022,SUCCESS,"['Jesús Corona', 'Yasser Corona']",8000000.0,False,Used Large Dataset,False,"['Jesús Corona', 'Yasser Corona']",Corona,multiple
76840,76840,940,4190,"World Cup 2022, Qualifiers, CONCACAF",Panama vs Honduras,24-Mar-22,Honduras,HN,2022,SUCCESS,"['Edder Delgado', 'Juan Delgado']",1000000.0,False,Used Large Dataset,False,"['Edder Delgado', 'Juan Delgado']",Delgado,multiple
76886,76886,986,4192,"World Cup 2022, Qualifiers, CONCACAF",Canada vs Jamaica,27-Mar-22,Jamaica,JM,2022,SUCCESS,"['Ricardo Thomas', 'Denardo Thomas']",0.0,False,Used Large Dataset,False,"['Ricardo Thomas', 'Denardo Thomas']",Thomas,multiple
76909,76909,1009,4193,"World Cup 2022, Qualifiers, CONCACAF",Honduras vs Mexico,27-Mar-22,Mexico,MX,2022,SUCCESS,"['Jesús Corona', 'Yasser Corona']",8000000.0,False,Used Large Dataset,False,"['Jesús Corona', 'Yasser Corona']",Corona,multiple
78298,78298,198,3751,"Gold Cup, 2021",El Salvador vs Guatemala,12-07-2021,El Salvador,SV,2021,SUCCESS,"['Manuel González', 'Mario González']",3000000.0,False,Used Large Dataset,False,"['Manuel González', 'Mario González']",M González,multiple
78705,78705,605,3769,"Gold Cup, 2021",Mexico vs El Salvador,19-07-2021,El Salvador,SV,2021,SUCCESS,"['Manuel González', 'Mario González']",3000000.0,False,Used Large Dataset,False,"['Manuel González', 'Mario González']",M González,multiple
78903,78903,803,3778,"Gold Cup, 2021",Qatar vs El Salvador,25-07-2021,El Salvador,SV,2021,SUCCESS,"['Manuel González', 'Mario González']",3000000.0,False,Used Large Dataset,False,"['Manuel González', 'Mario González']",M González,multiple
78969,78969,869,3781,"Gold Cup, 2021",Trinidad and Tobago vs El Salvador,15-07-2021,El Salvador,SV,2021,SUCCESS,"['Manuel González', 'Mario González']",3000000.0,False,Used Large Dataset,False,"['Manuel González', 'Mario González']",M González,multiple
78985,78985,885,3783,"Gold Cup, 2023",Mexico vs Costa Rica,09-07-2023,Mexico,MX,2023,SUCCESS,"['Edson Álvarez', 'Efraín Álvarez']",35000000.0,False,Used Large Dataset,False,"['Edson Álvarez', 'Efraín Álvarez']",E Álvarez,multiple
78994,78994,894,3783,"Gold Cup, 2023",Mexico vs Costa Rica,09-07-2023,Costa Rica,CR,2023,SUCCESS,"['Juan Pablo Vargas', 'José Vargas']",2000000.0,False,Used Large Dataset,False,"['Juan Pablo Vargas', 'José Vargas']",J Vargas,multiple
79093,79093,993,3788,"Gold Cup, 2023",Costa Rica vs Panama,27-06-2023,Costa Rica,CR,2023,SUCCESS,"['Juan Pablo Vargas', 'José Vargas']",2000000.0,False,Used Large Dataset,False,"['Juan Pablo Vargas', 'José Vargas']",J Vargas,multiple
79140,79140,1040,3790,"Gold Cup, 2023",Mexico vs Panama,17-07-2023,Mexico,MX,2023,SUCCESS,"['Edson Álvarez', 'Efraín Álvarez']",35000000.0,False,Used Large Dataset,False,"['Edson Álvarez', 'Efraín Álvarez']",E Álvarez,multiple
79330,79330,130,1114,Euros 2016,France vs Iceland,03.07.16,Iceland,IS,2016,SUCCESS,"['Kolbeinn Sigthórsson', 'Victor Pálsson']",2500000.0,False,Used Large Dataset,False,"['Kolbeinn Sigthórsson', 'Victor Pálsson']",Sigthorsson,multiple
79506,79506,306,1122,Euros 2016,England vs Iceland,27.06.16,Iceland,IS,2016,SUCCESS,"['Kolbeinn Sigthórsson', 'Victor Pálsson']",2500000.0,False,Used Large Dataset,False,"['Kolbeinn Sigthórsson', 'Victor Pálsson']",Sigthorsson,multiple
80210,80210,1010,1154,Euros 2016,Portugal vs Iceland,14.06.16,Iceland,IS,2016,SUCCESS,"['Kolbeinn Sigthórsson', 'Victor Pálsson']",2500000.0,False,Used Large Dataset,False,"['Kolbeinn Sigthórsson', 'Victor Pálsson']",Sigthorsson,multiple
80221,80221,1021,1155,Euros 2016,Iceland vs Hungary,18.06.16,Iceland,IS,2016,SUCCESS,"['Kolbeinn Sigthórsson', 'Victor Pálsson']",2500000.0,False,Used Large Dataset,False,"['Kolbeinn Sigthórsson', 'Victor Pálsson']",Sigthorsson,multiple
80265,80265,1065,1157,Euros 2016,Iceland vs Austria,22.06.16,Iceland,IS,2016,SUCCESS,"['Kolbeinn Sigthórsson', 'Victor Pálsson']",2500000.0,False,Used Large Dataset,False,"['Kolbeinn Sigthórsson', 'Victor Pálsson']",Sigthorsson,multiple
81131,81131,831,2313,"World Cup Qualifiers, Asia, 2018",Singapore vs Cambodia,13-10-2015,Cambodia,KH,2015,SUCCESS,"['Souhana Sos', 'Sok Sovan']",0.0,False,Used Large Dataset,False,"['Souhana Sos', 'Sok Sovan']",Sos Suhana,multiple
82548,82548,48,4096,"World Cup 2022, Qualifiers, CONCACAF",Dominica vs Panama,28-Mar-21,Dominica,DM,2021,SUCCESS,"['Jerome Thomas', 'Eddie Thomas', 'Briel Thomas', 'Kimani Thomas', 'Neilbert Thomas', 'Keeyan Thomas']",0.0,False,Used Large Dataset,False,"['Jerome Thomas', 'Eddie Thomas', 'Briel Thomas', 'Kimani Thomas', 'Neilbert Thomas', 'Keeyan Thomas']",Thomas,multiple
86423,86423,3857,177,World Cup 2014,Cameroon vs Croatia,19.06.14,Cameroon,CM,2014,SUCCESS,"['Joel Matip', 'Marvin Matip']",16000000.0,False,Used Large Dataset,False,"['Joel Matip', 'Marvin Matip']",Matip,multiple
86445,86445,3879,178,World Cup 2014,Cameroon vs Brazil,23.06.14,Cameroon,CM,2014,SUCCESS,"['Joel Matip', 'Marvin Matip']",16000000.0,False,Used Large Dataset,False,"['Joel Matip', 'Marvin Matip']",Matip,multiple
86486,86486,3920,180,World Cup 2014,Spain vs Netherlands,13.06.14,Spain,ES,2014,SUCCESS,"['Xabi Alonso', 'Marcos Alonso']",8000000.0,False,Used Large Dataset,False,"['Xabi Alonso', 'Marcos Alonso']",Alonso,multiple
86552,86552,3986,183,World Cup 2014,Spain vs Chile,18.06.14,Spain,ES,2014,SUCCESS,"['Xabi Alonso', 'Marcos Alonso']",8000000.0,False,Used Large Dataset,False,"['Xabi Alonso', 'Marcos Alonso']",Alonso,multiple
86584,86584,4018,184,World Cup 2014,Australia vs Spain,23.06.14,Spain,ES,2014,SUCCESS,"['Xabi Alonso', 'Marcos Alonso']",8000000.0,False,Used Large Dataset,False,"['Xabi Alonso', 'Marcos Alonso']",Alonso,multiple
86917,86917,4351,199,World Cup 2014,France vs Honduras,15.06.14,Honduras,HN,2014,SUCCESS,"['Wilson Palacios', 'Jerry Palacios', 'Johnny Palacios', 'Carlos Palacios']",1500000.0,False,Used Large Dataset,False,"['Wilson Palacios', 'Jerry Palacios', 'Johnny Palacios', 'Carlos Palacios']",Palacios,multiple
89945,89945,779,1299,Copa America 2021,Brazil vs Argentina,11.07.21,Brazil,BR,2021,SUCCESS,"['Everton', 'Everton Ribeiro']",15000000.0,False,Used Large Dataset,False,"['Everton', 'Everton Ribeiro']",Everton Soares,multiple
89989,89989,823,1301,Copa America 2021,Brazil vs Peru,06.07.21,Brazil,BR,2021,SUCCESS,"['Everton', 'Everton Ribeiro']",15000000.0,False,Used Large Dataset,False,"['Everton', 'Everton Ribeiro']",Everton Soares,multiple
90057,90057,891,1304,Copa America 2021,Brazil vs Chile,03.07.21,Chile,CL,2021,SUCCESS,"['Claudio Bravo', 'Christian Bravo']",1000000.0,False,Used Large Dataset,False,"['Claudio Bravo', 'Christian Bravo']",Bravo,multiple
90123,90123,957,1307,Copa America 2021,Argentina vs Chile,15.06.21,Chile,CL,2021,SUCCESS,"['Claudio Bravo', 'Christian Bravo']",1000000.0,False,Used Large Dataset,False,"['Claudio Bravo', 'Christian Bravo']",Bravo,multiple
90150,90150,984,1308,Copa America 2021,Paraguay vs Bolivia,15.06.21,Bolivia,BO,2021,SUCCESS,"['José Sagredo', 'Jesús Sagredo']",0.0,False,Used Large Dataset,False,"['José Sagredo', 'Jesús Sagredo']",Sagredo,multiple
90156,90156,990,1309,Copa America 2021,Chile vs Bolivia,19.06.21,Chile,CL,2021,SUCCESS,"['Claudio Bravo', 'Christian Bravo']",1000000.0,False,Used Large Dataset,False,"['Claudio Bravo', 'Christian Bravo']",Bravo,multiple
90211,90211,1045,1311,Copa America 2021,Uruguay vs Chile,22.06.21,Chile,CL,2021,SUCCESS,"['Claudio Bravo', 'Christian Bravo']",1000000.0,False,Used Large Dataset,False,"['Claudio Bravo', 'Christian Bravo']",Bravo,multiple
90377,90377,111,2128,"World Cup Qualifiers, Africa, 2022",Mali vs Tunisia,25-03-2022,Mali,ML,2022,SUCCESS,"['Cheibane Traoré', 'Charles Traoré', 'Cheick Traoré']",600000.0,False,Used Large Dataset,False,"['Cheibane Traoré', 'Charles Traoré', 'Cheick Traoré']",C Traoré,multiple
90624,90624,358,2139,"World Cup Qualifiers, Africa, 2022",Burundi vs Tanzania,04-09-2019,Burundi,BI,2019,SUCCESS,"['Pierre Kwizera', 'Patrick Kwizera']",0.0,False,Used Large Dataset,False,"['Pierre Kwizera', 'Patrick Kwizera']",P Kwizera,multiple
90757,90757,491,2145,"World Cup Qualifiers, Africa, 2022",Cote d'Ivoire vs Mozambique,13-11-2021,Cote d'Ivoire,CI,2021,SUCCESS,"['Adama Traoré', 'Ismaël Traoré', 'Ibrahim Traoré']",600000.0,False,Used Large Dataset,False,"['Adama Traoré', 'Ismaël Traoré', 'Ibrahim Traoré']",H Traoré,multiple
94719,94719,53,3236,"World Cup Qualifiers, Europe, 2022",Russia vs Croatia,01-09-2021,Russia,RU,2021,SUCCESS,"['Aleksey Miranchuk', 'Anton Miranchuk']",10000000.0,False,Used Large Dataset,False,"['Aleksey Miranchuk', 'Anton Miranchuk']",A Miranchuk,multiple
95367,95367,701,3265,"World Cup Qualifiers, Europe, 2022",Cyprus vs Russia,04-09-2021,Russia,RU,2021,SUCCESS,"['Aleksey Miranchuk', 'Anton Miranchuk']",10000000.0,False,Used Large Dataset,False,"['Aleksey Miranchuk', 'Anton Miranchuk']",A Miranchuk,multiple
