,Unnamed: 0.1,Unnamed: 0,Match ID,Competition,Date,Match,Season,Nationality,Country Code,ORIGINAL JERSEY,Lookup Still Required?,Lookup Return Case,Name(s) Found,Translated Name,Original Case,To Remove
0,5,5,11,"U-20 World Cup, 2015",10.06.15,Ukraine U-20 vs Senegal U-20,2015,Senegal,SN,4. М. Сане,True,Failed Using Name Looking at Season and Season +-1,['Mouhameth Sané'],M Sane,Cyrillic Dudes,False
1,6,6,11,"U-20 World Cup, 2015",10.06.15,Ukraine U-20 vs Senegal U-20,2015,Senegal,SN,8. Сиди Сарр,True,Failed Using Name Looking at Season and Season +-1,['Sidy Sarr'],Sidi Sarr,Cyrillic Dudes,False
2,7,7,11,"U-20 World Cup, 2015",10.06.15,Ukraine U-20 vs Senegal U-20,2015,Senegal,SN,12. М.Л. Ндиайе,True,Failed Using Name Looking at Season and Season +-1,['Mamadou Loum'],M L Ndiaye,Cyrillic Dudes,False
3,8,8,11,"U-20 World Cup, 2015",10.06.15,Ukraine U-20 vs Senegal U-20,2015,Senegal,SN,14. М. Коне,True,Failed Using Name Looking at Season and Season +-1,['Moussa Koné'],M Kone,Cyrillic Dudes,False
4,9,9,11,"U-20 World Cup, 2015",10.06.15,Ukraine U-20 vs Senegal U-20,2015,Senegal,SN,17. Роджер Гомис,True,Failed Using Name Looking at Season and Season +-1,['Roger Gomis'],Roger Gomis,Cyrillic Dudes,False
5,10,10,11,"U-20 World Cup, 2015",10.06.15,Ukraine U-20 vs Senegal U-20,2015,Senegal,SN,19. М. Тиам,True,Failed Using Name Looking at Season and Season +-1,['Mame Thiam'],M Tiam,Cyrillic Dudes,False
6,11,11,11,"U-20 World Cup, 2015",10.06.15,Ukraine U-20 vs Senegal U-20,2015,Senegal,SN,20. Реми Нассалан,True,Failed Using Name Looking at Season and Season +-1,['Rémi Nassalan'],Remi Nassalan,Cyrillic Dudes,False
7,12,12,11,"U-20 World Cup, 2015",10.06.15,Ukraine U-20 vs Senegal U-20,2015,Senegal,SN,7. Ваджи,True,Failed Using Name Looking at Season and Season +-1,['Ibrahima Wadji'],Vaji,Cyrillic Dudes,False
8,13,13,16,"U-20 World Cup, 2015",30.05.15,New Zealand U-20 vs Ukraine U-20,2015,New Zealand,NZ,20. Биллингсли,True,Failed Using Name Looking at Season and Season +-1,['Noah Billingsley'],Billingsley,Cyrillic Dudes,False
9,14,14,18,"U-20 World Cup, 2015",02.06.15,Myanmar U-20 vs Ukraine U-20,2015,Myanmar,MM,8. Маунг Маунг Сое,True,Failed Using Name Looking at Season and Season +-1,['Maung Maung Soe'],Maung Maung Soe,Cyrillic Dudes,False
10,15,15,21,"U-20 World Cup, 2015",05.06.15,Ukraine U-20 vs United States U-20,2015,United States,US,2. Мур,True,Failed Using Name Looking at Season and Season +-1,['Shaq Moore'],Moore,Cyrillic Dudes,False
11,16,16,21,"U-20 World Cup, 2015",05.06.15,Ukraine U-20 vs United States U-20,2015,United States,US,18. Палмер-Браун,True,Failed Using Name Looking at Season and Season +-1,['Erik Palmer-Brown'],Palmer Brown,Cyrillic Dudes,False
12,32,32,21,"U-20 World Cup, 2015",05.06.15,Ukraine U-20 vs United States U-20,2015,United States,US,15. Дельгадо,True,Failed Using Name Looking at Season and Season +-1,['Mark Delgado'],Delgado,Cyrillic Dudes,False
13,33,33,21,"U-20 World Cup, 2015",05.06.15,Ukraine U-20 vs United States U-20,2015,United States,US,11. Джеймисон,True,Failed Using Name Looking at Season and Season +-1,['Bradford Jamieson IV'],Jamison,Cyrillic Dudes,False
14,34,34,21,"U-20 World Cup, 2015",05.06.15,Ukraine U-20 vs United States U-20,2015,United States,US,20. Аллен,True,Failed Using Name Looking at Season and Season +-1,['Jordan Allen'],Allen,Cyrillic Dudes,False
15,35,35,21,"U-20 World Cup, 2015",05.06.15,Ukraine U-20 vs United States U-20,2015,United States,US,10. Сонора,True,Failed Using Name Looking at Season and Season +-1,['Alan Soñora'],Sonora,Cyrillic Dudes,False
16,36,36,52,U-20 World Cup 2019,15.06.19,Ukraine U-20 vs South Korea U-20,2019,Korea Republic,KR,2. Хван Таэхён,True,Failed Using Name Looking at Season and Season +-1,['Tae-Hyeon Hwang'],Hwang Taehyun,Cyrillic Dudes,False
17,37,37,52,U-20 World Cup 2019,15.06.19,Ukraine U-20 vs South Korea U-20,2019,Korea Republic,KR,4. Ли Джисол,True,Failed Using Name Looking at Season and Season +-1,['Ji-Sol Lee'],Lee Jisol,Cyrillic Dudes,False
18,38,38,52,U-20 World Cup 2019,15.06.19,Ukraine U-20 vs South Korea U-20,2019,Korea Republic,KR,5. Ким Хьюнву,True,Failed Using Name Looking at Season and Season +-1,['Kim Hyun-Woo'],Kim Hyunwoo,Cyrillic Dudes,False
19,39,39,52,U-20 World Cup 2019,15.06.19,Ukraine U-20 vs South Korea U-20,2019,Korea Republic,KR,3. Ли Джэик,True,Failed Using Name Looking at Season and Season +-1,['Jae-Ik Lee'],Lee Jayick,Cyrillic Dudes,False
20,40,40,52,U-20 World Cup 2019,15.06.19,Ukraine U-20 vs South Korea U-20,2019,Korea Republic,KR,6. Ким Чжунмин,True,Failed Using Name Looking at Season and Season +-1,['Kim Jung-Mi'],Kim Zhongming,Cyrillic Dudes,False
21,41,41,52,U-20 World Cup 2019,15.06.19,Ukraine U-20 vs South Korea U-20,2019,Korea Republic,KR,19. Чой Джун,True,Failed Using Name Looking at Season and Season +-1,['Jun Choi'],Choi Jun,Cyrillic Dudes,False
22,42,42,52,U-20 World Cup 2019,15.06.19,Ukraine U-20 vs South Korea U-20,2019,Korea Republic,KR,20. Ким Сеюн,True,Failed Using Name Looking at Season and Season +-1,['Kim Se-Yun'],Kim Seyun,Cyrillic Dudes,False
23,43,43,52,U-20 World Cup 2019,15.06.19,Ukraine U-20 vs South Korea U-20,2019,Korea Republic,KR,9. О Сехун,True,Failed Using Name Looking at Season and Season +-1,['Sehun Oh'],O Sehun,Cyrillic Dudes,False
24,44,44,53,U-20 World Cup 2019,14.06.19,Italy U-20 vs Ecuador U-20,2019,Ecuador,EC,10. Ресабала,True,Failed Using Name Looking at Season and Season +-1,['Jordan Rezabala'],Resabala,Cyrillic Dudes,False
25,45,45,55,U-20 World Cup 2019,11.06.19,Ecuador U-20 vs South Korea U-20,2019,Ecuador,EC,10. Ресабала,True,Failed Using Name Looking at Season and Season +-1,['Jordan Rezabala'],Resabala,Cyrillic Dudes,False
26,46,46,55,U-20 World Cup 2019,11.06.19,Ecuador U-20 vs South Korea U-20,2019,Ecuador,EC,16. Кинтеро,True,Failed Using Name Looking at Season and Season +-1,['Sergio Quintero'],Kintero,Cyrillic Dudes,False
27,47,47,55,U-20 World Cup 2019,11.06.19,Ecuador U-20 vs South Korea U-20,2019,Korea Republic,KR,1. Квангён Ли,True,Failed Using Name Looking at Season and Season +-1,['Lee Gwang-Yeon'],Gwangkyung Lee,Cyrillic Dudes,False
28,48,48,55,U-20 World Cup 2019,11.06.19,Ecuador U-20 vs South Korea U-20,2019,Korea Republic,KR,2. Хванг Тэ Хён,True,Failed Using Name Looking at Season and Season +-1,['Tae-Hyeon Hwang'],Hwang Tae Hyun,Cyrillic Dudes,False
29,49,49,55,U-20 World Cup 2019,11.06.19,Ecuador U-20 vs South Korea U-20,2019,Korea Republic,KR,3. Ли Чже Ик,True,Failed Using Name Looking at Season and Season +-1,['Jae-Ik Lee'],Li Zhe Ik,Cyrillic Dudes,False
30,50,50,55,U-20 World Cup 2019,11.06.19,Ecuador U-20 vs South Korea U-20,2019,Korea Republic,KR,4. Ли Чжи Сол,True,Failed Using Name Looking at Season and Season +-1,['Ji-Sol Lee'],Li Zhi Sol,Cyrillic Dudes,False
31,51,51,55,U-20 World Cup 2019,11.06.19,Ecuador U-20 vs South Korea U-20,2019,Korea Republic,KR,5. Хён-Ву Ким,True,Failed Using Name Looking at Season and Season +-1,['Kim Hyun-Woo'],Hyunwoo Kim,Cyrillic Dudes,False
32,52,52,55,U-20 World Cup 2019,11.06.19,Ecuador U-20 vs South Korea U-20,2019,Korea Republic,KR,19. Чой Джун,True,Failed Using Name Looking at Season and Season +-1,['Jun Choi'],Choi Jun,Cyrillic Dudes,False
33,53,53,55,U-20 World Cup 2019,11.06.19,Ecuador U-20 vs South Korea U-20,2019,Korea Republic,KR,13. Ко Чже Хён,True,Failed Using Name Looking at Season and Season +-1,['Jae-Hyeon Ko'],Gojaehyun,Cyrillic Dudes,False
34,54,54,55,U-20 World Cup 2019,11.06.19,Ecuador U-20 vs South Korea U-20,2019,Korea Republic,KR,15. Хо Джин Чжон,True,Failed Using Name Looking at Season and Season +-1,['Ho-Jin Jeong'],Ho Jin Jeong,Cyrillic Dudes,False
35,55,55,55,U-20 World Cup 2019,11.06.19,Ecuador U-20 vs South Korea U-20,2019,Korea Republic,KR,20. Ким Се Юн,True,Failed Using Name Looking at Season and Season +-1,['Kim Se-Yun'],Kim SeYun,Cyrillic Dudes,False
36,56,56,55,U-20 World Cup 2019,11.06.19,Ecuador U-20 vs South Korea U-20,2019,Korea Republic,KR,9. Се-Хун О,True,Failed Using Name Looking at Season and Season +-1,['Sehun Oh'],O SeHun,Cyrillic Dudes,False
37,57,57,56,U-20 World Cup 2019,07.06.19,Colombia U-20 vs Ukraine U-20,2019,Colombia,CO,13. Мьер,True,Failed Using Name Looking at Season and Season +-1,['Kevin Mier'],Myer,Cyrillic Dudes,False
38,58,58,56,U-20 World Cup 2019,07.06.19,Colombia U-20 vs Ukraine U-20,2019,Colombia,CO,4. Арройо,True,Failed Using Name Looking at Season and Season +-1,['Anderson Arroyo'],Arroyo,Cyrillic Dudes,False
39,59,59,56,U-20 World Cup 2019,07.06.19,Colombia U-20 vs Ukraine U-20,2019,Colombia,CO,14. Пальма,True,Failed Using Name Looking at Season and Season +-1,['Juan Palma'],Palm Tree,Cyrillic Dudes,False
40,60,60,56,U-20 World Cup 2019,07.06.19,Colombia U-20 vs Ukraine U-20,2019,Colombia,CO,16. Вера,True,Failed Using Name Looking at Season and Season +-1,['Brayan Vera'],Faith,Cyrillic Dudes,False
41,61,61,56,U-20 World Cup 2019,07.06.19,Colombia U-20 vs Ukraine U-20,2019,Colombia,CO,5. Баланта,True,Failed Using Name Looking at Season and Season +-1,['Andres Balanta'],Balanta,Cyrillic Dudes,False
42,62,62,56,U-20 World Cup 2019,07.06.19,Colombia U-20 vs Ukraine U-20,2019,Colombia,CO,6. Переа,True,Failed Using Name Looking at Season and Season +-1,['Luis Amaranto Perea'],Perea,Cyrillic Dudes,False
43,63,63,56,U-20 World Cup 2019,07.06.19,Colombia U-20 vs Ukraine U-20,2019,Colombia,CO,8. Альварадо,True,Failed Using Name Looking at Season and Season +-1,['Jaime Alvarado Hoyos'],Alvarado,Cyrillic Dudes,False
44,64,64,57,U-20 World Cup 2019,07.06.19,Italy U-20 vs Mali U-20,2019,Mali,ML,2. Конан,True,Failed Using Name Looking at Season and Season +-1,['Arnaud Konan'],Conan,Cyrillic Dudes,False
45,65,65,57,U-20 World Cup 2019,07.06.19,Italy U-20 vs Mali U-20,2019,Mali,ML,5. Фофана,True,Failed Using Name Looking at Season and Season +-1,['Babou Fofana'],Fofana,Cyrillic Dudes,False
46,66,66,57,U-20 World Cup 2019,07.06.19,Italy U-20 vs Mali U-20,2019,Mali,ML,13. Кануте,True,Failed Using Name Looking at Season and Season +-1,['Clement Kanoute'],Kanute,Cyrillic Dudes,False
47,67,67,57,U-20 World Cup 2019,07.06.19,Italy U-20 vs Mali U-20,2019,Mali,ML,6. Диаките,True,Failed Using Name Looking at Season and Season +-1,['Ousmane Diakite'],Diakite,Cyrillic Dudes,False
48,68,68,57,U-20 World Cup 2019,07.06.19,Italy U-20 vs Mali U-20,2019,Mali,ML,14. Сиссоко,True,Failed Using Name Looking at Season and Season +-1,['Sambou Sissoko'],Sissoko,Cyrillic Dudes,False
49,69,69,57,U-20 World Cup 2019,07.06.19,Italy U-20 vs Mali U-20,2019,Mali,ML,7. Драме,True,Failed Using Name Looking at Season and Season +-1,['Hadji Drame'],Drama,Cyrillic Dudes,False
50,70,70,57,U-20 World Cup 2019,07.06.19,Italy U-20 vs Mali U-20,2019,Mali,ML,9. Коне,True,Failed Using Name Looking at Season and Season +-1,['Ibrahim Koné'],Koné,Cyrillic Dudes,False
51,71,71,58,U-20 World Cup 2019,08.06.19,United States U-20 vs Ecuador U-20,2019,United States,US,12. Очоа,True,Failed Using Name Looking at Season and Season +-1,['Chris Gloster'],David Ochoa,Cyrillic Dudes,False
52,72,72,58,U-20 World Cup 2019,08.06.19,United States U-20 vs Ecuador U-20,2019,United States,US,13. Кейта,True,Failed Using Name Looking at Season and Season +-1,['Aboubacar Keita'],Keita,Cyrillic Dudes,False
53,73,73,58,U-20 World Cup 2019,08.06.19,United States U-20 vs Ecuador U-20,2019,United States,US,6. Даркин,True,Failed Using Name Looking at Season and Season +-1,['Christopher Durkin'],Durkin,Cyrillic Dudes,False
54,74,74,58,U-20 World Cup 2019,08.06.19,United States U-20 vs Ecuador U-20,2019,United States,US,8. Мендес,True,Failed Using Name Looking at Season and Season +-1,['Alex Méndez'],Mendes,Cyrillic Dudes,False
55,75,75,58,U-20 World Cup 2019,08.06.19,United States U-20 vs Ecuador U-20,2019,United States,US,17. Де ла Фуэнте,True,Failed Using Name Looking at Season and Season +-1,['Konrad De La Fuente'],Dela Fuente,Cyrillic Dudes,False
56,76,76,58,U-20 World Cup 2019,08.06.19,United States U-20 vs Ecuador U-20,2019,Ecuador,EC,10. Ресабала,True,Failed Using Name Looking at Season and Season +-1,['Jordan Rezabala'],Resabala,Cyrillic Dudes,False
57,77,77,58,U-20 World Cup 2019,08.06.19,United States U-20 vs Ecuador U-20,2019,Ecuador,EC,16. Кинтеро,True,Failed Using Name Looking at Season and Season +-1,['Sergio Quintero'],Kintero,Cyrillic Dudes,False
58,78,78,59,U-20 World Cup 2019,08.06.19,South Korea U-20 vs Senegal U-20,2019,Korea Republic,KR,1. Квангён Ли,True,Failed Using Name Looking at Season and Season +-1,['Lee Gwang-Yeon'],Gwangkyung Lee,Cyrillic Dudes,False
59,79,79,59,U-20 World Cup 2019,08.06.19,South Korea U-20 vs Senegal U-20,2019,Korea Republic,KR,2. Хванг Тэ Хён,True,Failed Using Name Looking at Season and Season +-1,['Tae-Hyeon Hwang'],Hwang Tae Hyun,Cyrillic Dudes,False
60,80,80,59,U-20 World Cup 2019,08.06.19,South Korea U-20 vs Senegal U-20,2019,Korea Republic,KR,3. Ли Чже Ик,True,Failed Using Name Looking at Season and Season +-1,['Jae-Ik Lee'],Li Zhe Ik,Cyrillic Dudes,False
61,81,81,59,U-20 World Cup 2019,08.06.19,South Korea U-20 vs Senegal U-20,2019,Korea Republic,KR,4. Ли Чжи Сол,True,Failed Using Name Looking at Season and Season +-1,['Ji-Sol Lee'],Li Zhi Sol,Cyrillic Dudes,False
62,82,82,59,U-20 World Cup 2019,08.06.19,South Korea U-20 vs Senegal U-20,2019,Korea Republic,KR,5. Хён-Ву Ким,True,Failed Using Name Looking at Season and Season +-1,['Kim Hyun-Woo'],Hyunwoo Kim,Cyrillic Dudes,False
63,83,83,59,U-20 World Cup 2019,08.06.19,South Korea U-20 vs Senegal U-20,2019,Korea Republic,KR,19. Чой Джун,True,Failed Using Name Looking at Season and Season +-1,['Jun Choi'],Choi Jun,Cyrillic Dudes,False
64,84,84,59,U-20 World Cup 2019,08.06.19,South Korea U-20 vs Senegal U-20,2019,Korea Republic,KR,7. Седжин Чон,True,Failed Using Name Looking at Season and Season +-1,['Se-Jin Jeon'],Sejin Chon,Cyrillic Dudes,False
65,85,85,59,U-20 World Cup 2019,08.06.19,South Korea U-20 vs Senegal U-20,2019,Korea Republic,KR,14. Та Джун Пак,True,Failed Using Name Looking at Season and Season +-1,['Tae-Jun Park'],Ta Jun Pak,Cyrillic Dudes,False
66,86,86,59,U-20 World Cup 2019,08.06.19,South Korea U-20 vs Senegal U-20,2019,Korea Republic,KR,15. Хо Джин Чжон,True,Failed Using Name Looking at Season and Season +-1,['Ho-Jin Jeong'],Ho Jin Jeong,Cyrillic Dudes,False
67,87,87,59,U-20 World Cup 2019,08.06.19,South Korea U-20 vs Senegal U-20,2019,Korea Republic,KR,9. Се-Хун О,True,Failed Using Name Looking at Season and Season +-1,['Sehun Oh'],O SeHun,Cyrillic Dudes,False
68,88,88,59,U-20 World Cup 2019,08.06.19,South Korea U-20 vs Senegal U-20,2019,Senegal,SN,2. Н'Диайе,True,Failed Using Name Looking at Season and Season +-1,['Moussa NDiaye'],N Diaye,Cyrillic Dudes,False
69,89,89,59,U-20 World Cup 2019,08.06.19,South Korea U-20 vs Senegal U-20,2019,Senegal,SN,5. Ав,True,Failed Using Name Looking at Season and Season +-1,['Souleymane Aw'],Av,Cyrillic Dudes,False
70,129,129,59,U-20 World Cup 2019,08.06.19,South Korea U-20 vs Senegal U-20,2019,Senegal,SN,13. Сиссе,True,Failed Using Name Looking at Season and Season +-1,['Souleymane Cissé'],Pape Abou Cisse,Cyrillic Dudes,False
71,130,130,59,U-20 World Cup 2019,08.06.19,South Korea U-20 vs Senegal U-20,2019,Senegal,SN,4. Дианье,True,Failed Using Name Looking at Season and Season +-1,['Cavin Diagne'],Diagne,Cyrillic Dudes,False
72,131,131,59,U-20 World Cup 2019,08.06.19,South Korea U-20 vs Senegal U-20,2019,Senegal,SN,7. Санья,True,Failed Using Name Looking at Season and Season +-1,['Amadou Sagna'],Sanya,Cyrillic Dudes,False
73,132,132,59,U-20 World Cup 2019,08.06.19,South Korea U-20 vs Senegal U-20,2019,Senegal,SN,15. Ньянг,True,Failed Using Name Looking at Season and Season +-1,['Ousseynou Niang'],Niang,Cyrillic Dudes,False
74,133,133,59,U-20 World Cup 2019,08.06.19,South Korea U-20 vs Senegal U-20,2019,Senegal,SN,19. Баджи,True,Failed Using Name Looking at Season and Season +-1,['Youssouph Badji'],Badji,Cyrillic Dudes,False
75,414,270,1351,"Olympics, 2016",2016-08-10,Algeria vs Portugal,2016,Portugal,PT,Tiago Silva,True,Failed Using Name Looking at Season and Season +-1,['António Silva'],,Group 1 Fail,False
76,416,272,1368,"Olympics, 2020",2021-07-22,Honduras vs Romania,2021,Romania,RO,Andrei Ciobanu,True,Failed Using Name Looking at Season and Season +-1,Andrei Ciobanu,,Group 1 Fail,False
77,417,273,1368,"Olympics, 2020",2021-07-22,Honduras vs Romania,2021,Romania,RO,George Ganea,True,Failed Using Name Looking at Season and Season +-1,['Gheorghe Grozav'],,Group 1 Fail,False
78,418,274,1370,"Olympics, 2020",2021-07-25,Romania vs South Korea,2021,Romania,RO,Andrei Ciobanu,True,Failed Using Name Looking at Season and Season +-1,Andrei Ciobanu,,Group 1 Fail,False
79,419,275,1370,"Olympics, 2020",2021-07-25,Romania vs South Korea,2021,Romania,RO,George Ganea,True,Failed Using Name Looking at Season and Season +-1,['Gheorghe Grozav'],,Group 1 Fail,False
80,420,276,1381,"Olympics, 2020",2021-07-25,Brazil vs Ivory Coast,2021,Ivory Coast,CI,Zié Ouattara,True,Failed Using Name Looking at Season and Season +-1,['Soualio Dabila Ouattara'],,Group 1 Fail,False
81,595,451,18,"U-20 World Cup, 2015",02.06.15,Myanmar U-20 vs Ukraine U-20,2015,Myanmar,MM,Tiha Htet Aung,True,Failed Using Name Looking at Season and Season +-1,['Than Htet Aung'],,Group 1 Fail,False
82,618,474,56,U-20 World Cup 2019,07.06.19,Colombia U-20 vs Ukraine U-20,2019,Colombia,CO,Angulo,True,Failed Using Name Looking at Season and Season +-1,['Álvaro Angulo'],,Group 1 Fail,False
83,619,475,57,U-20 World Cup 2019,07.06.19,Italy U-20 vs Mali U-20,2019,Mali,ML,Diaby,True,Failed Using Name Looking at Season and Season +-1,Abdoulaye Diaby,,Group 1 Fail,False
84,620,476,59,U-20 World Cup 2019,08.06.19,South Korea U-20 vs Senegal U-20,2019,Senegal,SN,Dionku,True,Failed Using Name Looking at Season and Season +-1,['Daouda Diongue'],,Group 1 Fail,False
85,902,14,1329,"Olympics, 2016",2016-08-04,Brazil vs South Africa,2016,South Africa,ZA,Menzi Masuku,True,Failed Using Name Looking at Season and Season +-1,Senzo Meyiwa,,Lookup Required Matches,False
86,903,15,1333,"Olympics, 2016",2016-08-10,South Africa vs Iraq,2016,South Africa,ZA,Menzi Masuku,True,Failed Using Name Looking at Season and Season +-1,Senzo Meyiwa,,Lookup Required Matches,False
87,904,16,1334,"Olympics, 2016",2016-08-04,Sweden vs Colombia,2016,Sweden,SE,Astrit Ajdarević,True,Failed Using Name Looking at Season and Season +-1,Yasin Ayari,,Lookup Required Matches,False
88,905,17,1335,"Olympics, 2016",2016-08-04,Nigeria vs Japan,2016,Nigeria,NG,Seth Muenfuh Sincere,True,Failed Using Name Looking at Season and Season +-1,Seth Mayi,,Lookup Required Matches,False
89,906,18,1336,"Olympics, 2016",2016-08-07,Sweden vs Nigeria,2016,Sweden,SE,Astrit Ajdarević,True,Failed Using Name Looking at Season and Season +-1,Yasin Ayari,,Lookup Required Matches,False
90,907,19,1336,"Olympics, 2016",2016-08-07,Sweden vs Nigeria,2016,Nigeria,NG,Seth Muenfuh Sincere,True,Failed Using Name Looking at Season and Season +-1,Seth Mayi,,Lookup Required Matches,False
91,908,20,1338,"Olympics, 2016",2016-08-10,Japan vs Sweden,2016,Sweden,SE,Astrit Ajdarević,True,Failed Using Name Looking at Season and Season +-1,Yasin Ayari,,Lookup Required Matches,False
92,909,21,1339,"Olympics, 2016",2016-08-10,Colombia vs Nigeria,2016,Nigeria,NG,Seth Muenfuh Sincere,True,Failed Using Name Looking at Season and Season +-1,Seth Mayi,,Lookup Required Matches,False
93,947,27,1328,"Olympics, 2016",2016-08-04,Iraq vs Denmark,2016,Denmark,DK,Nicolai Brock-Madsen,True,Failed Using Name Looking at Season and Season +-1,Nicolai Brock Madsen,,Match Date Filter Said 0,False
94,948,28,1330,"Olympics, 2016",2016-08-07,Denmark vs South Africa,2016,Denmark,DK,Nicolai Brock-Madsen,True,Failed Using Name Looking at Season and Season +-1,Nicolai Brock Madsen,,Match Date Filter Said 0,False
95,949,29,1332,"Olympics, 2016",2016-08-10,Denmark vs Brazil,2016,Denmark,DK,Nicolai Brock-Madsen,True,Failed Using Name Looking at Season and Season +-1,Nicolai Brock Madsen,,Match Date Filter Said 0,False
96,950,30,1333,"Olympics, 2016",2016-08-10,South Africa vs Iraq,2016,South Africa,ZA,Repo Malepe,True,Failed Using Name Looking at Season and Season +-1,Tercious Malepe,,Match Date Filter Said 0,False
97,951,31,1335,"Olympics, 2016",2016-08-04,Nigeria vs Japan,2016,Japan,JP,Masatoshi Kushibiki,True,Failed Using Name Looking at Season and Season +-1,Masatoshi Kushibiki,,Match Date Filter Said 0,False
98,952,32,1337,"Olympics, 2016",2016-08-07,Japan vs Colombia,2016,Japan,JP,Shinya Yajima,True,Failed Using Name Looking at Season and Season +-1,Shinya Yajima,,Match Date Filter Said 0,False
99,953,33,1345,"Olympics, 2016",2016-08-10,South Korea vs Mexico,2016,Mexico,MX,Alfonso González,True,Failed Using Name Looking at Season and Season +-1,Arturo Gonzalez,,Match Date Filter Said 0,False
100,954,34,1347,"Olympics, 2016",2016-08-04,Portugal vs Argentina,2016,Argentina,AR,Lautaro Gianetti,True,Failed Using Name Looking at Season and Season +-1,Lautaro Giannetti,,Match Date Filter Said 0,False
101,955,35,1347,"Olympics, 2016",2016-08-04,Portugal vs Argentina,2016,Argentina,AR,Mauricio Martínez,True,Failed Using Name Looking at Season and Season +-1,Mauricio Martinez,,Match Date Filter Said 0,False
102,956,36,1349,"Olympics, 2016",2016-08-07,Argentina vs Algeria,2016,Argentina,AR,Lautaro Gianetti,True,Failed Using Name Looking at Season and Season +-1,Lautaro Giannetti,,Match Date Filter Said 0,False
103,957,37,1349,"Olympics, 2016",2016-08-07,Argentina vs Algeria,2016,Argentina,AR,Mauricio Martínez,True,Failed Using Name Looking at Season and Season +-1,Mauricio Martinez,,Match Date Filter Said 0,False
104,958,38,1350,"Olympics, 2016",2016-08-10,Argentina vs Honduras,2016,Argentina,AR,Lautaro Gianetti,True,Failed Using Name Looking at Season and Season +-1,Lautaro Giannetti,,Match Date Filter Said 0,False
105,959,39,1350,"Olympics, 2016",2016-08-10,Argentina vs Honduras,2016,Argentina,AR,Mauricio Martínez,True,Failed Using Name Looking at Season and Season +-1,Mauricio Martinez,,Match Date Filter Said 0,False
106,960,40,1351,"Olympics, 2016",2016-08-10,Algeria vs Portugal,2016,Portugal,PT,Francisco Ramos,True,Failed Using Name Looking at Season and Season +-1,Francisco Ramos,,Match Date Filter Said 0,False
107,962,42,1368,"Olympics, 2020",2021-07-22,Honduras vs Romania,2021,Romania,RO,Valentin Gheorghe,True,Failed Using Name Looking at Season and Season +-1,Valentin Gheorghe,,Match Date Filter Said 0,False
108,1172,122,1328,"Olympics, 2016",08-04-2016,Iraq vs Denmark,2016,Denmark,DK,Andreas Maxsø,True,Failed Using Name Looking at Season and Season +-1,Andreas Maxsø,,Match Date Filter Said 0,False
109,1173,123,1328,"Olympics, 2016",08-04-2016,Iraq vs Denmark,2016,Denmark,DK,Casper Nielsen,True,Failed Using Name Looking at Season and Season +-1,Casper Nielsen,,Match Date Filter Said 0,False
110,1174,124,1329,"Olympics, 2016",08-04-2016,Brazil vs South Africa,2016,South Africa,ZA,Mothobi Mvala,True,Failed Using Name Looking at Season and Season +-1,Mothobi Mvala,,Match Date Filter Said 0,False
111,1175,125,1330,"Olympics, 2016",08-07-2016,Denmark vs South Africa,2016,Denmark,DK,Andreas Maxsø,True,Failed Using Name Looking at Season and Season +-1,Andreas Maxsø,,Match Date Filter Said 0,False
112,1176,126,1330,"Olympics, 2016",08-07-2016,Denmark vs South Africa,2016,Denmark,DK,Emil Larsen,True,Failed Using Name Looking at Season and Season +-1,Emil Larsen,,Match Date Filter Said 0,False
113,1177,127,1330,"Olympics, 2016",08-07-2016,Denmark vs South Africa,2016,South Africa,ZA,Kwandakwensizwa Mngonyama,True,Failed Using Name Looking at Season and Season +-1,Kwanda Mngonyama,,Match Date Filter Said 0,False
114,1178,128,1332,"Olympics, 2016",08-10-2016,Denmark vs Brazil,2016,Denmark,DK,Andreas Maxsø,True,Failed Using Name Looking at Season and Season +-1,Andreas Maxsø,,Match Date Filter Said 0,False
115,1179,129,1333,"Olympics, 2016",08-10-2016,South Africa vs Iraq,2016,South Africa,ZA,Mothobi Mvala,True,Failed Using Name Looking at Season and Season +-1,Mothobi Mvala,,Match Date Filter Said 0,False
116,1180,130,1334,"Olympics, 2016",08-04-2016,Sweden vs Colombia,2016,Colombia,CO,Deiver Machado,True,Failed Using Name Looking at Season and Season +-1,Deiver Machado,,Match Date Filter Said 0,False
117,1181,131,1335,"Olympics, 2016",08-04-2016,Nigeria vs Japan,2016,Nigeria,NG,Azubuike Okechukwu,True,Failed Using Name Looking at Season and Season +-1,Azubuike Okechukwu,,Match Date Filter Said 0,False
118,1182,132,1335,"Olympics, 2016",08-04-2016,Nigeria vs Japan,2016,Japan,JP,Riki Harakawa,True,Failed Using Name Looking at Season and Season +-1,Riki Harakawa,,Match Date Filter Said 0,False
119,1183,133,1336,"Olympics, 2016",08-07-2016,Sweden vs Nigeria,2016,Nigeria,NG,Azubuike Okechukwu,True,Failed Using Name Looking at Season and Season +-1,Azubuike Okechukwu,,Match Date Filter Said 0,False
120,1184,134,1337,"Olympics, 2016",08-07-2016,Japan vs Colombia,2016,Colombia,CO,Deiver Machado,True,Failed Using Name Looking at Season and Season +-1,Deiver Machado,,Match Date Filter Said 0,False
121,1185,135,1338,"Olympics, 2016",08-10-2016,Japan vs Sweden,2016,Japan,JP,Masashi Kamekawa,True,Failed Using Name Looking at Season and Season +-1,Masashi Kamekawa,,Match Date Filter Said 0,False
122,1186,136,1339,"Olympics, 2016",08-10-2016,Colombia vs Nigeria,2016,Colombia,CO,Cristian Borja,True,Failed Using Name Looking at Season and Season +-1,Cristián Borja,,Match Date Filter Said 0,False
123,1187,137,1339,"Olympics, 2016",08-10-2016,Colombia vs Nigeria,2016,Colombia,CO,Harold Preciado,True,Failed Using Name Looking at Season and Season +-1,Harold Preciado,,Match Date Filter Said 0,False
124,1188,138,1339,"Olympics, 2016",08-10-2016,Colombia vs Nigeria,2016,Nigeria,NG,Ndifreke Udo,True,Failed Using Name Looking at Season and Season +-1,Ndifreke Udo,,Match Date Filter Said 0,False
125,1189,139,1339,"Olympics, 2016",08-10-2016,Colombia vs Nigeria,2016,Nigeria,NG,Azubuike Okechukwu,True,Failed Using Name Looking at Season and Season +-1,Azubuike Okechukwu,,Match Date Filter Said 0,False
126,1190,140,1340,"Olympics, 2016",08-04-2016,Mexico vs Germany,2016,Mexico,MX,José Abella,True,Failed Using Name Looking at Season and Season +-1,José Abella,,Match Date Filter Said 0,False
127,1191,141,1340,"Olympics, 2016",08-04-2016,Mexico vs Germany,2016,Mexico,MX,Michael Pérez,True,Failed Using Name Looking at Season and Season +-1,Michael Pérez,,Match Date Filter Said 0,False
128,1192,142,1340,"Olympics, 2016",08-04-2016,Mexico vs Germany,2016,Mexico,MX,Marco Bueno,True,Failed Using Name Looking at Season and Season +-1,Marco Bueno,,Match Date Filter Said 0,False
129,1193,143,1341,"Olympics, 2016",08-04-2016,Fiji vs South Korea,2016,Fiji,FJ,Praneel Naidu,True,Failed Using Name Looking at Season and Season +-1,Praneel Naidu,,Match Date Filter Said 0,False
130,1194,144,1341,"Olympics, 2016",08-04-2016,Fiji vs South Korea,2016,Fiji,FJ,Tevita Waranaivalu,True,Failed Using Name Looking at Season and Season +-1,Tevita Waranaivalu,,Match Date Filter Said 0,False
131,1195,145,1341,"Olympics, 2016",08-04-2016,Fiji vs South Korea,2016,South Korea,KR,Sim Sang-min,True,Failed Using Name Looking at Season and Season +-1,Sang-min Sim,,Match Date Filter Said 0,False
132,1196,146,1342,"Olympics, 2016",08-07-2016,Fiji vs Mexico,2016,Fiji,FJ,Praneel Naidu,True,Failed Using Name Looking at Season and Season +-1,Praneel Naidu,,Match Date Filter Said 0,False
133,1197,147,1342,"Olympics, 2016",08-07-2016,Fiji vs Mexico,2016,Mexico,MX,José Abella,True,Failed Using Name Looking at Season and Season +-1,José Abella,,Match Date Filter Said 0,False
134,1198,148,1342,"Olympics, 2016",08-07-2016,Fiji vs Mexico,2016,Mexico,MX,Michael Pérez,True,Failed Using Name Looking at Season and Season +-1,Michael Pérez,,Match Date Filter Said 0,False
135,1199,149,1342,"Olympics, 2016",08-07-2016,Fiji vs Mexico,2016,Mexico,MX,Marco Bueno,True,Failed Using Name Looking at Season and Season +-1,Marco Bueno,,Match Date Filter Said 0,False
136,1200,150,1343,"Olympics, 2016",08-07-2016,Germany vs South Korea,2016,South Korea,KR,Sim Sang-min,True,Failed Using Name Looking at Season and Season +-1,Sang-min Sim,,Match Date Filter Said 0,False
137,1201,151,1343,"Olympics, 2016",08-07-2016,Germany vs South Korea,2016,South Korea,KR,Park Yong-woo,True,Failed Using Name Looking at Season and Season +-1,Yong-woo Park,,Match Date Filter Said 0,False
138,1202,152,1344,"Olympics, 2016",08-10-2016,Germany vs Fiji,2016,Fiji,FJ,Praneel Naidu,True,Failed Using Name Looking at Season and Season +-1,Praneel Naidu,,Match Date Filter Said 0,False
139,1203,153,1344,"Olympics, 2016",08-10-2016,Germany vs Fiji,2016,Fiji,FJ,Tevita Waranaivalu,True,Failed Using Name Looking at Season and Season +-1,Tevita Waranaivalu,,Match Date Filter Said 0,False
140,1204,154,1345,"Olympics, 2016",08-10-2016,South Korea vs Mexico,2016,South Korea,KR,Sim Sang-min,True,Failed Using Name Looking at Season and Season +-1,Sang-min Sim,,Match Date Filter Said 0,False
141,1205,155,1345,"Olympics, 2016",08-10-2016,South Korea vs Mexico,2016,South Korea,KR,Park Yong-woo,True,Failed Using Name Looking at Season and Season +-1,Yong-woo Park,,Match Date Filter Said 0,False
142,1206,156,1345,"Olympics, 2016",08-10-2016,South Korea vs Mexico,2016,Mexico,MX,Erick Aguirre,True,Failed Using Name Looking at Season and Season +-1,Erick Aguirre,,Match Date Filter Said 0,False
143,1207,157,1345,"Olympics, 2016",08-10-2016,South Korea vs Mexico,2016,Mexico,MX,Michael Pérez,True,Failed Using Name Looking at Season and Season +-1,Michael Pérez,,Match Date Filter Said 0,False
144,1208,158,1345,"Olympics, 2016",08-10-2016,South Korea vs Mexico,2016,Mexico,MX,Marco Bueno,True,Failed Using Name Looking at Season and Season +-1,Marco Bueno,,Match Date Filter Said 0,False
145,1209,159,1346,"Olympics, 2016",08-04-2016,Honduras vs Algeria,2016,Algeria,DZ,Farid Chaâl,True,Failed Using Name Looking at Season and Season +-1,Farid Chaâl,,Match Date Filter Said 0,False
146,1210,160,1346,"Olympics, 2016",08-04-2016,Honduras vs Algeria,2016,Algeria,DZ,Haris Belkebla,True,Failed Using Name Looking at Season and Season +-1,Haris Belkebla,,Match Date Filter Said 0,False
147,1211,161,1346,"Olympics, 2016",08-04-2016,Honduras vs Algeria,2016,Algeria,DZ,Zakaria Haddouche,True,Failed Using Name Looking at Season and Season +-1,Zakaria Haddouche,,Match Date Filter Said 0,False
148,1212,162,1347,"Olympics, 2016",08-04-2016,Portugal vs Argentina,2016,Portugal,PT,André Martins,True,Failed Using Name Looking at Season and Season +-1,André Martins,,Match Date Filter Said 0,False
149,1213,163,1347,"Olympics, 2016",08-04-2016,Portugal vs Argentina,2016,Argentina,AR,Lisandro Magallán,True,Failed Using Name Looking at Season and Season +-1,Lisandro Magallán,,Match Date Filter Said 0,False
150,1214,164,1347,"Olympics, 2016",08-04-2016,Portugal vs Argentina,2016,Argentina,AR,Santiago Ascacibar,True,Failed Using Name Looking at Season and Season +-1,Santiago Ascacíbar,,Match Date Filter Said 0,False
151,1215,165,1348,"Olympics, 2016",08-07-2016,Honduras vs Portugal,2016,Portugal,PT,André Martins,True,Failed Using Name Looking at Season and Season +-1,André Martins,,Match Date Filter Said 0,False
152,1216,166,1349,"Olympics, 2016",08-07-2016,Argentina vs Algeria,2016,Argentina,AR,Santiago Ascacibar,True,Failed Using Name Looking at Season and Season +-1,Santiago Ascacíbar,,Match Date Filter Said 0,False
153,1217,167,1349,"Olympics, 2016",08-07-2016,Argentina vs Algeria,2016,Algeria,DZ,Farid Chaâl,True,Failed Using Name Looking at Season and Season +-1,Farid Chaâl,,Match Date Filter Said 0,False
154,1218,168,1349,"Olympics, 2016",08-07-2016,Argentina vs Algeria,2016,Algeria,DZ,Haris Belkebla,True,Failed Using Name Looking at Season and Season +-1,Haris Belkebla,,Match Date Filter Said 0,False
155,1219,169,1349,"Olympics, 2016",08-07-2016,Argentina vs Algeria,2016,Algeria,DZ,Zakaria Haddouche,True,Failed Using Name Looking at Season and Season +-1,Zakaria Haddouche,,Match Date Filter Said 0,False
156,1220,170,1350,"Olympics, 2016",08-10-2016,Argentina vs Honduras,2016,Argentina,AR,Santiago Ascacibar,True,Failed Using Name Looking at Season and Season +-1,Santiago Ascacíbar,,Match Date Filter Said 0,False
157,1221,171,1351,"Olympics, 2016",08-10-2016,Algeria vs Portugal,2016,Algeria,DZ,Zakaria Draoui,True,Failed Using Name Looking at Season and Season +-1,Zakaria Draoui,,Match Date Filter Said 0,False
158,1222,172,1351,"Olympics, 2016",08-10-2016,Algeria vs Portugal,2016,Portugal,PT,Tiago Ilori,True,Failed Using Name Looking at Season and Season +-1,Tiago Ilori,,Match Date Filter Said 0,False
159,1223,173,1352,"Olympics, 2016",08-13-2016,Portugal vs Germany,2016,Portugal,PT,André Martins,True,Failed Using Name Looking at Season and Season +-1,André Martins,,Match Date Filter Said 0,False
160,1224,174,1353,"Olympics, 2016",08-13-2016,Nigeria vs Denmark,2016,Nigeria,NG,Azubuike Okechukwu,True,Failed Using Name Looking at Season and Season +-1,Azubuike Okechukwu,,Match Date Filter Said 0,False
161,1225,175,1353,"Olympics, 2016",08-13-2016,Nigeria vs Denmark,2016,Denmark,DK,Andreas Maxsø,True,Failed Using Name Looking at Season and Season +-1,Andreas Maxsø,,Match Date Filter Said 0,False
162,1226,176,1353,"Olympics, 2016",08-13-2016,Nigeria vs Denmark,2016,Denmark,DK,Casper Nielsen,True,Failed Using Name Looking at Season and Season +-1,Casper Nielsen,,Match Date Filter Said 0,False
163,1227,177,1354,"Olympics, 2016",08-13-2016,South Korea vs Honduras,2016,South Korea,KR,Sim Sang-min,True,Failed Using Name Looking at Season and Season +-1,Sang-min Sim,,Match Date Filter Said 0,False
164,1228,178,1354,"Olympics, 2016",08-13-2016,South Korea vs Honduras,2016,South Korea,KR,Park Yong-woo,True,Failed Using Name Looking at Season and Season +-1,Yong-woo Park,,Match Date Filter Said 0,False
165,1229,179,1355,"Olympics, 2016",08-13-2016,Brazil vs Colombia,2016,Colombia,CO,Cristian Borja,True,Failed Using Name Looking at Season and Season +-1,Cristián Borja,,Match Date Filter Said 0,False
166,1230,180,1355,"Olympics, 2016",08-13-2016,Brazil vs Colombia,2016,Colombia,CO,Harold Preciado,True,Failed Using Name Looking at Season and Season +-1,Harold Preciado,,Match Date Filter Said 0,False
167,1231,181,1357,"Olympics, 2016",08-17-2016,Nigeria vs Germany,2016,Nigeria,NG,Ndifreke Udo,True,Failed Using Name Looking at Season and Season +-1,Ndifreke Udo,,Match Date Filter Said 0,False
168,1232,182,1358,"Olympics, 2016",08-20-2016,Honduras vs Nigeria,2016,Nigeria,NG,Azubuike Okechukwu,True,Failed Using Name Looking at Season and Season +-1,Azubuike Okechukwu,,Match Date Filter Said 0,False
169,1233,183,1361,"Olympics, 2020",07-22-2021,Mexico vs France,2021,France,FR,André-Pierre Gignac,True,Failed Using Name Looking at Season and Season +-1,André-Pierre Gignac,,Match Date Filter Said 0,False
170,1234,184,1362,"Olympics, 2020",07-22-2021,Japan vs South Africa,2021,Japan,JP,Daichi Hayashi,True,Failed Using Name Looking at Season and Season +-1,Daichi Hayashi,,Match Date Filter Said 0,False
171,1235,185,1362,"Olympics, 2020",07-22-2021,Japan vs South Africa,2021,South Africa,ZA,Luke Fleurs,True,Failed Using Name Looking at Season and Season +-1,Luke Fleurs,,Match Date Filter Said 0,False
172,1236,186,1362,"Olympics, 2020",07-22-2021,Japan vs South Africa,2021,South Africa,ZA,Tercious Malepe,True,Failed Using Name Looking at Season and Season +-1,Tercious Malepe,,Match Date Filter Said 0,False
173,1237,187,1362,"Olympics, 2020",07-22-2021,Japan vs South Africa,2021,South Africa,ZA,Thabo Cele,True,Failed Using Name Looking at Season and Season +-1,Thabo Cele,,Match Date Filter Said 0,False
174,1238,188,1363,"Olympics, 2020",07-25-2021,France vs South Africa,2021,France,FR,André-Pierre Gignac,True,Failed Using Name Looking at Season and Season +-1,André-Pierre Gignac,,Match Date Filter Said 0,False
175,1239,189,1363,"Olympics, 2020",07-25-2021,France vs South Africa,2021,South Africa,ZA,Katlego Mohamme,True,Failed Using Name Looking at Season and Season +-1,Katlego Mohamme,,Match Date Filter Said 0,False
176,1240,190,1363,"Olympics, 2020",07-25-2021,France vs South Africa,2021,South Africa,ZA,Luke Fleurs,True,Failed Using Name Looking at Season and Season +-1,Luke Fleurs,,Match Date Filter Said 0,False
177,1241,191,1363,"Olympics, 2020",07-25-2021,France vs South Africa,2021,South Africa,ZA,Tercious Malepe,True,Failed Using Name Looking at Season and Season +-1,Tercious Malepe,,Match Date Filter Said 0,False
178,1242,192,1363,"Olympics, 2020",07-25-2021,France vs South Africa,2021,South Africa,ZA,Thabo Cele,True,Failed Using Name Looking at Season and Season +-1,Thabo Cele,,Match Date Filter Said 0,False
179,1243,193,1364,"Olympics, 2020",07-25-2021,Japan vs Mexico,2021,Japan,JP,Daichi Hayashi,True,Failed Using Name Looking at Season and Season +-1,Daichi Hayashi,,Match Date Filter Said 0,False
180,1244,194,1365,"Olympics, 2020",07-28-2021,France vs Japan,2021,France,FR,André-Pierre Gignac,True,Failed Using Name Looking at Season and Season +-1,André-Pierre Gignac,,Match Date Filter Said 0,False
181,1260,210,1366,"Olympics, 2020",07-28-2021,South Africa vs Mexico,2021,South Africa,ZA,Katlego Mohamme,True,Failed Using Name Looking at Season and Season +-1,Katlego Mohamme,,Match Date Filter Said 0,False
182,1261,211,1366,"Olympics, 2020",07-28-2021,South Africa vs Mexico,2021,South Africa,ZA,Luke Fleurs,True,Failed Using Name Looking at Season and Season +-1,Luke Fleurs,,Match Date Filter Said 0,False
183,1262,212,1366,"Olympics, 2020",07-28-2021,South Africa vs Mexico,2021,South Africa,ZA,Tercious Malepe,True,Failed Using Name Looking at Season and Season +-1,Tercious Malepe,,Match Date Filter Said 0,False
184,1263,213,1366,"Olympics, 2020",07-28-2021,South Africa vs Mexico,2021,South Africa,ZA,Thabo Cele,True,Failed Using Name Looking at Season and Season +-1,Thabo Cele,,Match Date Filter Said 0,False
185,1264,214,1366,"Olympics, 2020",07-28-2021,South Africa vs Mexico,2021,South Africa,ZA,Kamohelo Mahlatsi,True,Failed Using Name Looking at Season and Season +-1,Kamohelo Mahlatsi,,Match Date Filter Said 0,False
186,1265,215,1367,"Olympics, 2020",07-22-2021,New Zealand vs South Korea,2021,South Korea,KR,Lee You-hyeon,True,Failed Using Name Looking at Season and Season +-1,You-hyeon Lee,,Match Date Filter Said 0,False
187,1266,216,1367,"Olympics, 2020",07-22-2021,New Zealand vs South Korea,2021,South Korea,KR,Kim Dong-hyun,True,Failed Using Name Looking at Season and Season +-1,Kim Dong-hyun,,Match Date Filter Said 0,False
188,1267,217,1368,"Olympics, 2020",07-22-2021,Honduras vs Romania,2021,Romania,RO,Alex Pașcanu,True,Failed Using Name Looking at Season and Season +-1,Alexandru Pașcanu,,Match Date Filter Said 0,False
189,1268,218,1369,"Olympics, 2020",07-25-2021,New Zealand vs Honduras,2021,Honduras,HN,José Alejandro Reyes,True,Failed Using Name Looking at Season and Season +-1,José Alejandro Reyes,,Match Date Filter Said 0,False
190,1269,219,1370,"Olympics, 2020",07-25-2021,Romania vs South Korea,2021,Romania,RO,Alex Pașcanu,True,Failed Using Name Looking at Season and Season +-1,Alexandru Pașcanu,,Match Date Filter Said 0,False
191,1270,220,1370,"Olympics, 2020",07-25-2021,Romania vs South Korea,2021,Romania,RO,Ion Gheorghe,True,Failed Using Name Looking at Season and Season +-1,Ion Gheorghe,,Match Date Filter Said 0,False
192,1271,221,1372,"Olympics, 2020",07-28-2021,South Korea vs Honduras,2021,Honduras,HN,José Alejandro Reyes,True,Failed Using Name Looking at Season and Season +-1,José Alejandro Reyes,,Match Date Filter Said 0,False
193,1272,222,1373,"Olympics, 2020",07-22-2021,Egypt vs Spain,2021,Egypt,EG,Karim El Eraki,True,Failed Using Name Looking at Season and Season +-1,Karim El Eraki,,Match Date Filter Said 0,False
194,1273,223,1374,"Olympics, 2020",07-22-2021,Argentina vs Australia,2021,Argentina,AR,Francisco Ortega,True,Failed Using Name Looking at Season and Season +-1,Francisco Ortega,,Match Date Filter Said 0,False
195,1274,224,1374,"Olympics, 2020",07-22-2021,Argentina vs Australia,2021,Argentina,AR,Carlos Valenzuela,True,Failed Using Name Looking at Season and Season +-1,Carlos Valenzuela,,Match Date Filter Said 0,False
196,1275,225,1374,"Olympics, 2020",07-22-2021,Argentina vs Australia,2021,Argentina,AR,Ezequiel Barco,True,Failed Using Name Looking at Season and Season +-1,Ezequiel Barco,,Match Date Filter Said 0,False
197,1276,226,1374,"Olympics, 2020",07-22-2021,Argentina vs Australia,2021,Australia,AU,Daniel Arzani,True,Failed Using Name Looking at Season and Season +-1,Daniel Arzani,,Match Date Filter Said 0,False
198,1277,227,1375,"Olympics, 2020",07-25-2021,Egypt vs Argentina,2021,Egypt,EG,Karim El Eraki,True,Failed Using Name Looking at Season and Season +-1,Karim El Eraki,,Match Date Filter Said 0,False
199,1278,228,1375,"Olympics, 2020",07-25-2021,Egypt vs Argentina,2021,Egypt,EG,Amar Hamdy,True,Failed Using Name Looking at Season and Season +-1,Amar Hamdy,,Match Date Filter Said 0,False
200,1279,229,1375,"Olympics, 2020",07-25-2021,Egypt vs Argentina,2021,Egypt,EG,Salah Mohsen,True,Failed Using Name Looking at Season and Season +-1,Salah Mohsen,,Match Date Filter Said 0,False
201,1280,230,1375,"Olympics, 2020",07-25-2021,Egypt vs Argentina,2021,Argentina,AR,Ezequiel Barco,True,Failed Using Name Looking at Season and Season +-1,Ezequiel Barco,,Match Date Filter Said 0,False
202,1281,231,1376,"Olympics, 2020",07-25-2021,Australia vs Spain,2021,Australia,AU,Daniel Arzani,True,Failed Using Name Looking at Season and Season +-1,Daniel Arzani,,Match Date Filter Said 0,False
203,1282,232,1377,"Olympics, 2020",07-28-2021,Australia vs Egypt,2021,Australia,AU,Dylan Pierias,True,Failed Using Name Looking at Season and Season +-1,Dylan Pierias,,Match Date Filter Said 0,False
204,1283,233,1377,"Olympics, 2020",07-28-2021,Australia vs Egypt,2021,Egypt,EG,Karim El Eraki,True,Failed Using Name Looking at Season and Season +-1,Karim El Eraki,,Match Date Filter Said 0,False
205,1284,234,1377,"Olympics, 2020",07-28-2021,Australia vs Egypt,2021,Egypt,EG,Salah Mohsen,True,Failed Using Name Looking at Season and Season +-1,Salah Mohsen,,Match Date Filter Said 0,False
206,1285,235,1378,"Olympics, 2020",07-28-2021,Spain vs Argentina,2021,Argentina,AR,Marcelo Herrera,True,Failed Using Name Looking at Season and Season +-1,Marcelo Herrera,,Match Date Filter Said 0,False
207,1286,236,1378,"Olympics, 2020",07-28-2021,Spain vs Argentina,2021,Argentina,AR,Agustín Urzi,True,Failed Using Name Looking at Season and Season +-1,Agustín Urzi,,Match Date Filter Said 0,False
208,1287,237,1378,"Olympics, 2020",07-28-2021,Spain vs Argentina,2021,Argentina,AR,Ezequiel Barco,True,Failed Using Name Looking at Season and Season +-1,Ezequiel Barco,,Match Date Filter Said 0,False
209,1288,238,1382,"Olympics, 2020",07-25-2021,Saudi Arabia vs Germany,2021,Saudi Arabia,SA,Ayman Al-Khulaif,True,Failed Using Name Looking at Season and Season +-1,Ayman Al-Khulaif,,Match Date Filter Said 0,False
210,1289,239,1385,"Olympics, 2020",07-31-2021,Spain vs Ivory Coast,2021,Ivory Coast,CI,Cheick Timité,True,Failed Using Name Looking at Season and Season +-1,Cheick Timite,,Match Date Filter Said 0,False
211,1290,240,1386,"Olympics, 2020",07-31-2021,Japan vs New Zealand,2021,Japan,JP,Daichi Hayashi,True,Failed Using Name Looking at Season and Season +-1,Daichi Hayashi,,Match Date Filter Said 0,False
212,1291,241,1387,"Olympics, 2020",07-31-2021,Brazil vs Egypt,2021,Egypt,EG,Karim El Eraki,True,Failed Using Name Looking at Season and Season +-1,Karim El Eraki,,Match Date Filter Said 0,False
213,1292,242,1387,"Olympics, 2020",07-31-2021,Brazil vs Egypt,2021,Egypt,EG,Amar Hamdy,True,Failed Using Name Looking at Season and Season +-1,Amar Hamdy,,Match Date Filter Said 0,False
214,1293,243,1388,"Olympics, 2020",07-31-2021,South Korea vs Mexico,2021,South Korea,KR,Kim Dong-hyun,True,Failed Using Name Looking at Season and Season +-1,Kim Dong-hyun,,Match Date Filter Said 0,False
215,1294,244,1390,"Olympics, 2020",08-03-2021,Japan vs Spain,2021,Japan,JP,Daichi Hayashi,True,Failed Using Name Looking at Season and Season +-1,Daichi Hayashi,,Match Date Filter Said 0,False
216,1295,245,1391,"Olympics, 2020",08-06-2021,Mexico vs Japan,2021,Japan,JP,Daichi Hayashi,True,Failed Using Name Looking at Season and Season +-1,Daichi Hayashi,,Match Date Filter Said 0,False
217,1545,495,11,"U-20 World Cup, 2015",10.06.15,Ukraine U-20 vs Senegal U-20,2015,Ukraine U-20,UA,Kacharaba,True,Failed Using Name Looking at Season and Season +-1,Taras Kacharaba,,Match Date Filter Said 0,False
218,1546,496,11,"U-20 World Cup, 2015",10.06.15,Ukraine U-20 vs Senegal U-20,2015,Ukraine U-20,UA,Polehenko,True,Failed Using Name Looking at Season and Season +-1,Polehenko,,Match Date Filter Said 0,False
219,1547,497,11,"U-20 World Cup, 2015",10.06.15,Ukraine U-20 vs Senegal U-20,2015,Ukraine U-20,UA,Kharatin,True,Failed Using Name Looking at Season and Season +-1,Igor Kharatin,,Match Date Filter Said 0,False
220,1548,498,16,"U-20 World Cup, 2015",30.05.15,New Zealand U-20 vs Ukraine U-20,2015,Ukraine U-20,UA,Kacharaba,True,Failed Using Name Looking at Season and Season +-1,Taras Kacharaba,,Match Date Filter Said 0,False
221,1549,499,16,"U-20 World Cup, 2015",30.05.15,New Zealand U-20 vs Ukraine U-20,2015,Ukraine U-20,UA,Polehenko,True,Failed Using Name Looking at Season and Season +-1,Polehenko,,Match Date Filter Said 0,False
222,1550,500,16,"U-20 World Cup, 2015",30.05.15,New Zealand U-20 vs Ukraine U-20,2015,Ukraine U-20,UA,Kharatin,True,Failed Using Name Looking at Season and Season +-1,Igor Kharatin,,Match Date Filter Said 0,False
223,1551,501,16,"U-20 World Cup, 2015",30.05.15,New Zealand U-20 vs Ukraine U-20,2015,Ukraine U-20,UA,Tankovskyi,True,Failed Using Name Looking at Season and Season +-1,Vyacheslav Tankovskyi,,Match Date Filter Said 0,False
224,1552,502,18,"U-20 World Cup, 2015",02.06.15,Myanmar U-20 vs Ukraine U-20,2015,Ukraine U-20,UA,Kacharaba,True,Failed Using Name Looking at Season and Season +-1,Taras Kacharaba,,Match Date Filter Said 0,False
225,1553,503,18,"U-20 World Cup, 2015",02.06.15,Myanmar U-20 vs Ukraine U-20,2015,Ukraine U-20,UA,Polehenko,True,Failed Using Name Looking at Season and Season +-1,Polehenko,,Match Date Filter Said 0,False
226,1554,504,18,"U-20 World Cup, 2015",02.06.15,Myanmar U-20 vs Ukraine U-20,2015,Ukraine U-20,UA,Yaremchuk,True,Failed Using Name Looking at Season and Season +-1,Roman Yaremchuk,,Match Date Filter Said 0,False
227,1555,505,21,"U-20 World Cup, 2015",05.06.15,Ukraine U-20 vs United States U-20,2015,Ukraine U-20,UA,Kacharaba,True,Failed Using Name Looking at Season and Season +-1,Taras Kacharaba,,Match Date Filter Said 0,False
228,1556,506,21,"U-20 World Cup, 2015",05.06.15,Ukraine U-20 vs United States U-20,2015,Ukraine U-20,UA,Polehenko,True,Failed Using Name Looking at Season and Season +-1,Polehenko,,Match Date Filter Said 0,False
229,1557,507,21,"U-20 World Cup, 2015",05.06.15,Ukraine U-20 vs United States U-20,2015,Ukraine U-20,UA,Kharatin,True,Failed Using Name Looking at Season and Season +-1,Igor Kharatin,,Match Date Filter Said 0,False
230,1558,508,53,U-20 World Cup 2019,14.06.19,Italy U-20 vs Ecuador U-20,2019,Italy U-20,IT,Sa Esposito,True,Failed Using Name Looking at Season and Season +-1,Salvatore Esposito,,Match Date Filter Said 0,False
231,1559,509,54,U-20 World Cup 2019,11.06.19,Ukraine U-20 vs Italy U-20,2019,Italy U-20,IT,Frattesi,True,Failed Using Name Looking at Season and Season +-1,Davide Frattesi,,Match Date Filter Said 0,False
232,1560,510,54,U-20 World Cup 2019,11.06.19,Ukraine U-20 vs Italy U-20,2019,Italy U-20,IT,Sa Esposito,True,Failed Using Name Looking at Season and Season +-1,Salvatore Esposito,,Match Date Filter Said 0,False
233,1561,511,57,U-20 World Cup 2019,07.06.19,Italy U-20 vs Mali U-20,2019,Italy U-20,IT,Frattesi,True,Failed Using Name Looking at Season and Season +-1,Davide Frattesi,,Match Date Filter Said 0,False
234,1562,512,57,U-20 World Cup 2019,07.06.19,Italy U-20 vs Mali U-20,2019,Italy U-20,IT,Sa Esposito,True,Failed Using Name Looking at Season and Season +-1,Salvatore Esposito,,Match Date Filter Said 0,False
235,1563,513,59,U-20 World Cup 2019,08.06.19,South Korea U-20 vs Senegal U-20,2019,Senegal U-20,SN,A Ciss,True,Failed Using Name Looking at Season and Season +-1,Amadou Ciss,,Match Date Filter Said 0,False
236,2080,477,1328,"Olympics, 2016",08-04-2016,Iraq vs Denmark,2016,Denmark,DK,Edigeison Gomes,True,Lookup Required,0,,Match Date Filter Said 0,False
237,2081,478,1328,"Olympics, 2016",08-04-2016,Iraq vs Denmark,2016,Denmark,DK,Jakob Blåbjerg,True,Lookup Required,0,,Match Date Filter Said 0,False
238,2082,479,1328,"Olympics, 2016",08-04-2016,Iraq vs Denmark,2016,Denmark,DK,Pascal Gregor,True,Lookup Required,0,,Match Date Filter Said 0,False
239,2083,480,1329,"Olympics, 2016",08-04-2016,Brazil vs South Africa,2016,Brazil,BR,Zeca,True,Lookup Required,0,,Match Date Filter Said 0,False
240,2084,481,1330,"Olympics, 2016",08-07-2016,Denmark vs South Africa,2016,Denmark,DK,Edigeison Gomes,True,Lookup Required,0,,Match Date Filter Said 0,False
241,2085,482,1330,"Olympics, 2016",08-07-2016,Denmark vs South Africa,2016,Denmark,DK,Jakob Blåbjerg,True,Lookup Required,0,,Match Date Filter Said 0,False
242,2086,483,1330,"Olympics, 2016",08-07-2016,Denmark vs South Africa,2016,Denmark,DK,Pascal Gregor,True,Lookup Required,0,,Match Date Filter Said 0,False
243,2087,484,1331,"Olympics, 2016",08-07-2016,Brazil vs Iraq,2016,Brazil,BR,Zeca,True,Lookup Required,0,,Match Date Filter Said 0,False
244,2088,485,1332,"Olympics, 2016",08-10-2016,Denmark vs Brazil,2016,Denmark,DK,Edigeison Gomes,True,Lookup Required,0,,Match Date Filter Said 0,False
245,2089,486,1332,"Olympics, 2016",08-10-2016,Denmark vs Brazil,2016,Denmark,DK,Jakob Blåbjerg,True,Lookup Required,0,,Match Date Filter Said 0,False
246,2090,487,1332,"Olympics, 2016",08-10-2016,Denmark vs Brazil,2016,Denmark,DK,Pascal Gregor,True,Lookup Required,0,,Match Date Filter Said 0,False
247,2091,488,1332,"Olympics, 2016",08-10-2016,Denmark vs Brazil,2016,Brazil,BR,Zeca,True,Lookup Required,0,,Match Date Filter Said 0,False
248,2092,489,1339,"Olympics, 2016",08-10-2016,Colombia vs Nigeria,2016,Nigeria,NG,Popoola Saliu,True,Lookup Required,0,,Match Date Filter Said 0,False
249,2093,490,1341,"Olympics, 2016",08-04-2016,Fiji vs South Korea,2016,South Korea,KR,Lee Seul-chan,True,Lookup Required,0,,Match Date Filter Said 0,False
250,2094,491,1341,"Olympics, 2016",08-04-2016,Fiji vs South Korea,2016,South Korea,KR,Choi Kyu-baek,True,Lookup Required,0,,Match Date Filter Said 0,False
251,2095,492,1341,"Olympics, 2016",08-04-2016,Fiji vs South Korea,2016,South Korea,KR,Moon Chang-jin,True,Lookup Required,0,,Match Date Filter Said 0,False
252,2096,493,1343,"Olympics, 2016",08-07-2016,Germany vs South Korea,2016,South Korea,KR,Lee Seul-chan,True,Lookup Required,0,,Match Date Filter Said 0,False
253,2097,494,1343,"Olympics, 2016",08-07-2016,Germany vs South Korea,2016,South Korea,KR,Choi Kyu-baek,True,Lookup Required,0,,Match Date Filter Said 0,False
254,2098,495,1343,"Olympics, 2016",08-07-2016,Germany vs South Korea,2016,South Korea,KR,Moon Chang-jin,True,Lookup Required,0,,Match Date Filter Said 0,False
255,2099,496,1345,"Olympics, 2016",08-10-2016,South Korea vs Mexico,2016,South Korea,KR,Lee Seul-chan,True,Lookup Required,0,,Match Date Filter Said 0,False
256,2100,497,1346,"Olympics, 2016",08-04-2016,Honduras vs Algeria,2016,Algeria,DZ,Ryad Kenniche,True,Lookup Required,0,,Match Date Filter Said 0,False
257,2101,498,1347,"Olympics, 2016",08-04-2016,Portugal vs Argentina,2016,Argentina,AR,Alexis Soto,True,Lookup Required,0,,Match Date Filter Said 0,False
258,2102,499,1349,"Olympics, 2016",08-07-2016,Argentina vs Algeria,2016,Argentina,AR,Alexis Soto,True,Lookup Required,0,,Match Date Filter Said 0,False
259,2103,500,1350,"Olympics, 2016",08-10-2016,Argentina vs Honduras,2016,Argentina,AR,Alexis Soto,True,Lookup Required,0,,Match Date Filter Said 0,False
260,2104,501,1351,"Olympics, 2016",08-10-2016,Algeria vs Portugal,2016,Algeria,DZ,Miloud Rebiaï,True,Lookup Required,0,,Match Date Filter Said 0,False
261,2105,502,1351,"Olympics, 2016",08-10-2016,Algeria vs Portugal,2016,Portugal,PT,Carlos Mané,True,Lookup Required,0,,Match Date Filter Said 0,False
262,2106,503,1352,"Olympics, 2016",08-13-2016,Portugal vs Germany,2016,Portugal,PT,Carlos Mané,True,Lookup Required,0,,Match Date Filter Said 0,False
263,2107,504,1353,"Olympics, 2016",08-13-2016,Nigeria vs Denmark,2016,Nigeria,NG,Muenfuh Sincere,True,Lookup Required,0,,Match Date Filter Said 0,False
264,2108,505,1353,"Olympics, 2016",08-13-2016,Nigeria vs Denmark,2016,Denmark,DK,Edigeison Gomes,True,Lookup Required,0,,Match Date Filter Said 0,False
265,2109,506,1353,"Olympics, 2016",08-13-2016,Nigeria vs Denmark,2016,Denmark,DK,Jakob Blåbjerg,True,Lookup Required,0,,Match Date Filter Said 0,False
266,2110,507,1353,"Olympics, 2016",08-13-2016,Nigeria vs Denmark,2016,Denmark,DK,Pascal Gregor,True,Lookup Required,0,,Match Date Filter Said 0,False
267,2111,508,1354,"Olympics, 2016",08-13-2016,South Korea vs Honduras,2016,South Korea,KR,Lee Seul-chan,True,Lookup Required,0,,Match Date Filter Said 0,False
268,2112,509,1354,"Olympics, 2016",08-13-2016,South Korea vs Honduras,2016,South Korea,KR,Moon Chang-jin,True,Lookup Required,0,,Match Date Filter Said 0,False
269,2113,510,1355,"Olympics, 2016",08-13-2016,Brazil vs Colombia,2016,Brazil,BR,Zeca,True,Lookup Required,0,,Match Date Filter Said 0,False
270,2114,511,1356,"Olympics, 2016",08-17-2016,Brazil vs Honduras,2016,Brazil,BR,Zeca,True,Lookup Required,0,,Match Date Filter Said 0,False
271,2115,512,1357,"Olympics, 2016",08-17-2016,Nigeria vs Germany,2016,Nigeria,NG,Muenfuh Sincere,True,Lookup Required,0,,Match Date Filter Said 0,False
272,2116,513,1358,"Olympics, 2016",08-20-2016,Honduras vs Nigeria,2016,Nigeria,NG,Muenfuh Sincere,True,Lookup Required,0,,Match Date Filter Said 0,False
273,2117,514,1359,"Olympics, 2016",08-20-2016,Brazil vs Germany,2016,Brazil,BR,Zeca,True,Lookup Required,0,,Match Date Filter Said 0,False
274,2187,584,1367,"Olympics, 2020",07-22-2021,New Zealand vs South Korea,2021,New Zealand,NZ,Gianni Stensness,True,Lookup Required,0,,Match Date Filter Said 0,False
275,2188,585,1367,"Olympics, 2020",07-22-2021,New Zealand vs South Korea,2021,South Korea,KR,Kang Yoon-sung,True,Lookup Required,0,,Match Date Filter Said 0,False
276,2189,586,1368,"Olympics, 2020",07-22-2021,Honduras vs Romania,2021,Romania,RO,Marco Dulca,True,Lookup Required,0,,Match Date Filter Said 0,False
277,2190,587,1369,"Olympics, 2020",07-25-2021,New Zealand vs Honduras,2021,New Zealand,NZ,Gianni Stensness,True,Lookup Required,0,,Match Date Filter Said 0,False
278,2191,588,1370,"Olympics, 2020",07-25-2021,Romania vs South Korea,2021,Romania,RO,Marco Dulca,True,Lookup Required,0,,Match Date Filter Said 0,False
279,2192,589,1370,"Olympics, 2020",07-25-2021,Romania vs South Korea,2021,Romania,RO,Radu Boboc,True,Lookup Required,0,,Match Date Filter Said 0,False
280,2193,590,1370,"Olympics, 2020",07-25-2021,Romania vs South Korea,2021,South Korea,KR,Kang Yoon-sung,True,Lookup Required,0,,Match Date Filter Said 0,False
281,2194,591,1370,"Olympics, 2020",07-25-2021,Romania vs South Korea,2021,South Korea,KR,Jeong Seung-won,True,Lookup Required,0,,Match Date Filter Said 0,False
282,2195,592,1371,"Olympics, 2020",07-28-2021,Romania vs New Zealand,2021,Romania,RO,Marco Dulca,True,Lookup Required,0,,Match Date Filter Said 0,False
283,2196,593,1371,"Olympics, 2020",07-28-2021,Romania vs New Zealand,2021,Romania,RO,Eduard Florescu,True,Lookup Required,0,,Match Date Filter Said 0,False
284,2197,594,1371,"Olympics, 2020",07-28-2021,Romania vs New Zealand,2021,New Zealand,NZ,Gianni Stensness,True,Lookup Required,0,,Match Date Filter Said 0,False
285,2198,595,1372,"Olympics, 2020",07-28-2021,South Korea vs Honduras,2021,South Korea,KR,Kang Yoon-sung,True,Lookup Required,0,,Match Date Filter Said 0,False
286,2199,596,1374,"Olympics, 2020",07-22-2021,Argentina vs Australia,2021,Argentina,AR,Jeremías Ledesma,True,Lookup Required,0,,Match Date Filter Said 0,False
287,2200,597,1374,"Olympics, 2020",07-22-2021,Argentina vs Australia,2021,Argentina,AR,Fausto Vera,True,Lookup Required,0,,Match Date Filter Said 0,False
288,2201,598,1374,"Olympics, 2020",07-22-2021,Argentina vs Australia,2021,Australia,AU,Lachlan Wales,True,Lookup Required,0,,Match Date Filter Said 0,False
289,2202,599,1375,"Olympics, 2020",07-25-2021,Egypt vs Argentina,2021,Argentina,AR,Jeremías Ledesma,True,Lookup Required,0,,Match Date Filter Said 0,False
290,2203,600,1375,"Olympics, 2020",07-25-2021,Egypt vs Argentina,2021,Argentina,AR,Claudio Bravo,True,Lookup Required,0,,Match Date Filter Said 0,False
291,2204,601,1375,"Olympics, 2020",07-25-2021,Egypt vs Argentina,2021,Argentina,AR,Fausto Vera,True,Lookup Required,0,,Match Date Filter Said 0,False
292,2205,602,1375,"Olympics, 2020",07-25-2021,Egypt vs Argentina,2021,Argentina,AR,Pedro de la Vega,True,Lookup Required,0,,Match Date Filter Said 0,False
293,2206,603,1376,"Olympics, 2020",07-25-2021,Australia vs Spain,2021,Australia,AU,Lachlan Wales,True,Lookup Required,0,,Match Date Filter Said 0,False
294,2207,604,1377,"Olympics, 2020",07-28-2021,Australia vs Egypt,2021,Australia,AU,Lachlan Wales,True,Lookup Required,0,,Match Date Filter Said 0,False
295,2208,605,1378,"Olympics, 2020",07-28-2021,Spain vs Argentina,2021,Argentina,AR,Jeremías Ledesma,True,Lookup Required,0,,Match Date Filter Said 0,False
296,2209,606,1378,"Olympics, 2020",07-28-2021,Spain vs Argentina,2021,Argentina,AR,Claudio Bravo,True,Lookup Required,0,,Match Date Filter Said 0,False
297,2210,607,1378,"Olympics, 2020",07-28-2021,Spain vs Argentina,2021,Argentina,AR,Fausto Vera,True,Lookup Required,0,,Match Date Filter Said 0,False
298,2211,608,1378,"Olympics, 2020",07-28-2021,Spain vs Argentina,2021,Argentina,AR,Tomás Belmonte,True,Lookup Required,0,,Match Date Filter Said 0,False
299,2212,609,1381,"Olympics, 2020",07-25-2021,Brazil vs Ivory Coast,2021,Ivory Coast,CI,Youssouf Dao,True,Lookup Required,0,,Match Date Filter Said 0,False
300,2213,610,1384,"Olympics, 2020",07-28-2021,Germany vs Ivory Coast,2021,Ivory Coast,CI,Youssouf Dao,True,Lookup Required,0,,Match Date Filter Said 0,False
301,2214,611,1385,"Olympics, 2020",07-31-2021,Spain vs Ivory Coast,2021,Ivory Coast,CI,Youssouf Dao,True,Lookup Required,0,,Match Date Filter Said 0,False
302,2215,612,1386,"Olympics, 2020",07-31-2021,Japan vs New Zealand,2021,New Zealand,NZ,Gianni Stensness,True,Lookup Required,0,,Match Date Filter Said 0,False
303,2216,613,1388,"Olympics, 2020",07-31-2021,South Korea vs Mexico,2021,South Korea,KR,Kang Yoon-sung,True,Lookup Required,0,,Match Date Filter Said 0,False
304,3387,1784,11,"U-20 World Cup, 2015",10.06.15,Ukraine U-20 vs Senegal U-20,2015,Ukraine U-20,UA,Y Chumak,True,Lookup Required,0,,Match Date Filter Said 0,False
305,3388,1785,11,"U-20 World Cup, 2015",10.06.15,Ukraine U-20 vs Senegal U-20,2015,Ukraine U-20,UA,Luchkevych,True,Lookup Required,0,,Match Date Filter Said 0,False
306,3389,1786,11,"U-20 World Cup, 2015",10.06.15,Ukraine U-20 vs Senegal U-20,2015,Ukraine U-20,UA,Kabayev,True,Lookup Required,0,,Match Date Filter Said 0,False
307,3390,1787,11,"U-20 World Cup, 2015",10.06.15,Ukraine U-20 vs Senegal U-20,2015,Ukraine U-20,UA,Habelok,True,Lookup Required,0,,Match Date Filter Said 0,False
308,3391,1788,16,"U-20 World Cup, 2015",30.05.15,New Zealand U-20 vs Ukraine U-20,2015,Ukraine U-20,UA,Y Chumak,True,Lookup Required,0,,Match Date Filter Said 0,False
309,3392,1789,16,"U-20 World Cup, 2015",30.05.15,New Zealand U-20 vs Ukraine U-20,2015,Ukraine U-20,UA,Kabayev,True,Lookup Required,0,,Match Date Filter Said 0,False
310,3393,1790,16,"U-20 World Cup, 2015",30.05.15,New Zealand U-20 vs Ukraine U-20,2015,Ukraine U-20,UA,Tatarkov,True,Lookup Required,0,,Match Date Filter Said 0,False
311,3394,1791,18,"U-20 World Cup, 2015",02.06.15,Myanmar U-20 vs Ukraine U-20,2015,Ukraine U-20,UA,Y Chumak,True,Lookup Required,0,,Match Date Filter Said 0,False
312,3395,1792,18,"U-20 World Cup, 2015",02.06.15,Myanmar U-20 vs Ukraine U-20,2015,Ukraine U-20,UA,Kabayev,True,Lookup Required,0,,Match Date Filter Said 0,False
313,3396,1793,18,"U-20 World Cup, 2015",02.06.15,Myanmar U-20 vs Ukraine U-20,2015,Ukraine U-20,UA,Tatarkov,True,Lookup Required,0,,Match Date Filter Said 0,False
314,3397,1794,18,"U-20 World Cup, 2015",02.06.15,Myanmar U-20 vs Ukraine U-20,2015,Ukraine U-20,UA,Luchkevych,True,Lookup Required,0,,Match Date Filter Said 0,False
315,3398,1795,21,"U-20 World Cup, 2015",05.06.15,Ukraine U-20 vs United States U-20,2015,Ukraine U-20,UA,Y Chumak,True,Lookup Required,0,,Match Date Filter Said 0,False
316,3399,1796,21,"U-20 World Cup, 2015",05.06.15,Ukraine U-20 vs United States U-20,2015,Ukraine U-20,UA,Luchkevych,True,Lookup Required,0,,Match Date Filter Said 0,False
317,3400,1797,21,"U-20 World Cup, 2015",05.06.15,Ukraine U-20 vs United States U-20,2015,Ukraine U-20,UA,Kabayev,True,Lookup Required,0,,Match Date Filter Said 0,False
318,3401,1798,21,"U-20 World Cup, 2015",05.06.15,Ukraine U-20 vs United States U-20,2015,Ukraine U-20,UA,Habelok,True,Lookup Required,0,,Match Date Filter Said 0,False
319,3402,1799,21,"U-20 World Cup, 2015",05.06.15,Ukraine U-20 vs United States U-20,2015,United States U-20,US,Zelalem,True,Lookup Required,0,,Match Date Filter Said 0,False
320,3403,1800,52,U-20 World Cup 2019,15.06.19,Ukraine U-20 vs South Korea U-20,2019,Ukraine U-20,UA,Safronov,True,Lookup Required,0,,Match Date Filter Said 0,False
321,3404,1801,52,U-20 World Cup 2019,15.06.19,Ukraine U-20 vs South Korea U-20,2019,Ukraine U-20,UA,Beskorovaynyi,True,Lookup Required,0,,Match Date Filter Said 0,False
322,3405,1802,52,U-20 World Cup 2019,15.06.19,Ukraine U-20 vs South Korea U-20,2019,Ukraine U-20,UA,Khakhlov,True,Lookup Required,0,,Match Date Filter Said 0,False
323,3406,1803,52,U-20 World Cup 2019,15.06.19,Ukraine U-20 vs South Korea U-20,2019,Ukraine U-20,UA,Dryshlyuk,True,Lookup Required,0,,Match Date Filter Said 0,False
324,3407,1804,52,U-20 World Cup 2019,15.06.19,Ukraine U-20 vs South Korea U-20,2019,Ukraine U-20,UA,Tsitaishvili,True,Lookup Required,0,,Match Date Filter Said 0,False
325,3408,1805,52,U-20 World Cup 2019,15.06.19,Ukraine U-20 vs South Korea U-20,2019,Ukraine U-20,UA,Supriaha,True,Lookup Required,0,,Match Date Filter Said 0,False
326,3409,1806,52,U-20 World Cup 2019,15.06.19,Ukraine U-20 vs South Korea U-20,2019,South Korea U-20,KR,ë,True,Lookup Required,0,,Match Date Filter Said 0,False
327,3410,1807,53,U-20 World Cup 2019,14.06.19,Italy U-20 vs Ecuador U-20,2019,Italy U-20,IT,Candela,True,Lookup Required,0,,Match Date Filter Said 0,False
328,3411,1808,53,U-20 World Cup 2019,14.06.19,Italy U-20 vs Ecuador U-20,2019,Italy U-20,IT,Del Prato,True,Lookup Required,0,,Match Date Filter Said 0,False
329,3412,1809,53,U-20 World Cup 2019,14.06.19,Italy U-20 vs Ecuador U-20,2019,Italy U-20,IT,Bettella,True,Lookup Required,0,,Match Date Filter Said 0,False
330,3413,1810,53,U-20 World Cup 2019,14.06.19,Italy U-20 vs Ecuador U-20,2019,Italy U-20,IT,Ranieri,True,Lookup Required,0,,Match Date Filter Said 0,False
331,3414,1811,53,U-20 World Cup 2019,14.06.19,Italy U-20 vs Ecuador U-20,2019,Italy U-20,IT,Alberico,True,Lookup Required,0,,Match Date Filter Said 0,False
332,3415,1812,53,U-20 World Cup 2019,14.06.19,Italy U-20 vs Ecuador U-20,2019,Italy U-20,IT,Gori,True,Lookup Required,0,,Match Date Filter Said 0,False
333,3416,1813,54,U-20 World Cup 2019,11.06.19,Ukraine U-20 vs Italy U-20,2019,Ukraine U-20,UA,Beskorovaynyi,True,Lookup Required,0,,Match Date Filter Said 0,False
334,3417,1814,54,U-20 World Cup 2019,11.06.19,Ukraine U-20 vs Italy U-20,2019,Ukraine U-20,UA,M Chekh,True,Lookup Required,0,,Match Date Filter Said 0,False
335,3418,1815,54,U-20 World Cup 2019,11.06.19,Ukraine U-20 vs Italy U-20,2019,Ukraine U-20,UA,Dryshlyuk,True,Lookup Required,0,,Match Date Filter Said 0,False
336,3419,1816,54,U-20 World Cup 2019,11.06.19,Ukraine U-20 vs Italy U-20,2019,Ukraine U-20,UA,Kashchuk,True,Lookup Required,0,,Match Date Filter Said 0,False
337,3420,1817,54,U-20 World Cup 2019,11.06.19,Ukraine U-20 vs Italy U-20,2019,Italy U-20,IT,Plizzari,True,Lookup Required,0,,Match Date Filter Said 0,False
338,3421,1818,54,U-20 World Cup 2019,11.06.19,Ukraine U-20 vs Italy U-20,2019,Italy U-20,IT,Bellanova,True,Lookup Required,0,,Match Date Filter Said 0,False
339,3422,1819,54,U-20 World Cup 2019,11.06.19,Ukraine U-20 vs Italy U-20,2019,Italy U-20,IT,Del Prato,True,Lookup Required,0,,Match Date Filter Said 0,False
340,3423,1820,54,U-20 World Cup 2019,11.06.19,Ukraine U-20 vs Italy U-20,2019,Italy U-20,IT,Ranieri,True,Lookup Required,0,,Match Date Filter Said 0,False
341,3424,1821,56,U-20 World Cup 2019,07.06.19,Colombia U-20 vs Ukraine U-20,2019,Ukraine U-20,UA,Kucheruk,True,Lookup Required,0,,Match Date Filter Said 0,False
342,3425,1822,56,U-20 World Cup 2019,07.06.19,Colombia U-20 vs Ukraine U-20,2019,Ukraine U-20,UA,Beskorovaynyi,True,Lookup Required,0,,Match Date Filter Said 0,False
343,3426,1823,56,U-20 World Cup 2019,07.06.19,Colombia U-20 vs Ukraine U-20,2019,Ukraine U-20,UA,M Chekh,True,Lookup Required,0,,Match Date Filter Said 0,False
344,3427,1824,56,U-20 World Cup 2019,07.06.19,Colombia U-20 vs Ukraine U-20,2019,Ukraine U-20,UA,Dryshlyuk,True,Lookup Required,0,,Match Date Filter Said 0,False
345,3428,1825,56,U-20 World Cup 2019,07.06.19,Colombia U-20 vs Ukraine U-20,2019,Ukraine U-20,UA,Kashchuk,True,Lookup Required,0,,Match Date Filter Said 0,False
346,3429,1826,57,U-20 World Cup 2019,07.06.19,Italy U-20 vs Mali U-20,2019,Italy U-20,IT,Plizzari,True,Lookup Required,0,,Match Date Filter Said 0,False
347,3430,1827,57,U-20 World Cup 2019,07.06.19,Italy U-20 vs Mali U-20,2019,Italy U-20,IT,Bellanova,True,Lookup Required,0,,Match Date Filter Said 0,False
348,3431,1828,57,U-20 World Cup 2019,07.06.19,Italy U-20 vs Mali U-20,2019,Italy U-20,IT,Del Prato,True,Lookup Required,0,,Match Date Filter Said 0,False
349,3432,1829,57,U-20 World Cup 2019,07.06.19,Italy U-20 vs Mali U-20,2019,Italy U-20,IT,Ranieri,True,Lookup Required,0,,Match Date Filter Said 0,False
350,3433,1830,59,U-20 World Cup 2019,08.06.19,South Korea U-20 vs Senegal U-20,2019,Senegal U-20,SN,Niane,True,Lookup Required,0,,Match Date Filter Said 0,False
351,3434,1831,63,U-20 World Cup 2019,03.06.19,Ukraine U-20 vs Panama U-20,2019,Ukraine U-20,UA,Beskorovaynyi,True,Lookup Required,0,,Match Date Filter Said 0,False
352,3435,1832,63,U-20 World Cup 2019,03.06.19,Ukraine U-20 vs Panama U-20,2019,Ukraine U-20,UA,M Chekh,True,Lookup Required,0,,Match Date Filter Said 0,False
353,3436,1833,63,U-20 World Cup 2019,03.06.19,Ukraine U-20 vs Panama U-20,2019,Ukraine U-20,UA,Dryshlyuk,True,Lookup Required,0,,Match Date Filter Said 0,False
354,3437,1834,63,U-20 World Cup 2019,03.06.19,Ukraine U-20 vs Panama U-20,2019,Ukraine U-20,UA,Tsitaishvili,True,Lookup Required,0,,Match Date Filter Said 0,False
355,3438,1835,87,U-20 World Cup 2019,24.05.19,Ukraine U-20 vs United States U-20,2019,Ukraine U-20,UA,Beskorovaynyi,True,Lookup Required,0,,Match Date Filter Said 0,False
356,3439,1836,87,U-20 World Cup 2019,24.05.19,Ukraine U-20 vs United States U-20,2019,Ukraine U-20,UA,Khakhlov,True,Lookup Required,0,,Match Date Filter Said 0,False
357,3440,1837,87,U-20 World Cup 2019,24.05.19,Ukraine U-20 vs United States U-20,2019,Ukraine U-20,UA,Musolitin,True,Lookup Required,0,,Match Date Filter Said 0,False
358,3441,1838,87,U-20 World Cup 2019,24.05.19,Ukraine U-20 vs United States U-20,2019,Ukraine U-20,UA,Tsitaishvili,True,Lookup Required,0,,Match Date Filter Said 0,False
359,3442,1839,87,U-20 World Cup 2019,24.05.19,Ukraine U-20 vs United States U-20,2019,Ukraine U-20,UA,Supriaha,True,Lookup Required,0,,Match Date Filter Said 0,False
360,3443,1840,88,U-20 World Cup 2019,27.05.19,Qatar U-20 vs Ukraine U-20,2019,Qatar U-20,QA,Lunin Andriy,True,Lookup Required,0,,Match Date Filter Said 0,False
361,3444,1841,88,U-20 World Cup 2019,27.05.19,Qatar U-20 vs Ukraine U-20,2019,Qatar U-20,QA,V Bondar,True,Lookup Required,0,,Match Date Filter Said 0,False
362,3445,1842,88,U-20 World Cup 2019,27.05.19,Qatar U-20 vs Ukraine U-20,2019,Qatar U-20,QA,D Popov,True,Lookup Required,0,,Match Date Filter Said 0,False
363,3446,1843,88,U-20 World Cup 2019,27.05.19,Qatar U-20 vs Ukraine U-20,2019,Qatar U-20,QA,Beskorovaynyi,True,Lookup Required,0,,Match Date Filter Said 0,False
364,3447,1844,88,U-20 World Cup 2019,27.05.19,Qatar U-20 vs Ukraine U-20,2019,Qatar U-20,QA,Konoplya,True,Lookup Required,0,,Match Date Filter Said 0,False
365,3448,1845,88,U-20 World Cup 2019,27.05.19,Qatar U-20 vs Ukraine U-20,2019,Qatar U-20,QA,Khakhlov,True,Lookup Required,0,,Match Date Filter Said 0,False
366,3449,1846,88,U-20 World Cup 2019,27.05.19,Qatar U-20 vs Ukraine U-20,2019,Qatar U-20,QA,V Korniienko,True,Lookup Required,0,,Match Date Filter Said 0,False
367,3450,1847,88,U-20 World Cup 2019,27.05.19,Qatar U-20 vs Ukraine U-20,2019,Qatar U-20,QA,Buletsa,True,Lookup Required,0,,Match Date Filter Said 0,False
368,3451,1848,88,U-20 World Cup 2019,27.05.19,Qatar U-20 vs Ukraine U-20,2019,Qatar U-20,QA,Musolitin,True,Lookup Required,0,,Match Date Filter Said 0,False
369,3452,1849,88,U-20 World Cup 2019,27.05.19,Qatar U-20 vs Ukraine U-20,2019,Qatar U-20,QA,Tsitaishvili,True,Lookup Required,0,,Match Date Filter Said 0,False
370,3453,1850,88,U-20 World Cup 2019,27.05.19,Qatar U-20 vs Ukraine U-20,2019,Qatar U-20,QA,Supriaha,True,Lookup Required,0,,Match Date Filter Said 0,False
371,3454,1851,91,U-20 World Cup 2019,30.05.19,Nigeria U-20 vs Ukraine U-20,2019,Nigeria U-20,NG,Lunin Andriy,True,Lookup Required,0,,Match Date Filter Said 0,False
372,3455,1852,91,U-20 World Cup 2019,30.05.19,Nigeria U-20 vs Ukraine U-20,2019,Nigeria U-20,NG,V Bondar,True,Lookup Required,0,,Match Date Filter Said 0,False
373,3456,1853,91,U-20 World Cup 2019,30.05.19,Nigeria U-20 vs Ukraine U-20,2019,Nigeria U-20,NG,Safronov,True,Lookup Required,0,,Match Date Filter Said 0,False
374,3457,1854,91,U-20 World Cup 2019,30.05.19,Nigeria U-20 vs Ukraine U-20,2019,Nigeria U-20,NG,D Popov,True,Lookup Required,0,,Match Date Filter Said 0,False
375,3458,1855,91,U-20 World Cup 2019,30.05.19,Nigeria U-20 vs Ukraine U-20,2019,Nigeria U-20,NG,Beskorovaynyi,True,Lookup Required,0,,Match Date Filter Said 0,False
376,3459,1856,91,U-20 World Cup 2019,30.05.19,Nigeria U-20 vs Ukraine U-20,2019,Nigeria U-20,NG,Snurnitsyn,True,Lookup Required,0,,Match Date Filter Said 0,False
377,3460,1857,91,U-20 World Cup 2019,30.05.19,Nigeria U-20 vs Ukraine U-20,2019,Nigeria U-20,NG,M Chekh,True,Lookup Required,0,,Match Date Filter Said 0,False
378,3461,1858,91,U-20 World Cup 2019,30.05.19,Nigeria U-20 vs Ukraine U-20,2019,Nigeria U-20,NG,Dryshlyuk,True,Lookup Required,0,,Match Date Filter Said 0,False
379,3462,1859,91,U-20 World Cup 2019,30.05.19,Nigeria U-20 vs Ukraine U-20,2019,Nigeria U-20,NG,Sikan,True,Lookup Required,0,,Match Date Filter Said 0,False
380,3463,1860,91,U-20 World Cup 2019,30.05.19,Nigeria U-20 vs Ukraine U-20,2019,Nigeria U-20,NG,Ustymenko,True,Lookup Required,0,,Match Date Filter Said 0,False
381,3464,1861,91,U-20 World Cup 2019,30.05.19,Nigeria U-20 vs Ukraine U-20,2019,Nigeria U-20,NG,Kashchuk,True,Lookup Required,0,,Match Date Filter Said 0,False
