,Match ID,Match,Date,Competition,Nationality,Country Code,ORIGINAL JERSEY,Names_Found,Season,Status
0,4197,Panama vs Canada,30-Mar-22,"World Cup 2022, Qualifiers, CONCACAF",Panama,PA,Rodríguez,,2022,Success
1,3195,Armenia vs Montenegro,11-11-2016,"World Cup Qualifiers, Europe, 2018",Armenia,AM,A Grigoryan,['Artak Grigoryan'],2016,Success
2,3202,Kosovo vs Iceland,24-03-2017,"World Cup Qualifiers, Europe, 2018",Kosovo,XK,B Berisha,['Besart Berisha'],2017,Success
3,3202,Kosovo vs Iceland,24-03-2017,"World Cup Qualifiers, Europe, 2018",Iceland,IS,H Halldórsson,['Hilmar Árni Halldórsson'],2017,Success
4,3206,Republic of Ireland vs Denmark,14-11-2017,"World Cup Qualifiers, Europe, 2018",Denmark,DK,J Stryger Larsen,['Jens Stryger Larsen'],2017,Success
5,3207,Slovenia vs Scotland,08-10-2017,"World Cup Qualifiers, Europe, 2018",Slovenia,SI,A Struna,['Aljaz Struna'],2017,Success
6,3209,Israel vs Spain,09-10-2017,"World Cup Qualifiers, Europe, 2018",Israel,IL,A Cohen,Almog Cohen,2017,Success
7,3217,Scotland vs Denmark,15-11-2021,"World Cup Qualifiers, Europe, 2022",Denmark,DK,J Bruun Larsen,['Jacob Bruun Larsen'],2021,Success
8,3221,Norway vs Montenegro,11-10-2021,"World Cup Qualifiers, Europe, 2022",Norway,NO,M Pedersen,['Marcus Pedersen'],2021,Success
9,3226,Israel vs Faroe Islands,15-11-2021,"World Cup Qualifiers, Europe, 2022",Israel,IL,D Peretz,Dor Peretz,2021,Success
10,3228,Luxembourg vs Azerbaijan,01-09-2021,"World Cup Qualifiers, Europe, 2022",Luxembourg,LU,C Martins,['Christopher Martins Pereira'],2021,Success
11,3228,Luxembourg vs Azerbaijan,01-09-2021,"World Cup Qualifiers, Europe, 2022",Luxembourg,LU,D Sinani,Danel Sinani,2021,Success
12,3231,Latvia vs Norway,04-09-2021,"World Cup Qualifiers, Europe, 2022",Norway,NO,M Pedersen,['Marcus Pedersen'],2021,Success
13,3233,Armenia vs Iceland,28-03-2021,"World Cup Qualifiers, Europe, 2022",Armenia,AM,A Grigoryan,Artak Grigoryan,2021,Success
14,3746,Mexico vs United States,08-07-2019,"Gold Cup, 2019",Mexico,MX,E Álvarez,Edson Álvarez,2019,Success
15,3749,Mexico vs Costa Rica,30-06-2019,"Gold Cup, 2019",Mexico,MX,E Álvarez,Edson Álvarez,2019,Success
16,3753,Costa Rica vs Canada,26-07-2021,"Gold Cup, 2021",Costa Rica,CR,J Venegas,Johan Venegas,2021,Success
17,3754,United States vs Jamaica,26-07-2021,"Gold Cup, 2021",Jamaica,JM,D Williams,Devon Williams,2021,Success
18,3756,United States vs Mexico,02-08-2021,"Gold Cup, 2021",Mexico,MX,E Álvarez,Edson Álvarez,2021,Success
19,3757,Mexico vs Honduras,25-07-2021,"Gold Cup, 2021",Mexico,MX,E Álvarez,Edson Álvarez,2021,Success
20,3758,Honduras vs Grenada,14-07-2021,"Gold Cup, 2021",Grenada,GD,R Charles-Cook,['Regan Charles-Cook'],2021,Success
21,3758,Honduras vs Grenada,14-07-2021,"Gold Cup, 2021",Grenada,GD,J Charles,Jamal Charles,2021,Success
22,3759,Suriname vs Costa Rica,17-07-2021,"Gold Cup, 2021",Costa Rica,CR,J Venegas,Johan Venegas,2021,Success
23,3762,Grenada vs Qatar,18-07-2021,"Gold Cup, 2021",Grenada,GD,R Charles-Cook,['Regan Charles-Cook'],2021,Success
24,3763,Panama vs Grenada,21-07-2021,"Gold Cup, 2021",Grenada,GD,R Charles-Cook,['Regan Charles-Cook'],2021,Success
25,3764,Mexico vs Canada,30-07-2021,"Gold Cup, 2021",Mexico,MX,E Álvarez,Edson Álvarez,2021,Success
26,3765,Mexico vs Trinidad and Tobago,11-07-2021,"Gold Cup, 2021",Mexico,MX,E Álvarez,"['Edson Álvarez', 'Efraín Álvarez']",2021,Multi
27,3765,Mexico vs Trinidad and Tobago,11-07-2021,"Gold Cup, 2021",Trinidad and Tobago,TT,J Williams,Jesse Williams,2021,Success
28,3769,Mexico vs El Salvador,19-07-2021,"Gold Cup, 2021",Mexico,MX,E Álvarez,Edson Álvarez,2021,Success
29,3770,Guatemala vs Mexico,15-07-2021,"Gold Cup, 2021",Guatemala,GT,O Santis,[],2021,Success
30,3770,Guatemala vs Mexico,15-07-2021,"Gold Cup, 2021",Mexico,MX,E Álvarez,"['Edson Álvarez', 'Efraín Álvarez']",2021,Multi
31,3771,Guatemala vs Trinidad and Tobago,19-07-2021,"Gold Cup, 2021",Guatemala,GT,O Santis,[],2021,Success
32,3771,Guatemala vs Trinidad and Tobago,19-07-2021,"Gold Cup, 2021",Trinidad and Tobago,TT,J Williams,Jesse Williams,2021,Success
33,3780,Costa Rica vs Jamaica,21-07-2021,"Gold Cup, 2021",Jamaica,JM,D Williams,Devon Williams,2021,Success
34,3784,Panama vs El Salvador,05-07-2023,"Gold Cup, 2023",El Salvador,SV,M González,['Mario González'],2023,Success
35,1112,Wales vs Belgium,01.07.16,Euros 2016,Wales,WA,Davies,Ben Davies,2016,Success
36,1112,Wales vs Belgium,01.07.16,Euros 2016,Belgium,BE,Hazard,Eden Hazard,2016,Success
37,1114,France vs Iceland,03.07.16,Euros 2016,Iceland,IS,Halldórsson,Hannes Thór Halldórsson,2016,Success
38,1114,France vs Iceland,03.07.16,Euros 2016,Iceland,IS,B Bjarnason,['Birkir Bjarnason'],2016,Success
39,1114,France vs Iceland,03.07.16,Euros 2016,Iceland,IS,Arnason,"['Aron Bjarnason', 'Arnór Smárason', 'Aron Gunnarsson']",2016,Fail
40,1114,France vs Iceland,03.07.16,Euros 2016,Iceland,IS,Gudmundsson,Jóhann Berg Gudmundsson,2016,Success
41,1114,France vs Iceland,03.07.16,Euros 2016,Iceland,IS,Bodvarsson,Jón Dadi Bödvarsson,2016,Success
42,1116,Wales vs Northern Ireland,25.06.16,Euros 2016,Wales,WA,Davies,Ben Davies,2016,Success
43,1116,Wales vs Northern Ireland,25.06.16,Euros 2016,Northern Ireland, NI,Mc Govern,[],2016,Success
44,1116,Wales vs Northern Ireland,25.06.16,Euros 2016,Northern Ireland, NI,Hughes,['Aaron Hughes'],2016,Success
45,1120,Hungary vs Belgium,26.06.16,Euros 2016,Hungary,HU,Ádám Nagy,['Ádám Nagy'],2016,Success
46,1120,Hungary vs Belgium,26.06.16,Euros 2016,Belgium,BE,Hazard,Eden Hazard,2016,Success
47,1122,England vs Iceland,27.06.16,Euros 2016,Iceland,IS,Halldórsson,Hannes Thór Halldórsson,2016,Success
48,1122,England vs Iceland,27.06.16,Euros 2016,Iceland,IS,B Bjarnason,['Birkir Bjarnason'],2016,Success
49,1122,England vs Iceland,27.06.16,Euros 2016,Iceland,IS,Arnason,"['Aron Bjarnason', 'Arnór Smárason', 'Aron Gunnarsson']",2016,Fail
50,1122,England vs Iceland,27.06.16,Euros 2016,Iceland,IS,Gudmundsson,Jóhann Berg Gudmundsson,2016,Success
51,1122,England vs Iceland,27.06.16,Euros 2016,Iceland,IS,Bodvarsson,Jón Dadi Bödvarsson,2016,Success
52,1123,France vs Romania,10.06.16,Euros 2016,Romania,RO,Popa,['Adrian Popa'],2016,Success
53,1127,Romania vs Albania,19.06.16,Euros 2016,Romania,RO,Popa,['Adrian Popa'],2016,Success
54,1127,Romania vs Albania,19.06.16,Euros 2016,Albania,AL,Basha,['Migjen Basha'],2016,Success
55,1129,Wales vs Slovakia,11.06.16,Euros 2016,Wales,WA,Davies,Ben Davies,2016,Success
56,1132,England vs Wales,16.06.16,Euros 2016,Wales,WA,Davies,Ben Davies,2016,Success
57,1133,Russia vs Wales,20.06.16,Euros 2016,Wales,WA,Davies,Ben Davies,2016,Success
58,1134,Slovakia vs England,20.06.16,Euros 2016,England,EN,Henderson,['Jordan Henderson'],2016,Success
59,1135,Poland vs Northern Ireland,12.06.16,Euros 2016,Northern Ireland, NI,Mc Govern,[],2016,Success
60,1135,Poland vs Northern Ireland,12.06.16,Euros 2016,Northern Ireland, NI,Mc Laughlin,[],2016,Success
61,1137,Ukraine vs Northern Ireland,16.06.16,Euros 2016,Northern Ireland, NI,Mc Govern,[],2016,Success
62,1137,Ukraine vs Northern Ireland,16.06.16,Euros 2016,Northern Ireland, NI,Hughes,['Aaron Hughes'],2016,Success
63,1140,Northern Ireland vs Germany,21.06.16,Euros 2016,Northern Ireland, NI,Mc Govern,[],2016,Success
64,1140,Northern Ireland vs Germany,21.06.16,Euros 2016,Northern Ireland, NI,Hughes,['Aaron Hughes'],2016,Success
65,1147,Ireland vs Sweden,13.06.16,Euros 2016,Sweden,SE,S Larsson,Sebastian Larsson,2016,Success
66,1148,Belgium vs Italy,13.06.16,Euros 2016,Belgium,BE,Hazard,Eden Hazard,2016,Success
67,1149,Italy vs Sweden,17.06.16,Euros 2016,Sweden,SE,S Larsson,Sebastian Larsson,2016,Success
68,1149,Italy vs Sweden,17.06.16,Euros 2016,Sweden,SE,Ekdal,['Albin Ekdal'],2016,Success
69,1150,Belgium vs Ireland,18.06.16,Euros 2016,Belgium,BE,Hazard,Eden Hazard,2016,Success
70,1152,Sweden vs Belgium,22.06.16,Euros 2016,Sweden,SE,S Larsson,Sebastian Larsson,2016,Success
71,1152,Sweden vs Belgium,22.06.16,Euros 2016,Sweden,SE,Ekdal,['Albin Ekdal'],2016,Success
72,1152,Sweden vs Belgium,22.06.16,Euros 2016,Belgium,BE,Hazard,Eden Hazard,2016,Success
73,1153,Austria vs Hungary,14.06.16,Euros 2016,Hungary,HU,Ádám Nagy,['Ádám Nagy'],2016,Success
74,1153,Austria vs Hungary,14.06.16,Euros 2016,Hungary,HU,Németh,['Krisztián Németh'],2016,Success
75,1154,Portugal vs Iceland,14.06.16,Euros 2016,Iceland,IS,Halldórsson,Hannes Thór Halldórsson,2016,Success
76,1154,Portugal vs Iceland,14.06.16,Euros 2016,Iceland,IS,B Bjarnason,['Birkir Bjarnason'],2016,Success
77,1154,Portugal vs Iceland,14.06.16,Euros 2016,Iceland,IS,Arnason,"['Aron Bjarnason', 'Arnór Smárason', 'Aron Gunnarsson']",2016,Fail
78,1154,Portugal vs Iceland,14.06.16,Euros 2016,Iceland,IS,Gudmundsson,Jóhann Berg Gudmundsson,2016,Success
79,1154,Portugal vs Iceland,14.06.16,Euros 2016,Iceland,IS,Bodvarsson,Jón Dadi Bödvarsson,2016,Success
80,1155,Iceland vs Hungary,18.06.16,Euros 2016,Iceland,IS,Halldórsson,Hannes Thór Halldórsson,2016,Success
81,1155,Iceland vs Hungary,18.06.16,Euros 2016,Iceland,IS,B Bjarnason,['Birkir Bjarnason'],2016,Success
82,1155,Iceland vs Hungary,18.06.16,Euros 2016,Iceland,IS,Arnason,"['Aron Bjarnason', 'Arnór Smárason', 'Aron Gunnarsson']",2016,Fail
83,1155,Iceland vs Hungary,18.06.16,Euros 2016,Iceland,IS,Gudmundsson,Jóhann Berg Gudmundsson,2016,Success
84,1155,Iceland vs Hungary,18.06.16,Euros 2016,Iceland,IS,Bodvarsson,Jón Dadi Bödvarsson,2016,Success
85,1155,Iceland vs Hungary,18.06.16,Euros 2016,Hungary,HU,Ádám Nagy,['Ádám Nagy'],2016,Success
86,1157,Iceland vs Austria,22.06.16,Euros 2016,Iceland,IS,Halldórsson,Hannes Thór Halldórsson,2016,Success
87,1157,Iceland vs Austria,22.06.16,Euros 2016,Iceland,IS,B Bjarnason,['Birkir Bjarnason'],2016,Success
88,1157,Iceland vs Austria,22.06.16,Euros 2016,Iceland,IS,Arnason,"['Aron Bjarnason', 'Arnór Smárason', 'Aron Gunnarsson']",2016,Fail
89,1157,Iceland vs Austria,22.06.16,Euros 2016,Iceland,IS,Gudmundsson,Jóhann Berg Gudmundsson,2016,Success
90,1157,Iceland vs Austria,22.06.16,Euros 2016,Iceland,IS,Bodvarsson,Jón Dadi Bödvarsson,2016,Success
91,2276,United Arab Emirates vs Saudi Arabia,29-08-2017,"World Cup Qualifiers, Asia, 2018",United Arab Emirates,AE,Tariq Al Hammadi,['Mahmoud Al Hammadi'],2017,Success
92,2282,India vs Oman,11-06-2015,"World Cup Qualifiers, Asia, 2018",India,IN,R Singh,Robin Singh,2015,Success
93,2283,South Korea vs Uzbekistan,15-11-2016,"World Cup Qualifiers, Asia, 2018",South Korea,KR,Kim Seung-Gyu,['Seung-gyu Kim'],2016,Success
94,2289,India vs Iran,08-09-2015,"World Cup Qualifiers, Asia, 2018",India,IN,R Singh,Robin Singh,2015,Success
95,2289,India vs Iran,08-09-2015,"World Cup Qualifiers, Asia, 2018",Iran,IR,J Hosseini,['Seyed Jalal Hosseini'],2015,Success
96,2290,Iran vs Oman,29-03-2016,"World Cup Qualifiers, Asia, 2018",Iran,IR,J Hosseini,['Seyed Jalal Hosseini'],2016,Success
97,2297,South Korea vs Syria,28-03-2017,"World Cup Qualifiers, Asia, 2018",South Korea,KR,Hong Jeong-Ho,['Jeong-ho Hong'],2017,Success
98,2308,Thailand vs Iraq,08-09-2015,"World Cup Qualifiers, Asia, 2018",Iraq,IQ,S Saeed,['Sameh Saeed'],2015,Success
99,2310,Lebanon vs South Korea,8-9-2015,"World Cup Qualifiers, Asia, 2018",South Korea,KR,Kim Seung-Gyu,['Seung-gyu Kim'],2015,Success
100,2311,India vs Guam,12-11-2015,"World Cup Qualifiers, Asia, 2018",India,IN,R Singh,Robin Singh,2015,Success
101,2319,Saudi Arabia vs United Arab Emirates,11-10-2016,"World Cup Qualifiers, Asia, 2018",United Arab Emirates,AE,Tariq Al Hammadi,['Mahmoud Al Hammadi'],2016,Success
102,2321,Japan vs Cambodia,03-09-2015,"World Cup Qualifiers, Asia, 2018",Japan,JP,Y Muto,['Yuki Muto'],2015,Success
103,2322,Myanmar vs South Korea,16-06-2015,"World Cup Qualifiers, Asia, 2018",South Korea,KR,Kim Seung-Gyu,['Seung-gyu Kim'],2015,Success
104,2323,Iran vs South Korea,11-10-2016,"World Cup Qualifiers, Asia, 2018",Iran,IR,J Hosseini,['Seyed Jalal Hosseini'],2016,Success
105,2323,Iran vs South Korea,11-10-2016,"World Cup Qualifiers, Asia, 2018",South Korea,KR,Kim Seung-Gyu,['Seung-gyu Kim'],2016,Success
106,2325,Syria vs South Korea,6-9-2016,"World Cup Qualifiers, Asia, 2018",South Korea,KR,Kim Seung-Gyu,['Seung-gyu Kim'],2016,Success
107,656,Lithuania vs Portugal,10.09.19,"Euros 2020, Qualifiers",Lithuania,LT,Andriuškevičius,['Vytautas Andriuskevicius'],2019,Success
108,657,Luxembourg vs Serbia,10.09.19,"Euros 2020, Qualifiers",Luxembourg,LU,Sinani,['Danel Sinani'],2019,Success
109,657,Luxembourg vs Serbia,10.09.19,"Euros 2020, Qualifiers",Luxembourg,LU,Rodrigues,['Gerson Rodrigues'],2019,Success
110,657,Luxembourg vs Serbia,10.09.19,"Euros 2020, Qualifiers",Serbia,RS,Lukic,Sasa Lukic,2019,Success
111,658,Portugal vs Luxembourg,11.10.19,"Euros 2020, Qualifiers",Luxembourg,LU,Rodrigues,['Gerson Rodrigues'],2019,Success
112,659,Ukraine vs Lithuania,11.10.19,"Euros 2020, Qualifiers",Ukraine,UA,Malynovskyi,['Ruslan Malinovskyi'],2019,Success
113,659,Ukraine vs Lithuania,11.10.19,"Euros 2020, Qualifiers",Lithuania,LT,Andriuškevičius,['Vytautas Andriuskevicius'],2019,Success
114,660,Ukraine vs Portugal,14.10.19,"Euros 2020, Qualifiers",Ukraine,UA,Malynovskyi,['Ruslan Malinovskyi'],2019,Success
115,661,Lithuania vs Serbia,14.10.19,"Euros 2020, Qualifiers",Serbia,RS,Milenković,Nikola Milenkovic,2019,Success
116,662,Portugal vs Lithuania,14.11.19,"Euros 2020, Qualifiers",Lithuania,LT,Andriuškevičius,['Vytautas Andriuskevicius'],2019,Success
117,663,Serbia vs Luxembourg,14.11.19,"Euros 2020, Qualifiers",Serbia,RS,Milenković,Nikola Milenkovic,2019,Success
118,663,Serbia vs Luxembourg,14.11.19,"Euros 2020, Qualifiers",Luxembourg,LU,Rodrigues,['Gerson Rodrigues'],2019,Success
119,664,Serbia vs Ukraine,17.11.19,"Euros 2020, Qualifiers",Serbia,RS,Milenković,Nikola Milenkovic,2019,Success
120,664,Serbia vs Ukraine,17.11.19,"Euros 2020, Qualifiers",Ukraine,UA,Malynovskyi,['Ruslan Malinovskyi'],2019,Success
121,665,Luxembourg vs Portugal,17.11.19,"Euros 2020, Qualifiers",Luxembourg,LU,Rodrigues,['Gerson Rodrigues'],2019,Success
122,666,Netherlands vs Belarus,21.03.19,"Euros 2020, Qualifiers",Netherlands,NL,de Jong,Frenkie de Jong,2019,Success
123,667,Northern Ireland vs Estonia,21.03.19,"Euros 2020, Qualifiers",Estonia,EE,Anier,['Henri Anier'],2019,Success
124,667,Northern Ireland vs Estonia,21.03.19,"Euros 2020, Qualifiers",Estonia,EE,Ojamaa,Henrik Ojamaa,2019,Success
125,667,Northern Ireland vs Estonia,21.03.19,"Euros 2020, Qualifiers",Estonia,EE,Tamm,['Joonas Tamm'],2019,Success
126,668,Netherlands vs Germany,24.03.19,"Euros 2020, Qualifiers",Netherlands,NL,de Jong,"['Luuk de Jong', 'Frenkie de Jong']",2019,Multi
127,670,Estonia vs Northern Ireland,08.06.19,"Euros 2020, Qualifiers",Estonia,EE,Anier,['Henri Anier'],2019,Success
128,672,Germany vs Estonia,11.06.19,"Euros 2020, Qualifiers",Estonia,EE,Tamm,['Joonas Tamm'],2019,Success
129,674,Estonia vs Belarus,06.09.19,"Euros 2020, Qualifiers",Estonia,EE,Ojamaa,Henrik Ojamaa,2019,Success
130,674,Estonia vs Belarus,06.09.19,"Euros 2020, Qualifiers",Estonia,EE,Tamm,['Joonas Tamm'],2019,Success
131,675,Germany vs Netherlands,06.09.19,"Euros 2020, Qualifiers",Netherlands,NL,de Jong,"['Luuk de Jong', 'Frenkie de Jong']",2019,Multi
132,677,Estonia vs Netherlands,09.09.19,"Euros 2020, Qualifiers",Estonia,EE,Ojamaa,Henrik Ojamaa,2019,Success
133,677,Estonia vs Netherlands,09.09.19,"Euros 2020, Qualifiers",Estonia,EE,Tamm,['Joonas Tamm'],2019,Success
134,677,Estonia vs Netherlands,09.09.19,"Euros 2020, Qualifiers",Netherlands,NL,de Jong,"['Luuk de Jong', 'Frenkie de Jong']",2019,Multi
135,678,Belarus vs Estonia,10.10.19,"Euros 2020, Qualifiers",Estonia,EE,Ojamaa,Henrik Ojamaa,2019,Success
136,679,Netherlands vs Northern Ireland,10.10.19,"Euros 2020, Qualifiers",Netherlands,NL,de Jong,"['Luuk de Jong', 'Frenkie de Jong']",2019,Multi
137,680,Belarus vs Netherlands,13.10.19,"Euros 2020, Qualifiers",Netherlands,NL,de Jong,"['Luuk de Jong', 'Frenkie de Jong']",2019,Multi
138,681,Estonia vs Germany,13.10.19,"Euros 2020, Qualifiers",Estonia,EE,Tamm,['Joonas Tamm'],2019,Success
139,683,Northern Ireland vs Netherlands,16.11.19,"Euros 2020, Qualifiers",Netherlands,NL,de Jong,"['Luuk de Jong', 'Frenkie de Jong']",2019,Multi
140,684,Netherlands vs Estonia,19.11.19,"Euros 2020, Qualifiers",Netherlands,NL,de Jong,"['Luuk de Jong', 'Frenkie de Jong']",2019,Multi
141,684,Netherlands vs Estonia,19.11.19,"Euros 2020, Qualifiers",Estonia,EE,Ojamaa,Henrik Ojamaa,2019,Success
142,684,Netherlands vs Estonia,19.11.19,"Euros 2020, Qualifiers",Estonia,EE,Tamm,['Joonas Tamm'],2019,Success
143,687,Gibraltar vs Ireland,23.03.19,"Euros 2020, Qualifiers",Gibraltar,GI,Casciaro,Lee Casciaro,2019,Success
144,688,Switzerland vs Denmark,26.03.19,"Euros 2020, Qualifiers",Denmark,DK,J Larsen,Jens Stryger Larsen,2019,Success
145,690,Georgia vs Gibraltar,07.06.19,"Euros 2020, Qualifiers",Gibraltar,GI,Casciaro,Lee Casciaro,2019,Success
146,691,Denmark vs Ireland,07.06.19,"Euros 2020, Qualifiers",Denmark,DK,J Larsen,Jens Stryger Larsen,2019,Success
147,692,Denmark vs Georgia,10.06.19,"Euros 2020, Qualifiers",Denmark,DK,J Larsen,Jens Stryger Larsen,2019,Success
148,693,Ireland vs Gibraltar,10.06.19,"Euros 2020, Qualifiers",Gibraltar,GI,Casciaro,Lee Casciaro,2019,Success
149,695,Gibraltar vs Denmark,05.09.19,"Euros 2020, Qualifiers",Denmark,DK,J Larsen,Jens Stryger Larsen,2019,Success
150,697,Georgia vs Denmark,08.09.19,"Euros 2020, Qualifiers",Denmark,DK,J Larsen,Jens Stryger Larsen,2019,Success
151,699,Denmark vs Switzerland,12.10.19,"Euros 2020, Qualifiers",Denmark,DK,J Larsen,Jens Stryger Larsen,2019,Success
152,701,Gibraltar vs Georgia,15.10.19,"Euros 2020, Qualifiers",Gibraltar,GI,Casciaro,Lee Casciaro,2019,Success
153,703,Denmark vs Gibraltar,15.11.19,"Euros 2020, Qualifiers",Denmark,DK,J Larsen,Jens Stryger Larsen,2019,Success
154,703,Denmark vs Gibraltar,15.11.19,"Euros 2020, Qualifiers",Gibraltar,GI,Casciaro,Lee Casciaro,2019,Success
155,704,Ireland vs Denmark,18.11.19,"Euros 2020, Qualifiers",Denmark,DK,J Larsen,Jens Stryger Larsen,2019,Success
156,705,Gibraltar vs Switzerland,18.11.19,"Euros 2020, Qualifiers",Gibraltar,GI,Casciaro,Lee Casciaro,2019,Success
157,4094,British Virgin Islands vs Guatemala,27-Mar-21,"World Cup 2022, Qualifiers, CONCACAF",Guatemala,GT,Hernández,Moisés Hernández,2021,Success
158,4094,British Virgin Islands vs Guatemala,27-Mar-21,"World Cup 2022, Qualifiers, CONCACAF",Guatemala,GT,López,Antonio López,2021,Success
159,4096,Dominica vs Panama,28-Mar-21,"World Cup 2022, Qualifiers, CONCACAF",Panama,PA,Mosquera,['Orlando Mosquera'],2021,Success
160,158,Germany vs Argentina,13.07.14,World Cup 2014,Argentina,AR,Romero,['Sergio Romero'],2014,Success
161,161,Netherlands vs Argentina,09.07.14,World Cup 2014,Netherlands,NL,de Jong,Nigel de Jong,2014,Success
162,161,Netherlands vs Argentina,09.07.14,World Cup 2014,Argentina,AR,Romero,['Sergio Romero'],2014,Success
163,163,Brazil vs Colombia,04.07.14,World Cup 2014,Colombia,CO,Cuadrado,Juan Cuadrado,2014,Success
164,164,Argentina vs Belgium,05.07.14,World Cup 2014,Argentina,AR,Romero,['Sergio Romero'],2014,Success
165,164,Argentina vs Belgium,05.07.14,World Cup 2014,Belgium,BE,Hazard,Eden Hazard,2014,Success
166,165,Netherlands vs Costa Rica,05.07.14,World Cup 2014,Costa Rica,CR,Gamboa,['Cristian Gamboa'],2014,Success
167,165,Netherlands vs Costa Rica,05.07.14,World Cup 2014,Costa Rica,CR,Ruiz,Bryan Ruiz,2014,Success
168,166,Brazil vs Chile,28.06.14,World Cup 2014,Chile,CL,Bravo,['Claudio Bravo'],2014,Success
169,166,Brazil vs Chile,28.06.14,World Cup 2014,Chile,CL,Jara,Gonzalo Jara,2014,Success
170,166,Brazil vs Chile,28.06.14,World Cup 2014,Chile,CL,Medel,Gary Medel,2014,Success
171,166,Brazil vs Chile,28.06.14,World Cup 2014,Chile,CL,Vargas,Eduardo Vargas,2014,Success
172,167,Colombia vs Uruguay,28.06.14,World Cup 2014,Colombia,CO,Cuadrado,Juan Cuadrado,2014,Success
173,167,Colombia vs Uruguay,28.06.14,World Cup 2014,Uruguay,UY,Cáceres,['Martín Cáceres'],2014,Success
174,168,Netherlands vs Mexico,29.06.14,World Cup 2014,Netherlands,NL,de Jong,Nigel de Jong,2014,Success
175,168,Netherlands vs Mexico,29.06.14,World Cup 2014,Mexico,MX,Ochoa,['Guillermo Ochoa'],2014,Success
176,169,Costa Rica vs Greece,29.06.14,World Cup 2014,Costa Rica,CR,Gamboa,['Cristian Gamboa'],2014,Success
177,169,Costa Rica vs Greece,29.06.14,World Cup 2014,Costa Rica,CR,Ruiz,Bryan Ruiz,2014,Success
178,172,Argentina vs Switzerland,01.07.14,World Cup 2014,Argentina,AR,Romero,['Sergio Romero'],2014,Success
179,173,Belgium vs United States,01.07.14,World Cup 2014,Belgium,BE,Hazard,Eden Hazard,2014,Success
180,173,Belgium vs United States,01.07.14,World Cup 2014,United States,US,Jones,['Jermaine Jones'],2014,Success
181,175,Mexico vs Cameroon,13.06.14,World Cup 2014,Mexico,MX,Ochoa,['Guillermo Ochoa'],2014,Success
182,176,Brazil vs Mexico,17.06.14,World Cup 2014,Mexico,MX,Ochoa,['Guillermo Ochoa'],2014,Success
183,179,Croatia vs Mexico,23.06.14,World Cup 2014,Mexico,MX,Ochoa,['Guillermo Ochoa'],2014,Success
184,180,Spain vs Netherlands,13.06.14,World Cup 2014,Netherlands,NL,de Jong,Nigel de Jong,2014,Success
185,181,Chile vs Australia,14.06.14,World Cup 2014,Chile,CL,Bravo,['Claudio Bravo'],2014,Success
186,181,Chile vs Australia,14.06.14,World Cup 2014,Chile,CL,Jara,Gonzalo Jara,2014,Success
187,181,Chile vs Australia,14.06.14,World Cup 2014,Chile,CL,Medel,Gary Medel,2014,Success
188,181,Chile vs Australia,14.06.14,World Cup 2014,Chile,CL,Vargas,Eduardo Vargas,2014,Success
189,182,Australia vs Netherlands,18.06.14,World Cup 2014,Australia,AU,Mc Gowan,[],2014,Success
190,182,Australia vs Netherlands,18.06.14,World Cup 2014,Netherlands,NL,de Jong,Nigel de Jong,2014,Success
191,183,Spain vs Chile,18.06.14,World Cup 2014,Chile,CL,Bravo,['Claudio Bravo'],2014,Success
192,183,Spain vs Chile,18.06.14,World Cup 2014,Chile,CL,Jara,Gonzalo Jara,2014,Success
193,183,Spain vs Chile,18.06.14,World Cup 2014,Chile,CL,Medel,Gary Medel,2014,Success
194,183,Spain vs Chile,18.06.14,World Cup 2014,Chile,CL,Vargas,Eduardo Vargas,2014,Success
195,184,Australia vs Spain,23.06.14,World Cup 2014,Australia,AU,Mc Gowan,[],2014,Success
196,185,Netherlands vs Chile,23.06.14,World Cup 2014,Netherlands,NL,de Jong,Nigel de Jong,2014,Success
197,185,Netherlands vs Chile,23.06.14,World Cup 2014,Chile,CL,Bravo,['Claudio Bravo'],2014,Success
198,185,Netherlands vs Chile,23.06.14,World Cup 2014,Chile,CL,Jara,Gonzalo Jara,2014,Success
199,185,Netherlands vs Chile,23.06.14,World Cup 2014,Chile,CL,Medel,Gary Medel,2014,Success
200,185,Netherlands vs Chile,23.06.14,World Cup 2014,Chile,CL,Vargas,Eduardo Vargas,2014,Success
201,186,Colombia vs Greece,14.06.14,World Cup 2014,Colombia,CO,Cuadrado,Juan Cuadrado,2014,Success
202,188,Colombia vs Ivory Coast,19.06.14,World Cup 2014,Colombia,CO,Cuadrado,Juan Cuadrado,2014,Success
203,190,Japan vs Colombia,24.06.14,World Cup 2014,Colombia,CO,Cuadrado,Juan Cuadrado,2014,Success
204,190,Japan vs Colombia,24.06.14,World Cup 2014,Colombia,CO,Balanta,Éder Balanta,2014,Success
205,192,Uruguay vs Costa Rica,14.06.14,World Cup 2014,Uruguay,UY,Cáceres,['Martín Cáceres'],2014,Success
206,192,Uruguay vs Costa Rica,14.06.14,World Cup 2014,Costa Rica,CR,Gamboa,['Cristian Gamboa'],2014,Success
207,192,Uruguay vs Costa Rica,14.06.14,World Cup 2014,Costa Rica,CR,Ruiz,Bryan Ruiz,2014,Success
208,193,England vs Italy,15.06.14,World Cup 2014,England,EN,Henderson,['Jordan Henderson'],2014,Success
209,194,Uruguay vs England,19.06.14,World Cup 2014,Uruguay,UY,Cáceres,['Martín Cáceres'],2014,Success
210,194,Uruguay vs England,19.06.14,World Cup 2014,England,EN,Henderson,['Jordan Henderson'],2014,Success
211,195,Italy vs Costa Rica,20.06.14,World Cup 2014,Costa Rica,CR,Gamboa,['Cristian Gamboa'],2014,Success
212,195,Italy vs Costa Rica,20.06.14,World Cup 2014,Costa Rica,CR,Ruiz,Bryan Ruiz,2014,Success
213,196,Italy vs Uruguay,24.06.14,World Cup 2014,Uruguay,UY,Cáceres,['Martín Cáceres'],2014,Success
214,197,Costa Rica vs England,24.06.14,World Cup 2014,Costa Rica,CR,Gamboa,['Cristian Gamboa'],2014,Success
215,197,Costa Rica vs England,24.06.14,World Cup 2014,Costa Rica,CR,Ruiz,Bryan Ruiz,2014,Success
216,199,France vs Honduras,15.06.14,World Cup 2014,Honduras,HN,Figueroa,Maynor Figueroa,2014,Success
217,201,Honduras vs Ecuador,21.06.14,World Cup 2014,Honduras,HN,Figueroa,Maynor Figueroa,2014,Success
218,202,Honduras vs Switzerland,25.06.14,World Cup 2014,Honduras,HN,Figueroa,Maynor Figueroa,2014,Success
219,204,Argentina vs Bosnia-Herzegovina,16.06.14,World Cup 2014,Argentina,AR,Romero,['Sergio Romero'],2014,Success
220,204,Argentina vs Bosnia-Herzegovina,16.06.14,World Cup 2014,Bosnia-Herzegovina,BA,Mujdza,['Mensur Mujdza'],2014,Success
221,206,Argentina vs Iran,21.06.14,World Cup 2014,Argentina,AR,Romero,['Sergio Romero'],2014,Success
222,207,Nigeria vs Bosnia-Herzegovina,22.06.14,World Cup 2014,Bosnia-Herzegovina,BA,Mujdza,['Mensur Mujdza'],2014,Success
223,208,Nigeria vs Argentina,25.06.14,World Cup 2014,Argentina,AR,Romero,['Sergio Romero'],2014,Success
224,209,Bosnia-Herzegovina vs Iran,25.06.14,World Cup 2014,Bosnia-Herzegovina,BA,Ibisevic,['Vedad Ibisevic'],2014,Success
225,211,Ghana vs United States,17.06.14,World Cup 2014,United States,US,Jones,['Jermaine Jones'],2014,Success
226,213,United States vs Portugal,23.06.14,World Cup 2014,United States,US,Jones,['Jermaine Jones'],2014,Success
227,214,United States vs Germany,26.06.14,World Cup 2014,United States,US,Jones,['Jermaine Jones'],2014,Success
228,216,Belgium vs Algeria,17.06.14,World Cup 2014,Belgium,BE,Hazard,Eden Hazard,2014,Success
229,218,Belgium vs Russia,22.06.14,World Cup 2014,Belgium,BE,Hazard,Eden Hazard,2014,Success
230,219,South Korea vs Algeria,22.06.14,World Cup 2014,South Korea,KR,Lee Yong,['Yong Lee'],2014,Success
231,219,South Korea vs Algeria,22.06.14,World Cup 2014,South Korea,KR,Hong Jeong-Ho,['Jeong-ho Hong'],2014,Success
232,219,South Korea vs Algeria,22.06.14,World Cup 2014,South Korea,KR,Ki Sungyueng,[],2014,Success
233,219,South Korea vs Algeria,22.06.14,World Cup 2014,Algeria,DZ,Brahimi,['Yacine Brahimi'],2014,Success
234,220,South Korea vs Belgium,26.06.14,World Cup 2014,South Korea,KR,Kim Seunggyu,"['Seung-gyu Kim', 'Seung-gyu Han']",2014,Fail
235,220,South Korea vs Belgium,26.06.14,World Cup 2014,South Korea,KR,Lee Yong,['Yong Lee'],2014,Success
236,220,South Korea vs Belgium,26.06.14,World Cup 2014,South Korea,KR,Hong Jeong-Ho,['Jeong-ho Hong'],2014,Success
237,220,South Korea vs Belgium,26.06.14,World Cup 2014,South Korea,KR,Ki Sungyueng,[],2014,Success
238,221,Algeria vs Russia,26.06.14,World Cup 2014,Algeria,DZ,Brahimi,['Yacine Brahimi'],2014,Success
239,224,Belgium vs England,14.07.18,World Cup 2018,Belgium,BE,Hazard,Eden Hazard,2018,Success
240,225,France vs Belgium,10.07.18,World Cup 2018,Belgium,BE,Hazard,Eden Hazard,2018,Success
241,226,Croatia vs England,11.07.18,World Cup 2018,England,EN,Henderson,Jordan Henderson,2018,Success
242,227,Uruguay vs France,06.07.18,World Cup 2018,Uruguay,UY,Cáceres,['Martín Cáceres'],2018,Success
243,228,Brazil vs Belgium,06.07.18,World Cup 2018,Belgium,BE,Hazard,"['Eden Hazard', 'Thorgan Hazard']",2018,Multi
244,229,Sweden vs England,07.07.18,World Cup 2018,Sweden,SE,Augustinsson,Ludwig Augustinsson,2018,Success
245,229,Sweden vs England,07.07.18,World Cup 2018,Sweden,SE,Ekdal,['Albin Ekdal'],2018,Success
246,229,Sweden vs England,07.07.18,World Cup 2018,England,EN,Henderson,Jordan Henderson,2018,Success
247,232,Uruguay vs Portugal,30.06.18,World Cup 2018,Uruguay,UY,Cáceres,['Martín Cáceres'],2018,Success
248,233,Spain vs Russia,01.07.18,World Cup 2018,Spain,ES,Nacho,Nacho Fernández,2018,Success
249,235,Brazil vs Mexico,02.07.18,World Cup 2018,Mexico,MX,Ochoa,Guillermo Ochoa,2018,Success
250,235,Brazil vs Mexico,02.07.18,World Cup 2018,Mexico,MX,Lozano,Hirving Lozano,2018,Success
251,236,Belgium vs Japan,02.07.18,World Cup 2018,Belgium,BE,Hazard,Eden Hazard,2018,Success
252,237,Sweden vs Switzerland,03.07.18,World Cup 2018,Sweden,SE,Augustinsson,Ludwig Augustinsson,2018,Success
253,237,Sweden vs Switzerland,03.07.18,World Cup 2018,Sweden,SE,Ekdal,['Albin Ekdal'],2018,Success
254,237,Sweden vs Switzerland,03.07.18,World Cup 2018,Sweden,SE,Svensson,['Gustav Svensson'],2018,Success
255,238,Colombia vs England,03.07.18,World Cup 2018,Colombia,CO,Cuadrado,Juan Cuadrado,2018,Success
256,238,Colombia vs England,03.07.18,World Cup 2018,England,EN,Henderson,Jordan Henderson,2018,Success
257,239,Russia vs Saudi Arabia,14.06.18,World Cup 2018,Saudi Arabia,SA,Al-Shehri,Yahya Al-Shehri,2018,Success
258,239,Russia vs Saudi Arabia,14.06.18,World Cup 2018,Saudi Arabia,SA,Otayf,['Abdullah Otayf'],2018,Success
259,239,Russia vs Saudi Arabia,14.06.18,World Cup 2018,Saudi Arabia,SA,Al-Dawsari,Salem Al-Dawsari,2018,Success
260,240,Egypt vs Uruguay,15.06.18,World Cup 2018,Egypt,EG,El Shenawy,Mohamed El Shenawy,2018,Success
261,240,Egypt vs Uruguay,15.06.18,World Cup 2018,Egypt,EG,Hassan,,2018,Success
262,240,Egypt vs Uruguay,15.06.18,World Cup 2018,Uruguay,UY,Cáceres,['Martín Cáceres'],2018,Success
263,241,Russia vs Egypt,19.06.18,World Cup 2018,Egypt,EG,El Shenawy,Mohamed El Shenawy,2018,Success
264,241,Russia vs Egypt,19.06.18,World Cup 2018,Egypt,EG,Hassan,,2018,Success
265,241,Russia vs Egypt,19.06.18,World Cup 2018,Egypt,EG,Salah,['Mohamed Salah'],2018,Success
266,242,Uruguay vs Saudi Arabia,20.06.18,World Cup 2018,Uruguay,UY,Cáceres,['Martín Cáceres'],2018,Success
267,242,Uruguay vs Saudi Arabia,20.06.18,World Cup 2018,Saudi Arabia,SA,Otayf,['Abdullah Otayf'],2018,Success
268,242,Uruguay vs Saudi Arabia,20.06.18,World Cup 2018,Saudi Arabia,SA,Al-Dawsari,Salem Al-Dawsari,2018,Success
269,243,Uruguay vs Russia,25.06.18,World Cup 2018,Uruguay,UY,Cáceres,['Martín Cáceres'],2018,Success
270,244,Saudi Arabia vs Egypt,25.06.18,World Cup 2018,Saudi Arabia,SA,Otayf,['Abdullah Otayf'],2018,Success
271,244,Saudi Arabia vs Egypt,25.06.18,World Cup 2018,Saudi Arabia,SA,Al-Dawsari,Salem Al-Dawsari,2018,Success
272,244,Saudi Arabia vs Egypt,25.06.18,World Cup 2018,Egypt,EG,Hassan,,2018,Success
273,244,Saudi Arabia vs Egypt,25.06.18,World Cup 2018,Egypt,EG,Salah,['Mohamed Salah'],2018,Success
274,245,Morocco vs Iran,15.06.18,World Cup 2018,Morocco,MA,Munir,Munir Mohamedi,2018,Success
275,246,Portugal vs Spain,15.06.18,World Cup 2018,Spain,ES,Nacho,Nacho Fernández,2018,Success
276,247,Portugal vs Morocco,20.06.18,World Cup 2018,Morocco,MA,Munir,Munir Mohamedi,2018,Success
277,248,Iran vs Spain,20.06.18,World Cup 2018,Iran,IR,Hosseini,Majid Hosseini,2018,Success
278,249,Iran vs Portugal,25.06.18,World Cup 2018,Iran,IR,Hosseini,Majid Hosseini,2018,Success
279,250,Spain vs Morocco,25.06.18,World Cup 2018,Morocco,MA,Munir,Munir Mohamedi,2018,Success
280,252,Peru vs Denmark,16.06.18,World Cup 2018,Peru,PE,Advincula,['Luis Advíncula'],2018,Success
281,2482,Syria vs Iran,15-11-2016,"World Cup Qualifiers, Asia, 2018",Iran,IR,J Hosseini,['Seyed Jalal Hosseini'],2016,Success
282,2484,Syria vs South Korea,01-02-2022,"World Cup Qualifiers, Asia, 2022",South Korea,KR,Kim Seung-Gyu,['Seung-gyu Kim'],2022,Success
283,2485,Laos vs Bangladesh,06-06-2019,"World Cup Qualifiers, Asia, 2022",Bangladesh,BD,A Rana,['Ashraful Rana'],2019,Success
284,2487,Tajikistan vs Mongolia,25-03-2021,"World Cup Qualifiers, Asia, 2022",Tajikistan,TJ,D Ergashev,['Dzhakhongir Ergashev'],2021,Success
285,2495,United Arab Emirates vs Vietnam,15-06-2021,"World Cup Qualifiers, Asia, 2022",Vietnam,VN,Nguyn Trng Hoàng,['Trong Hoang Nguyen'],2021,Success
286,2495,United Arab Emirates vs Vietnam,15-06-2021,"World Cup Qualifiers, Asia, 2022",Vietnam,VN,Nguyn Quang Hi,['Quang Hai Nguyen'],2021,Success
287,2496,Tajikistan vs Myanmar,15-06-2021,"World Cup Qualifiers, Asia, 2022",Tajikistan,TJ,D Ergashev,['Dzhakhongir Ergashev'],2021,Success
288,2499,Afghanistan vs Bangladesh,10-09-2019,"World Cup Qualifiers, Asia, 2022",Bangladesh,BD,A Rana,['Ashraful Rana'],2019,Success
289,2499,Afghanistan vs Bangladesh,10-09-2019,"World Cup Qualifiers, Asia, 2022",Bangladesh,BD,Sohel Rana,,2019,Success
290,2500,Syria vs Maldives,10-10-2019,"World Cup Qualifiers, Asia, 2022",Maldives,MV,Naiz Hassan,['Hassan Naiz'],2019,Success
291,2501,South Korea vs Syria,07-10-2021,"World Cup Qualifiers, Asia, 2022",South Korea,KR,Kim Seung-Gyu,['Seung-gyu Kim'],2021,Success
292,2502,Oman vs Bangladesh,14-11-2019,"World Cup Qualifiers, Asia, 2022",Bangladesh,BD,A Rana,['Ashraful Rana'],2019,Success
293,2502,Oman vs Bangladesh,14-11-2019,"World Cup Qualifiers, Asia, 2022",Bangladesh,BD,M Ra,['Monaem Raju Khan'],2019,Success
294,2502,Oman vs Bangladesh,14-11-2019,"World Cup Qualifiers, Asia, 2022",Bangladesh,BD,Sohel Rana,,2019,Success
295,2504,Singapore vs Palestine,10-09-2019,"World Cup Qualifiers, Asia, 2022",Singapore,SG,S Sulaiman,['Safirul Sulaiman'],2019,Success
296,2507,China PR vs Philippines,7-6-2021,"World Cup Qualifiers, Asia, 2022",Philippines,PH,M Ott,['Mike Ott'],2021,Success
297,2509,Guam vs Bhutan,11-6-2019,"World Cup Qualifiers, Asia, 2022",Bhutan,BT,K Gyeltshen,Kinzang Gyeltshen,2019,Success
298,2514,Chinese Taipei vs Nepal,10-09-2019,"World Cup Qualifiers, Asia, 2022",Nepal,NP,A Bista,Anjan Bista,2019,Success
299,2517,South Korea vs Turkmenistan,05-06-2021,"World Cup Qualifiers, Asia, 2022",South Korea,KR,Kim Seung-Gyu,['Seung-gyu Kim'],2021,Success
300,2519,South Korea vs Lebanon,13-06-2021,"World Cup Qualifiers, Asia, 2022",South Korea,KR,Kim Seung-Gyu,['Seung-gyu Kim'],2021,Success
301,2521,Uzbekistan vs Singapore,07-06-2021,"World Cup Qualifiers, Asia, 2022",Singapore,SG,S Sulaiman,['Safirul Sulaiman'],2021,Success
302,2526,Lebanon vs Sri Lanka,05-06-2021,"World Cup Qualifiers, Asia, 2022",Sri Lanka,LK,Mohamed Fasal,['Rishad Mohamed Rasik'],2021,Success
303,1262,Mexico vs Jamaica,10.06.16,Copa America 2016,Mexico,MX,Ochoa,['Guillermo Ochoa'],2016,Success
304,1262,Mexico vs Jamaica,10.06.16,Copa America 2016,Jamaica,JM,Barnes,['Giles Barnes'],2016,Success
305,1263,Mexico vs Venezuela,14.06.16,Copa America 2016,Mexico,MX,Corona,Jesús Corona,2016,Success
306,1263,Mexico vs Venezuela,14.06.16,Copa America 2016,Mexico,MX,Lozano,['Hirving Lozano'],2016,Success
307,1263,Mexico vs Venezuela,14.06.16,Copa America 2016,Venezuela,VE,Feltscher,['Rolf Feltscher'],2016,Success
308,1264,Uruguay vs Jamaica,14.06.16,Copa America 2016,Jamaica,JM,Barnes,['Giles Barnes'],2016,Success
309,1266,Argentina vs Chile,07.06.16,Copa America 2016,Argentina,AR,Romero,['Sergio Romero'],2016,Success
310,1266,Argentina vs Chile,07.06.16,Copa America 2016,Chile,CL,Bravo,['Claudio Bravo'],2016,Success
311,1266,Argentina vs Chile,07.06.16,Copa America 2016,Chile,CL,Jara,Gonzalo Jara,2016,Success
312,1266,Argentina vs Chile,07.06.16,Copa America 2016,Chile,CL,Medel,['Gary Medel'],2016,Success
313,1266,Argentina vs Chile,07.06.16,Copa America 2016,Chile,CL,Vargas,Eduardo Vargas,2016,Success
314,1267,Chile vs Bolivia,11.06.16,Copa America 2016,Chile,CL,Bravo,['Claudio Bravo'],2016,Success
315,1267,Chile vs Bolivia,11.06.16,Copa America 2016,Chile,CL,Jara,Gonzalo Jara,2016,Success
316,1267,Chile vs Bolivia,11.06.16,Copa America 2016,Chile,CL,Medel,['Gary Medel'],2016,Success
317,1268,Argentina vs Panama,11.06.16,Copa America 2016,Argentina,AR,Romero,['Sergio Romero'],2016,Success
318,1269,Chile vs Panama,15.06.16,Copa America 2016,Chile,CL,Bravo,['Claudio Bravo'],2016,Success
319,1269,Chile vs Panama,15.06.16,Copa America 2016,Chile,CL,Jara,Gonzalo Jara,2016,Success
320,1269,Chile vs Panama,15.06.16,Copa America 2016,Chile,CL,Medel,['Gary Medel'],2016,Success
321,1269,Chile vs Panama,15.06.16,Copa America 2016,Chile,CL,Vargas,Eduardo Vargas,2016,Success
322,1269,Chile vs Panama,15.06.16,Copa America 2016,Panama,PA,Tejada,Luis Tejada,2016,Success
323,1270,Argentina vs Bolivia,15.06.16,Copa America 2016,Argentina,AR,Romero,['Sergio Romero'],2016,Success
324,1272,Brazil vs Peru,07.07.19,Copa America 2019,Brazil,BR,Everton Soares,['Everton'],2019,Success
325,1272,Brazil vs Peru,07.07.19,Copa America 2019,Peru,PE,Advincula,['Luis Advíncula'],2019,Success
326,1273,Argentina vs Chile,06.07.19,Copa America 2019,Chile,CL,Medel,['Gary Medel'],2019,Success
327,1273,Argentina vs Chile,06.07.19,Copa America 2019,Chile,CL,Vargas,Eduardo Vargas,2019,Success
328,1275,Chile vs Peru,04.07.19,Copa America 2019,Chile,CL,Medel,['Gary Medel'],2019,Success
329,1275,Chile vs Peru,04.07.19,Copa America 2019,Chile,CL,Vargas,Eduardo Vargas,2019,Success
330,1275,Chile vs Peru,04.07.19,Copa America 2019,Peru,PE,Advincula,['Luis Advíncula'],2019,Success
331,1276,Brazil vs Paraguay,28.06.19,Copa America 2019,Brazil,BR,Everton Soares,['Everton'],2019,Success
332,1276,Brazil vs Paraguay,28.06.19,Copa America 2019,Paraguay,PY,Balbuena,['Fabián Balbuena'],2019,Success
333,1276,Brazil vs Paraguay,28.06.19,Copa America 2019,Paraguay,PY,Arzamendia,Santiago Arzamendia,2019,Success
334,1277,Venezuela vs Argentina,28.06.19,Copa America 2019,Venezuela,VE,J Moreno,['Johan Moreno'],2019,Success
335,1277,Venezuela vs Argentina,28.06.19,Copa America 2019,Argentina,AR,L Martínez,Lautaro Martínez,2019,Success
336,1278,Colombia vs Chile,29.06.19,Copa America 2019,Colombia,CO,Cuadrado,['Juan Cuadrado'],2019,Success
337,1278,Colombia vs Chile,29.06.19,Copa America 2019,Chile,CL,Medel,['Gary Medel'],2019,Success
338,1278,Colombia vs Chile,29.06.19,Copa America 2019,Chile,CL,Vargas,Eduardo Vargas,2019,Success
339,1279,Uruguay vs Peru,29.06.19,Copa America 2019,Uruguay,UY,Cáceres,['Martín Cáceres'],2019,Success
340,1279,Uruguay vs Peru,29.06.19,Copa America 2019,Peru,PE,Advincula,['Luis Advíncula'],2019,Success
341,1280,Brazil vs Bolivia,15.06.19,Copa America 2019,Bolivia,BO,Justiniano,Leonel Justiniano,2019,Success
342,1281,Venezuela vs Peru,15.06.19,Copa America 2019,Venezuela,VE,J Moreno,['Johan Moreno'],2019,Success
343,1281,Venezuela vs Peru,15.06.19,Copa America 2019,Peru,PE,C-r Gonzáles,['Christofer Gonzales'],2019,Success
344,1281,Venezuela vs Peru,15.06.19,Copa America 2019,Peru,PE,Advincula,['Luis Advíncula'],2019,Success
345,1282,Bolivia vs Peru,19.06.19,Copa America 2019,Bolivia,BO,Justiniano,Leonel Justiniano,2019,Success
346,1282,Bolivia vs Peru,19.06.19,Copa America 2019,Peru,PE,Advincula,['Luis Advíncula'],2019,Success
347,1283,Brazil vs Venezuela,19.06.19,Copa America 2019,Venezuela,VE,J Moreno,['Johan Moreno'],2019,Success
348,1284,Bolivia vs Venezuela,22.06.19,Copa America 2019,Bolivia,BO,Justiniano,Leonel Justiniano,2019,Success
349,1284,Bolivia vs Venezuela,22.06.19,Copa America 2019,Venezuela,VE,J Moreno,['Johan Moreno'],2019,Success
350,1285,Peru vs Brazil,22.06.19,Copa America 2019,Peru,PE,Advincula,['Luis Advíncula'],2019,Success
351,1285,Peru vs Brazil,22.06.19,Copa America 2019,Brazil,BR,Everton Soares,['Everton'],2019,Success
352,1286,Argentina vs Colombia,16.06.19,Copa America 2019,Argentina,AR,G Rodríguez,Guido Rodríguez,2019,Success
353,1286,Argentina vs Colombia,16.06.19,Copa America 2019,Colombia,CO,Cuadrado,['Juan Cuadrado'],2019,Success
354,1287,Paraguay vs Qatar,16.06.19,Copa America 2019,Paraguay,PY,Balbuena,['Fabián Balbuena'],2019,Success
355,1287,Paraguay vs Qatar,16.06.19,Copa America 2019,Paraguay,PY,Arzamendia,Santiago Arzamendia,2019,Success
356,1288,Colombia vs Qatar,20.06.19,Copa America 2019,Colombia,CO,Cuadrado,['Juan Cuadrado'],2019,Success
357,1289,Argentina vs Paraguay,20.06.19,Copa America 2019,Argentina,AR,L Martínez,Lautaro Martínez,2019,Success
358,1289,Argentina vs Paraguay,20.06.19,Copa America 2019,Paraguay,PY,Arzamendia,Santiago Arzamendia,2019,Success
359,1290,Qatar vs Argentina,23.06.19,Copa America 2019,Argentina,AR,L Martínez,Lautaro Martínez,2019,Success
360,1291,Colombia vs Paraguay,23.06.19,Copa America 2019,Colombia,CO,Cuadrado,['Juan Cuadrado'],2019,Success
361,1291,Colombia vs Paraguay,23.06.19,Copa America 2019,Paraguay,PY,Arzamendia,Santiago Arzamendia,2019,Success
362,1292,Uruguay vs Ecuador,17.06.19,Copa America 2019,Uruguay,UY,Cáceres,['Martín Cáceres'],2019,Success
363,1292,Uruguay vs Ecuador,17.06.19,Copa America 2019,Ecuador,EC,Valencia,"['Antonio Valencia', 'Enner Valencia']",2019,Multi
364,1293,Japan vs Chile,18.06.19,Copa America 2019,Chile,CL,Medel,['Gary Medel'],2019,Success
365,1293,Japan vs Chile,18.06.19,Copa America 2019,Chile,CL,Vargas,Eduardo Vargas,2019,Success
366,1294,Uruguay vs Japan,21.06.19,Copa America 2019,Uruguay,UY,Cáceres,['Martín Cáceres'],2019,Success
367,1295,Ecuador vs Chile,22.06.19,Copa America 2019,Chile,CL,Medel,['Gary Medel'],2019,Success
368,1295,Ecuador vs Chile,22.06.19,Copa America 2019,Chile,CL,Vargas,Eduardo Vargas,2019,Success
369,1296,Chile vs Uruguay,25.06.19,Copa America 2019,Chile,CL,Medel,['Gary Medel'],2019,Success
370,1296,Chile vs Uruguay,25.06.19,Copa America 2019,Chile,CL,Vargas,Eduardo Vargas,2019,Success
371,1296,Chile vs Uruguay,25.06.19,Copa America 2019,Uruguay,UY,Cáceres,['Martín Cáceres'],2019,Success
372,1299,Brazil vs Argentina,11.07.21,Copa America 2021,Argentina,AR,L Martínez,Lautaro Martínez,2021,Success
373,1300,Colombia vs Peru,10.07.21,Copa America 2021,Colombia,CO,Cuadrado,['Juan Cuadrado'],2021,Success
374,1302,Argentina vs Colombia,07.07.21,Copa America 2021,Argentina,AR,G Rodríguez,Guido Rodríguez,2021,Success
375,1302,Argentina vs Colombia,07.07.21,Copa America 2021,Argentina,AR,L Martínez,Lautaro Martínez,2021,Success
376,1302,Argentina vs Colombia,07.07.21,Copa America 2021,Colombia,CO,Cuadrado,['Juan Cuadrado'],2021,Success
377,1303,Peru vs Paraguay,03.07.21,Copa America 2021,Paraguay,PY,Arzamendia,['Santiago Arzamendia'],2021,Success
378,1304,Brazil vs Chile,03.07.21,Copa America 2021,Chile,CL,Medel,['Gary Medel'],2021,Success
379,1306,Argentina vs Ecuador,04.07.21,Copa America 2021,Argentina,AR,L Martínez,Lautaro Martínez,2021,Success
380,1307,Argentina vs Chile,15.06.21,Copa America 2021,Argentina,AR,L Martínez,"['Lautaro Martínez', 'Lucas Martínez Quarta']",2021,Multi
381,1307,Argentina vs Chile,15.06.21,Copa America 2021,Chile,CL,Medel,['Gary Medel'],2021,Success
382,1307,Argentina vs Chile,15.06.21,Copa America 2021,Chile,CL,Meneses,['Jean Meneses'],2021,Success
383,1308,Paraguay vs Bolivia,15.06.21,Copa America 2021,Paraguay,PY,Arzamendia,['Santiago Arzamendia'],2021,Success
384,1308,Paraguay vs Bolivia,15.06.21,Copa America 2021,Bolivia,BO,Justiniano,Leonel Justiniano,2021,Success
385,1309,Chile vs Bolivia,19.06.21,Copa America 2021,Chile,CL,Medel,['Gary Medel'],2021,Success
386,1309,Chile vs Bolivia,19.06.21,Copa America 2021,Chile,CL,Meneses,['Jean Meneses'],2021,Success
387,1309,Chile vs Bolivia,19.06.21,Copa America 2021,Bolivia,BO,Justiniano,Leonel Justiniano,2021,Success
388,1310,Argentina vs Uruguay,19.06.21,Copa America 2021,Argentina,AR,G Rodríguez,Guido Rodríguez,2021,Success
389,1310,Argentina vs Uruguay,19.06.21,Copa America 2021,Argentina,AR,L Martínez,Lautaro Martínez,2021,Success
390,1311,Uruguay vs Chile,22.06.21,Copa America 2021,Chile,CL,Medel,['Gary Medel'],2021,Success
391,1312,Argentina vs Paraguay,22.06.21,Copa America 2021,Argentina,AR,G Rodríguez,Guido Rodríguez,2021,Success
392,1312,Argentina vs Paraguay,22.06.21,Copa America 2021,Paraguay,PY,Arzamendia,['Santiago Arzamendia'],2021,Success
393,1313,Bolivia vs Uruguay,25.06.21,Copa America 2021,Bolivia,BO,Justiniano,Leonel Justiniano,2021,Success
394,2123,Sudan vs Guinea-Bissau,07-09-2021,"World Cup Qualifiers, Africa, 2022",Guinea-Bissau,GW,F Mendy,Frédéric Mendy,2021,Success
395,2124,Kenya vs Rwanda,15-11-2021,"World Cup Qualifiers, Africa, 2022",Kenya,KE,A Omar,Abud Omar,2021,Success
396,2125,Egypt vs Senegal,25-03-2022,"World Cup Qualifiers, Africa, 2022",Senegal,SN,A Diallo,Abdou Diallo,2022,Success
397,2125,Egypt vs Senegal,25-03-2022,"World Cup Qualifiers, Africa, 2022",Senegal,SN,I Sarr,['Ismaïla Sarr'],2022,Success
398,2125,Egypt vs Senegal,25-03-2022,"World Cup Qualifiers, Africa, 2022",Senegal,SN,N Mendy,['Nampalys Mendy'],2022,Success
399,2127,Central African Republic vs Nigeria,10-10-2021,"World Cup Qualifiers, Africa, 2022",Nigeria,NG,A Musa,Ahmed Musa,2021,Success
400,2129,Burkina Faso vs Algeria,07-09-2021,"World Cup Qualifiers, Africa, 2022",Burkina Faso,BF,H Ko,Hervé Koffi,2021,Success
401,2132,Algeria vs Burkina Faso,16-11-2021,"World Cup Qualifiers, Africa, 2022",Burkina Faso,BF,H Ko,Hervé Koffi,2021,Success
402,2132,Algeria vs Burkina Faso,16-11-2021,"World Cup Qualifiers, Africa, 2022",Burkina Faso,BF,D Ouattara,Djibril Ouattara,2021,Success
403,2140,Mali vs Rwanda,01-09-2021,"World Cup Qualifiers, Africa, 2022",Mali,ML,C Traoré,Charles Traoré,2021,Success
404,2146,Namibia vs Senegal,12-10-2021,"World Cup Qualifiers, Africa, 2022",Senegal,SN,A Diallo,Abdou Diallo,2021,Success
405,2146,Namibia vs Senegal,12-10-2021,"World Cup Qualifiers, Africa, 2022",Senegal,SN,I Sarr,['Ismaïla Sarr'],2021,Success
406,2147,Mauritania vs Equatorial Guinea,16-11-2021,"World Cup Qualifiers, Africa, 2022",Mauritania,MR,A Kamara,['Aboubakar Kamara'],2021,Success
407,2151,Zambia vs Mauritania,13-11-2021,"World Cup Qualifiers, Africa, 2022",Mauritania,MR,A Kamara,['Aboubakar Kamara'],2021,Success
408,2153,Sierra Leone vs Liberia,08-09-2019,"World Cup Qualifiers, Africa, 2022",Liberia,LR,T Tisdell,Terrence Tisdell,2019,Success
409,2154,Mauritania vs Tunisia,10-10-2021,"World Cup Qualifiers, Africa, 2022",Tunisia,TN,H Ra,"['Hamza Rafia', 'Hamza Rafia']",2021,Multi
410,2155,Kenya vs Mali,10-10-2021,"World Cup Qualifiers, Africa, 2022",Kenya,KE,A Omar,Abud Omar,2021,Success
411,2155,Kenya vs Mali,10-10-2021,"World Cup Qualifiers, Africa, 2022",Mali,ML,C Traoré,Charles Traoré,2021,Success
412,2155,Kenya vs Mali,10-10-2021,"World Cup Qualifiers, Africa, 2022",Mali,ML,A Traoré,Adama Traoré,2021,Success
413,2157,Somalia vs Zimbabwe,05-09-2019,"World Cup Qualifiers, Africa, 2022",Somalia,SO,A Sheikuna Mohamed,"['Abdi Mohamed', 'Mohamed Abukar Mohamed', 'Farhan Mohamed Ahmed']",2019,Multi
414,2157,Somalia vs Zimbabwe,05-09-2019,"World Cup Qualifiers, Africa, 2022",Somalia,SO,A Ahmed,,2019,Success
415,2157,Somalia vs Zimbabwe,05-09-2019,"World Cup Qualifiers, Africa, 2022",Somalia,SO,A Sa,"['Said Aweys Ali', 'Said Aweys Ali', 'Ahmed Said Ahmed']",2019,Multi
416,2157,Somalia vs Zimbabwe,05-09-2019,"World Cup Qualifiers, Africa, 2022",Somalia,SO,A Mohamed,"['Abdi Mohamed', 'Mohamed Abukar Mohamed', 'Farhan Mohamed Ahmed']",2019,Multi
417,2157,Somalia vs Zimbabwe,05-09-2019,"World Cup Qualifiers, Africa, 2022",Somalia,SO,O Abdullahi Mohamed,Omar Mohamed,2019,Success
418,2158,Guinea vs Morocco,12-10-2021,"World Cup Qualifiers, Africa, 2022",Guinea,GN,A Keita,Aly Keita,2021,Success
419,2158,Guinea vs Morocco,12-10-2021,"World Cup Qualifiers, Africa, 2022",Guinea,GN,M Camara,"['Mohamed Camara', 'Mady Camara']",2021,Multi
420,2158,Guinea vs Morocco,12-10-2021,"World Cup Qualifiers, Africa, 2022",Guinea,GN,I Sylla,Issiaga Sylla,2021,Success
421,2158,Guinea vs Morocco,12-10-2021,"World Cup Qualifiers, Africa, 2022",Guinea,GN,M Camara,"['Mohamed Camara', 'Mady Camara']",2021,Multi
422,2159,Rwanda vs Mali,11-11-2021,"World Cup Qualifiers, Africa, 2022",Mali,ML,C Traoré,Charles Traoré,2021,Success
423,2159,Rwanda vs Mali,11-11-2021,"World Cup Qualifiers, Africa, 2022",Mali,ML,A Traoré,Adama Traoré,2021,Success
424,2160,Togo vs Senegal,11-11-2021,"World Cup Qualifiers, Africa, 2022",Senegal,SN,P Cissé,Pape Abou Cissé,2021,Success
425,2160,Togo vs Senegal,11-11-2021,"World Cup Qualifiers, Africa, 2022",Senegal,SN,I Sarr,['Ismaïla Sarr'],2021,Success
426,2161,Senegal vs Togo,01-09-2021,"World Cup Qualifiers, Africa, 2022",Senegal,SN,A Diallo,Abdou Diallo,2021,Success
427,2161,Senegal vs Togo,01-09-2021,"World Cup Qualifiers, Africa, 2022",Senegal,SN,I Sarr,['Ismaïla Sarr'],2021,Success
428,2162,Senegal vs Namibia,09-10-2021,"World Cup Qualifiers, Africa, 2022",Senegal,SN,A Diallo,Abdou Diallo,2021,Success
429,2162,Senegal vs Namibia,09-10-2021,"World Cup Qualifiers, Africa, 2022",Senegal,SN,I Sarr,['Ismaïla Sarr'],2021,Success
430,2163,Djibouti vs Burkina Faso,08-10-2021,"World Cup Qualifiers, Africa, 2022",Burkina Faso,BF,H Ko,Hervé Koffi,2021,Success
431,2165,Burkina Faso vs Djibouti,11-10-2021,"World Cup Qualifiers, Africa, 2022",Burkina Faso,BF,H Ko,Hervé Koffi,2021,Success
432,2171,Comoros vs Togo,06-09-2019,"World Cup Qualifiers, Africa, 2022",Comoros,KM,A Ahamada,['Ali Ahamada'],2019,Success
433,253,Denmark vs Australia,21.06.18,World Cup 2018,Denmark,DK,J Larsen,Jens Stryger Larsen,2018,Success
434,254,France vs Peru,21.06.18,World Cup 2018,Peru,PE,Advincula,['Luis Advíncula'],2018,Success
435,255,Denmark vs France,26.06.18,World Cup 2018,Denmark,DK,J Larsen,Jens Stryger Larsen,2018,Success
436,256,Australia vs Peru,26.06.18,World Cup 2018,Peru,PE,Advincula,['Luis Advíncula'],2018,Success
437,257,Argentina vs Iceland,16.06.18,World Cup 2018,Iceland,IS,Halldórsson,Hannes Thór Halldórsson,2018,Success
438,257,Argentina vs Iceland,16.06.18,World Cup 2018,Iceland,IS,B Bjarnason,['Birkir Bjarnason'],2018,Success
439,257,Argentina vs Iceland,16.06.18,World Cup 2018,Iceland,IS,Arnason,"['Aron Bjarnason', 'Arnór Smárason', 'Aron Gunnarsson']",2018,Fail
440,257,Argentina vs Iceland,16.06.18,World Cup 2018,Iceland,IS,Gudmundsson,Jóhann Berg Gudmundsson,2018,Success
441,257,Argentina vs Iceland,16.06.18,World Cup 2018,Iceland,IS,Finnbogason,Alfred Finnbogason,2018,Success
442,260,Nigeria vs Iceland,22.06.18,World Cup 2018,Nigeria,NG,A Musa,Ahmed Musa,2018,Success
443,260,Nigeria vs Iceland,22.06.18,World Cup 2018,Iceland,IS,Halldórsson,Hannes Thór Halldórsson,2018,Success
444,260,Nigeria vs Iceland,22.06.18,World Cup 2018,Iceland,IS,B Bjarnason,['Birkir Bjarnason'],2018,Success
445,260,Nigeria vs Iceland,22.06.18,World Cup 2018,Iceland,IS,Arnason,"['Aron Bjarnason', 'Arnór Smárason', 'Aron Gunnarsson']",2018,Fail
446,260,Nigeria vs Iceland,22.06.18,World Cup 2018,Iceland,IS,Finnbogason,Alfred Finnbogason,2018,Success
447,260,Nigeria vs Iceland,22.06.18,World Cup 2018,Iceland,IS,Bodvarsson,Jón Dadi Bödvarsson,2018,Success
448,261,Nigeria vs Argentina,26.06.18,World Cup 2018,Nigeria,NG,A Musa,Ahmed Musa,2018,Success
449,262,Iceland vs Croatia,26.06.18,World Cup 2018,Iceland,IS,Halldórsson,Hannes Thór Halldórsson,2018,Success
450,262,Iceland vs Croatia,26.06.18,World Cup 2018,Iceland,IS,B Bjarnason,['Birkir Bjarnason'],2018,Success
451,262,Iceland vs Croatia,26.06.18,World Cup 2018,Iceland,IS,Gudmundsson,"['Jóhann Berg Gudmundsson', 'Albert Gudmundsson']",2018,Multi
452,262,Iceland vs Croatia,26.06.18,World Cup 2018,Iceland,IS,Finnbogason,Alfred Finnbogason,2018,Success
453,263,Costa Rica vs Serbia,17.06.18,World Cup 2018,Costa Rica,CR,Gamboa,['Cristian Gamboa'],2018,Success
454,263,Costa Rica vs Serbia,17.06.18,World Cup 2018,Costa Rica,CR,Venegas,Johan Venegas,2018,Success
455,263,Costa Rica vs Serbia,17.06.18,World Cup 2018,Costa Rica,CR,Ruiz,Bryan Ruiz,2018,Success
456,263,Costa Rica vs Serbia,17.06.18,World Cup 2018,Serbia,RS,Milenković,Nikola Milenkovic,2018,Success
457,263,Costa Rica vs Serbia,17.06.18,World Cup 2018,Serbia,RS,Matic,['Nemanja Matic'],2018,Success
458,265,Brazil vs Costa Rica,22.06.18,World Cup 2018,Costa Rica,CR,Gamboa,['Cristian Gamboa'],2018,Success
459,265,Brazil vs Costa Rica,22.06.18,World Cup 2018,Costa Rica,CR,Venegas,Johan Venegas,2018,Success
460,265,Brazil vs Costa Rica,22.06.18,World Cup 2018,Costa Rica,CR,Ruiz,Bryan Ruiz,2018,Success
461,266,Serbia vs Switzerland,22.06.18,World Cup 2018,Serbia,RS,Milenković,Nikola Milenkovic,2018,Success
462,266,Serbia vs Switzerland,22.06.18,World Cup 2018,Serbia,RS,Matic,['Nemanja Matic'],2018,Success
463,267,Serbia vs Brazil,27.06.18,World Cup 2018,Serbia,RS,Milenković,Nikola Milenkovic,2018,Success
464,267,Serbia vs Brazil,27.06.18,World Cup 2018,Serbia,RS,Matic,['Nemanja Matic'],2018,Success
465,268,Switzerland vs Costa Rica,27.06.18,World Cup 2018,Costa Rica,CR,Gamboa,['Cristian Gamboa'],2018,Success
466,268,Switzerland vs Costa Rica,27.06.18,World Cup 2018,Costa Rica,CR,Ruiz,Bryan Ruiz,2018,Success
467,269,Germany vs Mexico,17.06.18,World Cup 2018,Mexico,MX,Ochoa,Guillermo Ochoa,2018,Success
468,269,Germany vs Mexico,17.06.18,World Cup 2018,Mexico,MX,Lozano,Hirving Lozano,2018,Success
469,270,Sweden vs South Korea,18.06.18,World Cup 2018,Sweden,SE,Augustinsson,Ludwig Augustinsson,2018,Success
470,270,Sweden vs South Korea,18.06.18,World Cup 2018,Sweden,SE,Jansson,Pontus Jansson,2018,Success
471,270,Sweden vs South Korea,18.06.18,World Cup 2018,Sweden,SE,S Larsson,Sebastian Larsson,2018,Success
472,270,Sweden vs South Korea,18.06.18,World Cup 2018,Sweden,SE,Ekdal,['Albin Ekdal'],2018,Success
473,270,Sweden vs South Korea,18.06.18,World Cup 2018,South Korea,KR,Lee Yong,['Yong Lee'],2018,Success
474,270,Sweden vs South Korea,18.06.18,World Cup 2018,South Korea,KR,Ki Sungyueng,[],2018,Success
475,271,South Korea vs Mexico,23.06.18,World Cup 2018,South Korea,KR,Lee Yong,['Yong Lee'],2018,Success
476,271,South Korea vs Mexico,23.06.18,World Cup 2018,South Korea,KR,Ki Sungyueng,[],2018,Success
477,271,South Korea vs Mexico,23.06.18,World Cup 2018,Mexico,MX,Ochoa,Guillermo Ochoa,2018,Success
478,271,South Korea vs Mexico,23.06.18,World Cup 2018,Mexico,MX,Lozano,Hirving Lozano,2018,Success
479,272,Germany vs Sweden,23.06.18,World Cup 2018,Sweden,SE,Augustinsson,Ludwig Augustinsson,2018,Success
480,272,Germany vs Sweden,23.06.18,World Cup 2018,Sweden,SE,S Larsson,Sebastian Larsson,2018,Success
481,272,Germany vs Sweden,23.06.18,World Cup 2018,Sweden,SE,Ekdal,['Albin Ekdal'],2018,Success
482,273,South Korea vs Germany,27.06.18,World Cup 2018,South Korea,KR,Lee Yong,['Yong Lee'],2018,Success
483,274,Mexico vs Sweden,27.06.18,World Cup 2018,Mexico,MX,Ochoa,Guillermo Ochoa,2018,Success
484,274,Mexico vs Sweden,27.06.18,World Cup 2018,Mexico,MX,Lozano,Hirving Lozano,2018,Success
485,274,Mexico vs Sweden,27.06.18,World Cup 2018,Sweden,SE,Augustinsson,Ludwig Augustinsson,2018,Success
486,274,Mexico vs Sweden,27.06.18,World Cup 2018,Sweden,SE,S Larsson,Sebastian Larsson,2018,Success
487,274,Mexico vs Sweden,27.06.18,World Cup 2018,Sweden,SE,Ekdal,['Albin Ekdal'],2018,Success
488,275,Belgium vs Panama,18.06.18,World Cup 2018,Panama,PA,Murillo,Amir Murillo,2018,Success
489,276,Tunisia vs England,18.06.18,World Cup 2018,Tunisia,TN,Hassen,['Mouez Hassen'],2018,Success
490,276,Tunisia vs England,18.06.18,World Cup 2018,England,EN,Henderson,Jordan Henderson,2018,Success
491,278,England vs Panama,24.06.18,World Cup 2018,England,EN,Henderson,Jordan Henderson,2018,Success
492,278,England vs Panama,24.06.18,World Cup 2018,Panama,PA,Murillo,Amir Murillo,2018,Success
493,281,Colombia vs Japan,19.06.18,World Cup 2018,Colombia,CO,Cuadrado,Juan Cuadrado,2018,Success
494,281,Colombia vs Japan,19.06.18,World Cup 2018,Colombia,CO,Ju Quintero,['Juan Fernando Quintero'],2018,Success
495,282,Poland vs Senegal,19.06.18,World Cup 2018,Senegal,SN,Sabaly,['Youssouf Sabaly'],2018,Success
496,282,Poland vs Senegal,19.06.18,World Cup 2018,Senegal,SN,Is Sarr,['Ismaïla Sarr'],2018,Success
497,283,Japan vs Senegal,24.06.18,World Cup 2018,Senegal,SN,Sabaly,['Youssouf Sabaly'],2018,Success
498,283,Japan vs Senegal,24.06.18,World Cup 2018,Senegal,SN,Is Sarr,['Ismaïla Sarr'],2018,Success
499,284,Poland vs Colombia,24.06.18,World Cup 2018,Colombia,CO,Cuadrado,Juan Cuadrado,2018,Success
500,284,Poland vs Colombia,24.06.18,World Cup 2018,Colombia,CO,Ju Quintero,['Juan Fernando Quintero'],2018,Success
501,285,Japan vs Poland,28.06.18,World Cup 2018,Japan,JP,Sakai,"['Gotoku Sakai', 'Hiroki Sakai']",2018,Multi
502,285,Japan vs Poland,28.06.18,World Cup 2018,Japan,JP,Muto,['Yoshinori Muto'],2018,Success
503,286,Senegal vs Colombia,28.06.18,World Cup 2018,Senegal,SN,Sabaly,['Youssouf Sabaly'],2018,Success
504,286,Senegal vs Colombia,28.06.18,World Cup 2018,Senegal,SN,Is Sarr,['Ismaïla Sarr'],2018,Success
505,286,Senegal vs Colombia,28.06.18,World Cup 2018,Colombia,CO,Cuadrado,Juan Cuadrado,2018,Success
506,286,Senegal vs Colombia,28.06.18,World Cup 2018,Colombia,CO,Ju Quintero,['Juan Fernando Quintero'],2018,Success
507,290,Argentina vs Croatia,13.12.22,World Cup 2022,Croatia,HR,Pasalic,Mario Pasalic,2022,Success
508,292,Croatia vs Brazil,09.12.22,World Cup 2022,Croatia,HR,Pasalic,Mario Pasalic,2022,Success
509,295,England vs France,10.12.22,World Cup 2022,England,EN,Henderson,Jordan Henderson,2022,Success
510,296,Netherlands vs United States,03.12.22,World Cup 2022,United States,US,Mc Kennie,['Mark McKenzie'],2022,Success
511,299,England vs Senegal,04.12.22,World Cup 2022,England,EN,Henderson,Jordan Henderson,2022,Success
512,299,England vs Senegal,04.12.22,World Cup 2022,Senegal,SN,Sabaly,Youssouf Sabaly,2022,Success
513,299,England vs Senegal,04.12.22,World Cup 2022,Senegal,SN,A Diallo,Abdou Diallo,2022,Success
514,299,England vs Senegal,04.12.22,World Cup 2022,Senegal,SN,N Mendy,['Nampalys Mendy'],2022,Success
515,299,England vs Senegal,04.12.22,World Cup 2022,Senegal,SN,Is Sarr,['Ismaïla Sarr'],2022,Success
516,301,Brazil vs South Korea,05.12.22,World Cup 2022,South Korea,KR,Kim Seunggyu,"['Seung-gyu Kim', 'Seung-gyu Han']",2022,Fail
517,302,Morocco vs Spain,06.12.22,World Cup 2022,Spain,ES,F Torres,['Ferran Torres'],2022,Success
518,3690,Haiti vs Honduras,14-07-2015,"Gold Cup, 2015",Honduras,HN,J Palacios,['Johnny Palacios'],2015,Success
519,3691,Panama vs Haiti,08-07-2015,"Gold Cup, 2015",Panama,PA,L Tejada,['Luis Tejada'],2015,Success
520,3697,Mexico vs Jamaica,24-07-2017,"Gold Cup, 2017",Mexico,MX,E Álvarez,['Edson Álvarez'],2017,Success
521,3697,Mexico vs Jamaica,24-07-2017,"Gold Cup, 2017",Mexico,MX,E Hernández,['Elías Hernández'],2017,Success
522,3699,Honduras vs Costa Rica,08-07-2017,"Gold Cup, 2017",Costa Rica,CR,J Venegas,['Johan Venegas'],2017,Success
523,3702,Curaçao vs Mexico,17-07-2017,"Gold Cup, 2017",Mexico,MX,J Hernández,Jorge Hernández,2017,Success
524,3702,Curaçao vs Mexico,17-07-2017,"Gold Cup, 2017",Mexico,MX,R López,['Rodrigo López'],2017,Success
525,3702,Curaçao vs Mexico,17-07-2017,"Gold Cup, 2017",Mexico,MX,A Sepúlveda,[],2017,Success
526,3703,Mexico vs Jamaica,14-07-2017,"Gold Cup, 2017",Mexico,MX,E Álvarez,['Edson Álvarez'],2017,Success
527,3703,Mexico vs Jamaica,14-07-2017,"Gold Cup, 2017",Mexico,MX,E Hernández,['Elías Hernández'],2017,Success
528,3704,Mexico vs Honduras,21-07-2017,"Gold Cup, 2017",Mexico,MX,E Álvarez,['Edson Álvarez'],2017,Success
529,3704,Mexico vs Honduras,21-07-2017,"Gold Cup, 2017",Mexico,MX,E Hernández,['Elías Hernández'],2017,Success
530,3704,Mexico vs Honduras,21-07-2017,"Gold Cup, 2017",Mexico,MX,A Sepúlveda,[],2017,Success
531,3712,Mexico vs El Salvador,10-07-2017,"Gold Cup, 2017",Mexico,MX,E Álvarez,['Edson Álvarez'],2017,Success
532,3712,Mexico vs El Salvador,10-07-2017,"Gold Cup, 2017",Mexico,MX,J Hernández,Jorge Hernández,2017,Success
533,3712,Mexico vs El Salvador,10-07-2017,"Gold Cup, 2017",Mexico,MX,A Sepúlveda,[],2017,Success
534,3712,Mexico vs El Salvador,10-07-2017,"Gold Cup, 2017",Mexico,MX,E Hernández,['Elías Hernández'],2017,Success
535,3719,Mexico vs Canada,20-06-2019,"Gold Cup, 2019",Mexico,MX,E Álvarez,Edson Álvarez,2019,Success
536,3723,Jamaica vs Honduras,18-06-2019,"Gold Cup, 2019",Jamaica,JM,D Williams,Devon Williams,2019,Success
537,3724,Bermuda vs Nicaragua,25-06-2019,"Gold Cup, 2019",Nicaragua,NI,O López,"['Luis López', 'Óscar López', 'Alyer López']",2019,Fail
538,3726,Curaçao vs El Salvador,18-06-2019,"Gold Cup, 2019",Curaçao,CW,S Martina,Shermaine Martina,2019,Success
539,3727,Jamaica vs Curaçao,26-06-2019,"Gold Cup, 2019",Jamaica,JM,D Williams,Devon Williams,2019,Success
540,3729,United States vs Guyana,19-06-2019,"Gold Cup, 2019",United States,US,T Boyd,['Tyler Boyd'],2019,Success
541,3731,United States vs Curaçao,01-07-2019,"Gold Cup, 2019",United States,US,T Boyd,['Tyler Boyd'],2019,Success
542,3731,United States vs Curaçao,01-07-2019,"Gold Cup, 2019",Curaçao,CW,S Martina,Shermaine Martina,2019,Success
543,3732,Panama vs Trinidad and Tobago,19-06-2019,"Gold Cup, 2019",Trinidad and Tobago,TT,K George,['Keston George'],2019,Success
544,3734,Martinique vs Mexico,24-06-2019,"Gold Cup, 2019",Mexico,MX,J Orozco,['Jonathan Orozco'],2019,Success
545,3734,Martinique vs Mexico,24-06-2019,"Gold Cup, 2019",Mexico,MX,E Álvarez,Edson Álvarez,2019,Success
546,3735,Haiti vs Mexico,03-07-2019,"Gold Cup, 2019",Mexico,MX,E Álvarez,Edson Álvarez,2019,Success
547,3736,Trinidad and Tobago vs Guyana,27-06-2019,"Gold Cup, 2019",Trinidad and Tobago,TT,K George,['Keston George'],2019,Success
548,3737,United States vs Trinidad and Tobago,23-06-2019,"Gold Cup, 2019",United States,US,T Boyd,['Tyler Boyd'],2019,Success
549,3737,United States vs Trinidad and Tobago,23-06-2019,"Gold Cup, 2019",Trinidad and Tobago,TT,K George,['Keston George'],2019,Success
550,3738,Jamaica vs United States,04-07-2019,"Gold Cup, 2019",Jamaica,JM,D Williams,Devon Williams,2019,Success
551,3740,Nicaragua vs Haiti,21-06-2019,"Gold Cup, 2019",Nicaragua,NI,O López,"['Luis López', 'Óscar López', 'Alyer López']",2019,Fail
552,2982,Netherlands vs Luxembourg,09-06-2017,"World Cup Qualifiers, Europe, 2018",Luxembourg,LU,C Martins,['Christopher Martins Pereira'],2017,Success
553,2983,Estonia vs Cyprus,03-09-2017,"World Cup Qualifiers, Europe, 2018",Estonia,EE,H Anier,['Hannes Anier'],2017,Success
554,2989,Albania vs Israel,12-11-2016,"World Cup Qualifiers, Europe, 2018",Israel,IL,A Cohen,Almog Cohen,2016,Success
555,3084,Israel vs North Macedonia,02-09-2017,"World Cup Qualifiers, Europe, 2018",Israel,IL,A Cohen,Almog Cohen,2017,Success
556,2999,Denmark vs Republic of Ireland,11-11-2017,"World Cup Qualifiers, Europe, 2018",Denmark,DK,J Stryger Larsen,['Jens Stryger Larsen'],2017,Success
557,3000,Estonia vs Belgium,09-06-2017,"World Cup Qualifiers, Europe, 2018",Estonia,EE,A Dmitrijev,['Artjom Dmitrijev'],2017,Success
558,3002,Armenia vs Poland,05-10-2017,"World Cup Qualifiers, Europe, 2018",Armenia,AM,A Yedigaryan,['Artak Yedigaryan'],2017,Success
559,3004,Iceland vs Finland,06-10-2016,"World Cup Qualifiers, Europe, 2018",Iceland,IS,Jóhann Berg Gudmundsson,['Jóhann Berg Gudmundsson'],2016,Success
560,3004,Iceland vs Finland,06-10-2016,"World Cup Qualifiers, Europe, 2018",Iceland,IS,B Bjarnason,['Birkir Bjarnason'],2016,Success
561,3010,Belgium vs Estonia,13-11-2016,"World Cup Qualifiers, Europe, 2018",Estonia,EE,A Dmitrijev,['Artjom Dmitrijev'],2016,Success
562,3010,Belgium vs Estonia,13-11-2016,"World Cup Qualifiers, Europe, 2018",Estonia,EE,H Anier,['Hannes Anier'],2016,Success
563,3015,Bulgaria vs Luxembourg,06-09-2016,"World Cup Qualifiers, Europe, 2018",Bulgaria,BG,I Ivanov,Ivo Ivanov,2016,Success
564,3019,Cyprus vs Estonia,25-03-2017,"World Cup Qualifiers, Europe, 2018",Estonia,EE,A Dmitrijev,['Artjom Dmitrijev'],2017,Success
565,3019,Cyprus vs Estonia,25-03-2017,"World Cup Qualifiers, Europe, 2018",Estonia,EE,H Ojamaa,['Hindrek Ojamaa'],2017,Success
566,3025,Slovenia vs Slovakia,08-10-2016,"World Cup Qualifiers, Europe, 2018",Slovenia,SI,A Struna,['Aljaz Struna'],2016,Success
567,3234,Netherlands vs Norway,16-11-2021,"World Cup Qualifiers, Europe, 2022",Norway,NO,M Pedersen,['Marcus Pedersen'],2021,Success
568,3244,Armenia vs Romania,31-03-2021,"World Cup Qualifiers, Europe, 2022",Armenia,AM,A Grigoryan,Artak Grigoryan,2021,Success
569,3250,Turkey vs Norway,08-10-2021,"World Cup Qualifiers, Europe, 2022",Norway,NO,M Pedersen,['Marcus Pedersen'],2021,Success
570,3256,Israel vs Scotland,28-03-2021,"World Cup Qualifiers, Europe, 2022",Israel,IL,D Peretz,Dor Peretz,2021,Success
571,3272,Estonia vs Belarus,08-10-2021,"World Cup Qualifiers, Europe, 2022",Estonia,EE,H Anier,['Hannes Anier'],2021,Success
572,3276,Kosovo vs Sweden,28-03-2021,"World Cup Qualifiers, Europe, 2022",Kosovo,XK,B Halimi,['Betim Halimi'],2021,Success
573,3279,Serbia vs Azerbaijan,12-10-2021,"World Cup Qualifiers, Europe, 2022",Azerbaijan,AZ,R Dadashov,['Renat Dadashov'],2021,Success
574,3283,Luxembourg vs Republic of Ireland,14-11-2021,"World Cup Qualifiers, Europe, 2022",Luxembourg,LU,C Martins,['Christopher Martins Pereira'],2021,Success
575,3283,Luxembourg vs Republic of Ireland,14-11-2021,"World Cup Qualifiers, Europe, 2022",Luxembourg,LU,D Sinani,Danel Sinani,2021,Success
576,1469,Bulgaria vs Cyprus,13.10.18,Nations League 2018-2020,Bulgaria,BG,Kraev,['Bozhidar Kraev'],2018,Success
577,1471,Slovenia vs Cyprus,16.10.18,Nations League 2018-2020,Cyprus,CY,Sielis,['Valentinos Sielis'],2018,Success
578,1472,Cyprus vs Bulgaria,16.11.18,Nations League 2018-2020,Cyprus,CY,Cham Kyriakou,['Charalampos Kyriakou'],2018,Success
579,1472,Cyprus vs Bulgaria,16.11.18,Nations League 2018-2020,Bulgaria,BG,Kraev,['Bozhidar Kraev'],2018,Success
580,1474,Cyprus vs Norway,19.11.18,Nations League 2018-2020,Cyprus,CY,Sielis,['Valentinos Sielis'],2018,Success
581,1474,Cyprus vs Norway,19.11.18,Nations League 2018-2020,Cyprus,CY,Cham Kyriakou,['Charalampos Kyriakou'],2018,Success
582,1476,Lithuania vs Serbia,07.09.18,Nations League 2018-2020,Serbia,RS,Matic,['Nemanja Matic'],2018,Success
583,1478,Serbia vs Romania,10.09.18,Nations League 2018-2020,Serbia,RS,Lukic,['Sasa Lukic'],2018,Success
584,1481,Montenegro vs Serbia,11.10.18,Nations League 2018-2020,Serbia,RS,Lukic,['Sasa Lukic'],2018,Success
585,1482,Romania vs Serbia,14.10.18,Nations League 2018-2020,Serbia,RS,Lukic,['Sasa Lukic'],2018,Success
586,1484,Serbia vs Montenegro,17.11.18,Nations League 2018-2020,Serbia,RS,Matic,['Nemanja Matic'],2018,Success
587,1486,Serbia vs Lithuania,20.11.18,Nations League 2018-2020,Serbia,RS,Lukic,['Sasa Lukic'],2018,Success
588,1489,Latvia vs Andorra,06.09.18,Nations League 2018-2020,Andorra,AD,Jesús Rubio,['Jesús Rubio'],2018,Success
589,1489,Latvia vs Andorra,06.09.18,Nations League 2018-2020,Andorra,AD,Vales,['Marc Vales'],2018,Success
590,1491,Andorra vs Kazakhstan,10.09.18,Nations League 2018-2020,Andorra,AD,Vales,['Marc Vales'],2018,Success
591,1492,Georgia vs Andorra,13.10.18,Nations League 2018-2020,Andorra,AD,Vales,['Marc Vales'],2018,Success
592,1493,Latvia vs Kazakhstan,13.10.18,Nations League 2018-2020,Latvia,LV,Savaļnieks,['Roberts Savalnieks'],2018,Success
593,1494,Kazakhstan vs Andorra,16.10.18,Nations League 2018-2020,Andorra,AD,Jesús Rubio,['Jesús Rubio'],2018,Success
594,1494,Kazakhstan vs Andorra,16.10.18,Nations League 2018-2020,Andorra,AD,Vales,['Marc Vales'],2018,Success
595,1497,Andorra vs Georgia,15.11.18,Nations League 2018-2020,Andorra,AD,Vales,['Marc Vales'],2018,Success
596,1498,Andorra vs Latvia,19.11.18,Nations League 2018-2020,Andorra,AD,Vales,['Marc Vales'],2018,Success
597,1498,Andorra vs Latvia,19.11.18,Nations League 2018-2020,Latvia,LV,Savaļnieks,['Roberts Savalnieks'],2018,Success
598,1501,Luxembourg vs Moldova,08.09.18,Nations League 2018-2020,Luxembourg,LU,Rodrigues,['Gerson Rodrigues'],2018,Success
599,1501,Luxembourg vs Moldova,08.09.18,Nations League 2018-2020,Luxembourg,LU,Sinani,['Danel Sinani'],2018,Success
600,1501,Luxembourg vs Moldova,08.09.18,Nations League 2018-2020,Moldova,MD,Antoniuc,['Alexandru Antoniuc'],2018,Success
601,1502,San Marino vs Luxembourg,11.09.18,Nations League 2018-2020,Luxembourg,LU,Sinani,['Danel Sinani'],2018,Success
602,1503,Moldova vs Belarus,11.09.18,Nations League 2018-2020,Moldova,MD,Antoniuc,['Alexandru Antoniuc'],2018,Success
603,1504,Belarus vs Luxembourg,12.10.18,Nations League 2018-2020,Luxembourg,LU,Sinani,['Danel Sinani'],2018,Success
604,1505,Moldova vs San Marino,12.10.18,Nations League 2018-2020,Moldova,MD,Antoniuc,['Alexandru Antoniuc'],2018,Success
605,1506,Belarus vs Moldova,15.10.18,Nations League 2018-2020,Moldova,MD,Jardan,['Ion Jardan'],2018,Success
606,1506,Belarus vs Moldova,15.10.18,Nations League 2018-2020,Moldova,MD,Antoniuc,['Alexandru Antoniuc'],2018,Success
607,1507,Luxembourg vs San Marino,15.10.18,Nations League 2018-2020,Luxembourg,LU,Sinani,['Danel Sinani'],2018,Success
608,1508,San Marino vs Moldova,15.11.18,Nations League 2018-2020,Moldova,MD,Antoniuc,['Alexandru Antoniuc'],2018,Success
609,1509,Luxembourg vs Belarus,15.11.18,Nations League 2018-2020,Luxembourg,LU,Sinani,['Danel Sinani'],2018,Success
610,1511,Moldova vs Luxembourg,18.11.18,Nations League 2018-2020,Moldova,MD,Jardan,['Ion Jardan'],2018,Success
611,1511,Moldova vs Luxembourg,18.11.18,Nations League 2018-2020,Moldova,MD,Antoniuc,['Alexandru Antoniuc'],2018,Success
612,1512,Azerbaijan vs Kosovo,07.09.18,Nations League 2018-2020,Azerbaijan,AZ,Abbasov,Urfan Abbasov,2018,Success
613,1512,Azerbaijan vs Kosovo,07.09.18,Nations League 2018-2020,Azerbaijan,AZ,Garayev,['Kamran Agayev'],2018,Success
614,1512,Azerbaijan vs Kosovo,07.09.18,Nations League 2018-2020,Kosovo,XK,Rrahmani,['Amir Rrahmani'],2018,Success
615,1514,Kosovo vs Faroe Islands,10.09.18,Nations League 2018-2020,Kosovo,XK,Rrahmani,['Amir Rrahmani'],2018,Success
616,1515,Malta vs Azerbaijan,10.09.18,Nations League 2018-2020,Azerbaijan,AZ,Garayev,['Kamran Agayev'],2018,Success
617,1516,Faroe Islands vs Azerbaijan,11.10.18,Nations League 2018-2020,Azerbaijan,AZ,Mammadov,Rahil Mammadov,2018,Success
618,1516,Faroe Islands vs Azerbaijan,11.10.18,Nations League 2018-2020,Azerbaijan,AZ,Garayev,['Kamran Agayev'],2018,Success
